Fiscal Year,Employer,Industry,City,State,Petition Type,Approvals,Denials,Petitions,Approval %
2015,2233 PARADISE ROAD LLC,Finance and Insurance,LAS VEGAS,NV,Change of Employer,0.0,1.0,1.0,0.0
2015,2H OFFSHORE INC,"Professional, Scientific, and Technical Services",HOUSTON,TX,Continuation,1.0,0.0,1.0,1.0
2015,3M COMPANY,33 - Manufacturing,SAINT PAUL,MN,Change of Employer,1.0,0.0,1.0,1.0
2015,3SHARP LLC,"Professional, Scientific, and Technical Services",REDMOND,WA,Change of Employer,2.0,0.0,2.0,1.0
2015,AA SOFTWARE & NETWORKING INC,"Professional, Scientific, and Technical Services",SPRING,TX,Change of Employer,4.0,0.0,4.0,1.0
2015,AA SOLUTIONS INC,"Professional, Scientific, and Technical Services",SUGAR LAND,TX,New Employment,4.0,2.0,6.0,0.6666666666666666
2015,ACCOUNTING AND TAX PLANNING INC,"Professional, Scientific, and Technical Services",GARDEN CITY,NY,Continuation,1.0,0.0,1.0,1.0
2015,ACE COMMUNICATIONS CORP,"Professional, Scientific, and Technical Services",NORCROSS,GA,Continuation,1.0,0.0,1.0,1.0
2015,ADECCO GROUP NA / MODIS INC,"Professional, Scientific, and Technical Services",JACKSONVILLE,FL,Continuation,23.0,1.0,24.0,0.9583333333333334
2015,ADELPHIC INC,"Professional, Scientific, and Technical Services",IRVINE,CA,Continuation,1.0,0.0,1.0,1.0
2015,ADVANSOFT INTL INC,"Professional, Scientific, and Technical Services",ARLINGTON HEIGHTS,IL,Amended,5.0,2.0,7.0,0.7142857142857143
2015,ADVERTISE COM,"Professional, Scientific, and Technical Services",SHERMAN OAKS,CA,Continuation,2.0,0.0,2.0,1.0
2015,AETREX WORLDWIDE INC,33 - Manufacturing,NEW YORK,NY,New Employment,1.0,0.0,1.0,1.0
2015,AG TECHNOLOGIES LLC,"Professional, Scientific, and Technical Services",CHESTERFIELD,MO,New Employment,1.0,0.0,1.0,1.0
2015,AIVA TECHNOLOGY LLC,Utilities,MILPITAS,CA,New Concurrent,1.0,0.0,1.0,1.0
2015,ALBANY MEDICAL CENTER,Health Care and Social Assistance,ALBANY,NY,New Employment,1.0,0.0,1.0,1.0
2015,ALBECK FINANCIAL SERVICES INC,Finance and Insurance,HOUSTON,TX,New Employment,2.0,0.0,2.0,1.0
2015,ALIEN TECHNOLOGY LLC,"Professional, Scientific, and Technical Services",SAN FRANCISCO,CA,Change of Employer,1.0,0.0,1.0,1.0
2015,ALLIED INFORMATICS INC,"Professional, Scientific, and Technical Services",DULUTH,GA,Amended,1.0,0.0,1.0,1.0
2015,ALPHA NET CONSULTING LLC,"Professional, Scientific, and Technical Services",SANTA CLARA,CA,Change of Employer,3.0,1.0,4.0,0.75
2015,AMERICAN TELESOURCE INC,"Professional, Scientific, and Technical Services",EMERYVILLE,CA,Continuation,1.0,0.0,1.0,1.0
2015,AMERIHEALTH CARITAS,Finance and Insurance,PHILADELPHIA,PA,Change of Employer,6.0,0.0,6.0,1.0
2015,AMPCUS INC,"Professional, Scientific, and Technical Services",CHANTILLY,VA,Change with Same Employer,10.0,0.0,10.0,1.0
2015,AMPEL INC,33 - Manufacturing,ELK GROVE VILLAGE,IL,New Employment,1.0,0.0,1.0,1.0
2015,APEX INDUSTRIAL TECHNOLOGIES LLC D,33 - Manufacturing,MASON,OH,Change of Employer,2.0,0.0,2.0,1.0
2015,APOGEE MEDICAL GROUP KENTUCKY PSC,Health Care and Social Assistance,DALLAS,TX,New Employment,2.0,0.0,2.0,1.0
2015,APOGEE MEDICAL GROUP TENNESSEE PC,Health Care and Social Assistance,PULASKI,TN,New Employment,1.0,0.0,1.0,1.0
2015,APPLICATIONS SOFTWARE TECH CORP,"Professional, Scientific, and Technical Services",NAPERVILLE,IL,Change of Employer,2.0,1.0,3.0,0.6666666666666666
2015,APPSOFT SOLUTIONS INC,"Professional, Scientific, and Technical Services",TAMPA,FL,New Employment,4.0,0.0,4.0,1.0
2015,AQUILASYS INC,"Professional, Scientific, and Technical Services",METUCHEN,NJ,New Employment,1.0,0.0,1.0,1.0
2015,ARTERIOCYTE INC,"Professional, Scientific, and Technical Services",CLEVELAND,OH,Amended,2.0,0.0,2.0,1.0
2015,ARVATO DIGITAL SVCS LLC,Administrative and Support and Waste Management and Remediation Services,VALENCIA,CA,Change with Same Employer,1.0,0.0,1.0,1.0
2015,ASTRAZENECA LP,33 - Manufacturing,WILMINGTON,DE,Change of Employer,1.0,0.0,1.0,1.0
2015,AT&T CORP,Information,ADDISON,TX,Change with Same Employer,4.0,0.0,4.0,1.0
2015,ATIVA MEDICAL CORP,Health Care and Social Assistance,SAINT PAUL,MN,New Employment,1.0,0.0,1.0,1.0
2015,ATMEL CORP,33 - Manufacturing,SAN JOSE,CA,Change of Employer,8.0,0.0,8.0,1.0
2015,AVCO CONSULTING INC,"Professional, Scientific, and Technical Services",WORCESTER,MA,New Employment,90.0,2.0,92.0,0.9782608695652174
2015,AVICENNA TECHNOLOGY INC,33 - Manufacturing,MONTEVIDEO,MN,Continuation,1.0,0.0,1.0,1.0
2015,AVIONTE LLC,Information,EAGAN,MN,Amended,1.0,0.0,1.0,1.0
2015,B&F CAPITAL MARKETS INC,"Professional, Scientific, and Technical Services",CLEVELAND,OH,New Employment,1.0,0.0,1.0,1.0
2015,B3 CONSULTING GROUP INC,"Professional, Scientific, and Technical Services",CUMMING,GA,New Employment,1.0,0.0,1.0,1.0
2015,BARRICK CORTEZ INC,"Mining, Quarrying, and Oil and Gas Extraction",ELKO,NV,New Employment,1.0,0.0,1.0,1.0
2015,BENTLEY UNIVERSITY,Educational Services,WALTHAM,MA,New Employment,3.0,0.0,3.0,1.0
2015,BEST BENEFIT SOLUTIONS LLC,"Professional, Scientific, and Technical Services",HOUSTON,TX,Change of Employer,1.0,0.0,1.0,1.0
2015,BETH ISRAEL DEACONESS MED CTR INC,Health Care and Social Assistance,CAMBRIDGE,MA,Continuation,4.0,0.0,4.0,1.0
2015,BLADE LLC,Finance and Insurance,BOSTON,MA,New Employment,1.0,0.0,1.0,1.0
2015,BLUE CROSS & BLUE SHIELD OF FL INC,Finance and Insurance,JACKSONVILLE,FL,Change with Same Employer,11.0,0.0,11.0,1.0
2015,BLUESNAP INC FORMERLY PLIMUS INC,"Professional, Scientific, and Technical Services",WALTHAM,MA,Change of Employer,1.0,0.0,1.0,1.0
2015,BOTTLING GROUP LLC,33 - Manufacturing,WEST HARRISON,NY,New Employment,1.0,0.0,1.0,1.0
2015,BRANDING BRAND INC,"Professional, Scientific, and Technical Services",PITTSBURGH,PA,New Employment,3.0,0.0,3.0,1.0
2015,BRANDON ASSOCIATES LTD,"Professional, Scientific, and Technical Services",FARMINGDALE,NY,Change of Employer,1.0,0.0,1.0,1.0
2015,BRIGHTLINK TECHNOLOGY LLC,"Professional, Scientific, and Technical Services",ROSWELL,GA,New Employment,1.0,0.0,1.0,1.0
2015,BRIGHTON BEST INTL INC,Information,LONG BEACH,CA,Change with Same Employer,1.0,0.0,1.0,1.0
2015,BROOK CONSULTANTS INC,"Professional, Scientific, and Technical Services",PLANO,TX,Change of Employer,2.0,0.0,2.0,1.0
2015,BUDCO,"Professional, Scientific, and Technical Services",HIGHLAND PARK,MI,Change with Same Employer,1.0,0.0,1.0,1.0
2015,BUFFALO HEART GROUP LLP,Health Care and Social Assistance,BUFFALO,NY,Continuation,1.0,0.0,1.0,1.0
2015,BURLING BUILDERS INC,Construction,CHICAGO,IL,New Employment,2.0,0.0,2.0,1.0
2015,BUSINESS TECH SOFTWARE SOLUTIONS I,"Professional, Scientific, and Technical Services",FRISCO,TX,Change of Employer,2.0,0.0,2.0,1.0
2015,BUSITANTS INC,"Professional, Scientific, and Technical Services",PROVIDENCE,RI,New Employment,6.0,1.0,7.0,0.8571428571428571
2015,CALPINE CORPORATION,Utilities,HOUSTON,TX,Continuation,3.0,0.0,3.0,1.0
2015,CAMERON INTERNATIONAL CORPORATION,33 - Manufacturing,HOUSTON,TX,New Employment,2.0,0.0,2.0,1.0
2015,CAMPBELL SOUP COMPANY,33 - Manufacturing,CAMDEN,NJ,Change of Employer,1.0,0.0,1.0,1.0
2015,CAPTIVE AIRE SYSTEMS INC,"Professional, Scientific, and Technical Services",RALEIGH,NC,Change of Employer,1.0,0.0,1.0,1.0
2015,CARACO PHARMACEUTICAL LABORATORIES,33 - Manufacturing,CRANBURY,NJ,Continuation,1.0,0.0,1.0,1.0
2015,CASPIDA INC,Information,PALO ALTO,CA,Change of Employer,1.0,0.0,1.0,1.0
2015,CATAPULT SYSTEMS LLC,"Professional, Scientific, and Technical Services",AUSTIN,TX,Continuation,2.0,0.0,2.0,1.0
2015,CELER SYSTEMS INC,"Professional, Scientific, and Technical Services",FOLSOM,CA,Continuation,5.0,0.0,5.0,1.0
2015,CENTRAL VALLEY VETERINARY ASSO INC,"Professional, Scientific, and Technical Services",TRACY,CA,New Concurrent,1.0,0.0,1.0,1.0
2015,CHINESE MEDIA NET INC,"Professional, Scientific, and Technical Services",NEW YORK,NY,New Employment,1.0,0.0,1.0,1.0
2015,CHROME RIVER TECHNOLOGIES,"Professional, Scientific, and Technical Services",LOS ANGELES,CA,New Employment,1.0,0.0,1.0,1.0
2015,CITAGUS SOFTWARE USA INCORPORATED,"Professional, Scientific, and Technical Services",DULUTH,GA,Change with Same Employer,2.0,0.0,2.0,1.0
2015,CLEAR DEMAND INC,"Professional, Scientific, and Technical Services",SCOTTSDALE,AZ,Change of Employer,1.0,0.0,1.0,1.0
2015,CLEVELAND METROPOLITAN SCH DIST,Educational Services,CLEVELAND,OH,Change of Employer,1.0,0.0,1.0,1.0
2015,CLINICAL CARE OPTIONS LLC,Educational Services,RESTON,VA,New Employment,1.0,0.0,1.0,1.0
2015,CLOUDEEVA INC,"Professional, Scientific, and Technical Services",PISCATAWAY,NJ,New Employment,1.0,0.0,1.0,1.0
2015,COAL AUGER PRO INC,33 - Manufacturing,CARROLLTON,OH,New Employment,0.0,1.0,1.0,0.0
2015,COLLABORATE SOLUTIONS INC,"Professional, Scientific, and Technical Services",SHREWSBURY,MA,Change with Same Employer,3.0,0.0,3.0,1.0
2015,COMMERCIAL FOOD SANITATION L L C,"Professional, Scientific, and Technical Services",NEW ORLEANS,LA,Change of Employer,1.0,0.0,1.0,1.0
2015,COMMERCIAL ROOFING & WATERPROOFING,Construction,WAIPAHU,HI,Continuation,1.0,0.0,1.0,1.0
2015,COMMUNITY FAMILY LIFE SERVICES,Other Services (except Public Administration),WASHINGTON,DC,New Employment,1.0,0.0,1.0,1.0
2015,CONCEPT SCHOOLS NFP DBA HSA BELMON,Educational Services,CHICAGO,IL,New Employment,2.0,0.0,2.0,1.0
2015,CONVERSE COLLEGE,Educational Services,GREENVILLE,SC,Change of Employer,1.0,0.0,1.0,1.0
2015,CORE INGREDIENTS LLC,33 - Manufacturing,OPA LOCKA,FL,New Employment,1.0,0.0,1.0,1.0
2015,COSMETIC ESSENCE LLC,33 - Manufacturing,EAST BRUNSWICK,NJ,Continuation,2.0,0.0,2.0,1.0
2015,CROSSVISTA INC,Information,HINGHAM,MA,Change of Employer,0.0,1.0,1.0,0.0
2015,CT MULTISPECIALTY GROUP PC,Health Care and Social Assistance,ROCKY HILL,CT,Continuation,4.0,0.0,4.0,1.0
2015,CTR FOR COSMETIC & SEDATION DENTIS,Health Care and Social Assistance,LAWRENCEVILLE,GA,New Concurrent,1.0,0.0,1.0,1.0
2015,CUDD PRESSURE CONTROL INC DBA PATT,"Mining, Quarrying, and Oil and Gas Extraction",SPRING,TX,Continuation,1.0,0.0,1.0,1.0
2015,CYBAGE SOFTWARE INC,"Professional, Scientific, and Technical Services",REDMOND,WA,Continuation,8.0,0.0,8.0,1.0
2015,CYBERTEC INC,"Professional, Scientific, and Technical Services",RESTON,VA,Change of Employer,1.0,0.0,1.0,1.0
2015,CYGNUS PROFESSIONALS INC,"Professional, Scientific, and Technical Services",SOMERSET,NJ,Continuation,4.0,0.0,4.0,1.0
2015,D&M HOLDINGS US INC,33 - Manufacturing,MAHWAH,NJ,Continuation,1.0,0.0,1.0,1.0
2015,DAILYMOTION INC,Information,NEW YORK,NY,Change of Employer,3.0,0.0,3.0,1.0
2015,DASHBID MEDIA LLC,Information,NEW YORK,NY,Change of Employer,1.0,0.0,1.0,1.0
2015,DEALERTRACK REGISTRATION & TITLING,Finance and Insurance,NEW HYDE PARK,NY,Change of Employer,1.0,0.0,1.0,1.0
2015,DEEBECON INC,"Professional, Scientific, and Technical Services",NASHUA,NH,New Employment,4.0,9.0,13.0,0.3076923076923077
2015,DELAWARE STATE UNIV,Educational Services,DOVER,DE,Change of Employer,1.0,0.0,1.0,1.0
2015,DENARII SYSTEMS LLC,Finance and Insurance,MIAMI,FL,Continuation,2.0,0.0,2.0,1.0
2015,DENNY T CHIU DOCTOR OF CHIROPRACTI,Health Care and Social Assistance,TEMPLE CITY,CA,New Employment,1.0,0.0,1.0,1.0
2015,DENVER HEALTH & HOSP AUTHORITY,Health Care and Social Assistance,DENVER,CO,Amended,0.0,1.0,1.0,0.0
2015,DENVER LANGUAGE SCHOOL,Educational Services,DENVER,CO,Continuation,2.0,0.0,2.0,1.0
2015,DEPAUL UNIVERSITY,Educational Services,CHICAGO,IL,Continuation,3.0,0.0,3.0,1.0
2015,DIARING INC,Wholesale Trade,LOS ANGELES,CA,Continuation,1.0,0.0,1.0,1.0
2015,DIASSESS INC,33 - Manufacturing,BERKELEY,CA,Change of Employer,1.0,0.0,1.0,1.0
2015,DIGIPEN USA CORP,Educational Services,REDMOND,WA,Continuation,3.0,0.0,3.0,1.0
2015,DIVERSICARE THERAPY SERVICES LLC,Health Care and Social Assistance,BRENTWOOD,TN,Amended,1.0,0.0,1.0,1.0
2015,DOORDASH INC,"Professional, Scientific, and Technical Services",SAN FRANCISCO,CA,Amended,1.0,0.0,1.0,1.0
2015,DOOSAN INFO & COMMUNICATIONS AMERI,"Professional, Scientific, and Technical Services",WEST FARGO,ND,Change of Employer,1.0,0.0,1.0,1.0
2015,DRIP CAPITAL INC,Finance and Insurance,SUNNYVALE,CA,New Employment,1.0,0.0,1.0,1.0
2015,DST TECHNOLOGIES INC,"Professional, Scientific, and Technical Services",KANSAS CITY,MO,New Employment,4.0,0.0,4.0,1.0
2015,DTZ INC,Real Estate and Rental and Leasing,CHICAGO,IL,New Employment,1.0,0.0,1.0,1.0
2015,DUN & BRADSTREET INC,Information,SHORT HILLS,NJ,Continuation,1.0,0.0,1.0,1.0
2015,DUVAL COUNTY PUBLIC SCHOOLS,Educational Services,JACKSONVILLE,FL,New Employment,1.0,1.0,2.0,0.5
2015,EDGEWOOD COLLEGE,Educational Services,MADISON,WI,New Employment,3.0,0.0,3.0,1.0
2015,EDICO GENOME CORP,"Professional, Scientific, and Technical Services",LA JOLLA,CA,Change of Employer,1.0,0.0,1.0,1.0
2015,EDP RENEWABLES NORTH AMERICA LLC,Utilities,HOUSTON,TX,Continuation,4.0,1.0,5.0,0.8
2015,EDSA INC,"Professional, Scientific, and Technical Services",FORT LAUDERDALE,FL,Change of Employer,1.0,0.0,1.0,1.0
2015,EMINENT SOFTWARE SERVICES,"Professional, Scientific, and Technical Services",EAST WINDSOR,CT,Change with Same Employer,1.0,0.0,1.0,1.0
2015,ENCORE SOFTWARE SVCS,"Professional, Scientific, and Technical Services",SAN JOSE,CA,Change with Same Employer,1.0,0.0,1.0,1.0
2015,ENTERPRISE PALS INC,"Professional, Scientific, and Technical Services",OVERLAND PARK,KS,New Employment,1.0,0.0,1.0,1.0
2015,EVEREST CAPITAL LLC,Finance and Insurance,MIAMI,FL,Continuation,1.0,0.0,1.0,1.0
2015,FARMERS INSURANCE EXCHANGE,Finance and Insurance,CHICAGO,IL,New Employment,1.0,0.0,1.0,1.0
2015,FARMWORKER & LANDSCAPER ADVOCACY P,"Professional, Scientific, and Technical Services",CHICAGO,IL,Continuation,1.0,0.0,1.0,1.0
2015,FDN ADMINISTRATIVE SVCS INC,"Professional, Scientific, and Technical Services",RIVERSIDE,CA,New Employment,1.0,0.0,1.0,1.0
2015,FIRST CONSULTING GROUP LLC,"Professional, Scientific, and Technical Services",MONROEVILLE,PA,Continuation,1.0,0.0,1.0,1.0
2015,FLEXTRONICS INTL USA INC,"Professional, Scientific, and Technical Services",SAN JOSE,CA,New Employment,7.0,1.0,8.0,0.875
2015,FLEXTRONICS INTL USA INC,"Professional, Scientific, and Technical Services",SAN JOSE,CA,Change of Employer,2.0,0.0,2.0,1.0
2015,FLORIDA CANCER SPECIALISTS PL,Health Care and Social Assistance,FORT MYERS,FL,Change of Employer,2.0,0.0,2.0,1.0
2015,FOLGER HILL ASSET MANAGEMENT LP,Finance and Insurance,NEW YORK,NY,Change of Employer,1.0,0.0,1.0,1.0
2015,FORMIDABLE ASSET MANAGEMENT LLC,Finance and Insurance,CINCINNATI,OH,New Employment,1.0,0.0,1.0,1.0
2015,FREEPORT MCMORAN SAFFORD INC,"Mining, Quarrying, and Oil and Gas Extraction",PHOENIX,AZ,Change of Employer,2.0,0.0,2.0,1.0
2015,FUJIFILM HOLDINGS AMERICA CORP,Management of Companies and Enterprises,VALHALLA,NY,Continuation,1.0,0.0,1.0,1.0
2015,FUTURE BARS INC,Accommodation and Food Services,SAN FRANCISCO,CA,New Employment,0.0,1.0,1.0,0.0
2015,FUTURE TODAY INC,Information,SAINT PETERSBURG,FL,New Employment,3.0,0.0,3.0,1.0
2015,FXFOWLE ARCHITECTS LLP,"Professional, Scientific, and Technical Services",NEW YORK,NY,New Employment,1.0,0.0,1.0,1.0
2015,GAINSPAN CORPORATION,33 - Manufacturing,SAN JOSE,CA,Change of Employer,2.0,0.0,2.0,1.0
2015,GAMELOFT INC,Information,NEW YORK,NY,New Employment,5.0,0.0,5.0,1.0
2015,GEMINI TANKERS LLC,49 - Transportation and Warehousing,STAMFORD,CT,Amended,1.0,0.0,1.0,1.0
2015,GI-STEP RECORDS INC DBA GIANT STEP,"Arts, Entertainment, and Recreation",BROOKLYN,NY,Continuation,1.0,0.0,1.0,1.0
2015,GIC SPECIAL INVESTMENTS PTE LTD,Finance and Insurance,NEW YORK,NY,Change of Employer,1.0,0.0,1.0,1.0
2015,GIDDY INC D/B/A BOXED WHOLESALE,45 - Retail Trade,EDISON,NJ,Change of Employer,1.0,0.0,1.0,1.0
2015,GLOBAL MAIL INC DBA DHL GLOBAL MAI,49 - Transportation and Warehousing,FORT LAUDERDALE,FL,Change with Same Employer,1.0,0.0,1.0,1.0
2015,GLOBALTEK SYSTEMS LLC,"Professional, Scientific, and Technical Services",ISELIN,NJ,Change with Same Employer,3.0,0.0,3.0,1.0
2015,GRAPHIC INFO SYSTEMS INC DBA GISI,"Professional, Scientific, and Technical Services",DURHAM,OR,New Employment,1.0,0.0,1.0,1.0
2015,HEALTH DELIVERY INC,Health Care and Social Assistance,SAGINAW,MI,Continuation,1.0,0.0,1.0,1.0
2015,HEWLETT PACKARD COMPANY,33 - Manufacturing,HOUSTON,TX,Continuation,2.0,0.0,2.0,1.0
2015,HEXAWARE TECHNOLOGIES INC,"Professional, Scientific, and Technical Services",MONROE TOWNSHIP,NJ,New Employment,166.0,3.0,169.0,0.9822485207100592
2015,HH MEDSTAR HEALTH INC,Health Care and Social Assistance,COLUMBIA,MD,Change with Same Employer,1.0,0.0,1.0,1.0
2015,HNS DESIGN CORP,45 - Retail Trade,WASHINGTON,DC,Amended,0.0,1.0,1.0,0.0
2015,HOMESTEAD GROCERY MART INC,45 - Retail Trade,HOLYOKE,MA,Continuation,1.0,0.0,1.0,1.0
2015,HOSPITAL AUTHORITY OF THE CITY OF,Health Care and Social Assistance,BAINBRIDGE,GA,Continuation,1.0,0.0,1.0,1.0
2015,HP ENTERPRISE SVCS LLC A HEWLETT P,"Professional, Scientific, and Technical Services",PALO ALTO,CA,Amended,6.0,0.0,6.0,1.0
2015,HUDSON AMERICAS LLC,Finance and Insurance,DALLAS,TX,Change of Employer,3.0,0.0,3.0,1.0
2015,HUDSON TURKISH AMERICAN CULTURAL A,Other Services (except Public Administration),PALISADES PARK,NJ,New Employment,1.0,1.0,2.0,0.5
2015,I SCOPE TECHNOLOGY INC,"Professional, Scientific, and Technical Services",VIENNA,VA,New Employment,1.0,1.0,2.0,0.5
2015,IBS SOFTWARE SERVICES AMERICAS INC,"Professional, Scientific, and Technical Services",ATLANTA,GA,Change with Same Employer,1.0,0.0,1.0,1.0
2015,ICONSOFT INC,"Professional, Scientific, and Technical Services",BURLINGTON,MA,New Employment,1.0,0.0,1.0,1.0
2015,IGNITION PRINT LLC,"Professional, Scientific, and Technical Services",LOS ANGELES,CA,New Employment,1.0,0.0,1.0,1.0
2015,IHEARTMEDIA MANAGEMENT SVCS INC,Information,NEW YORK,NY,New Employment,1.0,0.0,1.0,1.0
2015,INDEPENDENT PROJECT ANALYSIS INC,"Professional, Scientific, and Technical Services",ASHBURN,VA,New Employment,3.0,0.0,3.0,1.0
2015,INFO SERVICES LLC,"Professional, Scientific, and Technical Services",LIVONIA,MI,Change with Same Employer,4.0,0.0,4.0,1.0
2015,INFOLOGITECH INC,"Professional, Scientific, and Technical Services",PRINCETON,NJ,Change with Same Employer,1.0,0.0,1.0,1.0
2015,INFOVISION21 INC,"Professional, Scientific, and Technical Services",DUBLIN,OH,Amended,1.0,0.0,1.0,1.0
2015,INGERSOLL RAND COMPANY,33 - Manufacturing,PISCATAWAY,NJ,Continuation,2.0,0.0,2.0,1.0
2015,INGRAM MICRO INC,"Professional, Scientific, and Technical Services",SANTA ANA,CA,Change of Employer,6.0,0.0,6.0,1.0
2015,INNOVATECH SOLUTIONS INC,"Professional, Scientific, and Technical Services",MONROE TOWNSHIP,NJ,Change with Same Employer,4.0,1.0,5.0,0.8
2015,INPHENIX INC,33 - Manufacturing,LIVERMORE,CA,Continuation,1.0,0.0,1.0,1.0
2015,INSTINET HOLDINGS INCORPORATED,Finance and Insurance,NEW YORK,NY,Change of Employer,2.0,0.0,2.0,1.0
2015,INTL CITY/COUNTY MGT ASSOCIATION,Other Services (except Public Administration),WASHINGTON,DC,New Employment,1.0,0.0,1.0,1.0
2015,INVENSYS SYSTEMS INC,"Professional, Scientific, and Technical Services",PLANO,TX,Change of Employer,2.0,1.0,3.0,0.6666666666666666
2015,INVESERVE CORP,Real Estate and Rental and Leasing,ALHAMBRA,CA,New Employment,1.0,0.0,1.0,1.0
2015,INVESTCORP INTERNATIONAL INC,Finance and Insurance,NEW YORK,NY,Change of Employer,2.0,0.0,2.0,1.0
2015,INVESTOR ANALYTICS LLC,Finance and Insurance,NEW YORK,NY,Continuation,1.0,0.0,1.0,1.0
2015,INVICKTUS INC,"Professional, Scientific, and Technical Services",NOVI,MI,New Employment,1.0,0.0,1.0,1.0
2015,IPOLARITY LLC,"Professional, Scientific, and Technical Services",PISCATAWAY,NJ,New Employment,18.0,4.0,22.0,0.8181818181818182
2015,IQE KC LLC,33 - Manufacturing,BETHLEHEM,PA,Continuation,1.0,0.0,1.0,1.0
2015,ITECH US INC,"Professional, Scientific, and Technical Services",SOUTH BURLINGTON,VT,Continuation,70.0,0.0,70.0,1.0
2015,J F SHEA CONSTRUCTION INC,Construction,WALNUT,CA,Change of Employer,1.0,0.0,1.0,1.0
2015,JIANJUN LI GI MEDICAL PC,Health Care and Social Assistance,BROOKLYN,NY,New Employment,1.0,0.0,1.0,1.0
2015,JOBVITE INC,"Professional, Scientific, and Technical Services",SAN MATEO,CA,New Employment,2.0,0.0,2.0,1.0
2015,K9 SYS INC,"Professional, Scientific, and Technical Services",COLUMBUS,OH,Continuation,1.0,0.0,1.0,1.0
2015,KAMAKURA CORP,Information,HONOLULU,HI,New Employment,1.0,0.0,1.0,1.0
2015,KOO ELECTRIC SERVICE,Construction,HONOLULU,HI,New Employment,1.0,0.0,1.0,1.0
2015,KOVAN TECHNOLOGY SOLUTIONS LLC,"Professional, Scientific, and Technical Services",KATY,TX,New Employment,2.0,0.0,2.0,1.0
2015,L&F DISTRIBUTORS,Wholesale Trade,MCALLEN,TX,Amended,1.0,0.0,1.0,1.0
2015,LANCASTER DENTAL ARTS PC,Health Care and Social Assistance,FORT WASHINGTON,PA,Change of Employer,1.0,0.0,1.0,1.0
2015,LANDDESIGN INC,"Professional, Scientific, and Technical Services",ENOLA,PA,New Employment,1.0,0.0,1.0,1.0
2015,LARKSPUR LAND GROUP LLC,"Professional, Scientific, and Technical Services",PITTSBURGH,PA,New Employment,2.0,0.0,2.0,1.0
2015,LBC GOURMET BREAD LLC,33 - Manufacturing,MIAMI,FL,New Employment,1.0,0.0,1.0,1.0
2015,LESLIES POOLMART INC,Wholesale Trade,PHOENIX,AZ,New Employment,1.0,0.0,1.0,1.0
2015,LEVITAS CORP,"Professional, Scientific, and Technical Services",ISSAQUAH,WA,New Employment,0.0,1.0,1.0,0.0
2015,LEWIS UNIVERSITY,Educational Services,ROMEOVILLE,IL,New Employment,1.0,0.0,1.0,1.0
2015,LINCOLN NATIONAL CORPORATION,Finance and Insurance,RADNOR,PA,Change of Employer,2.0,0.0,2.0,1.0
2015,LOGIC HOUSE LTD,"Professional, Scientific, and Technical Services",INDIO,CA,Continuation,1.0,0.0,1.0,1.0
2015,LORSHI SYSTEMS LLC,"Professional, Scientific, and Technical Services",TAMPA,FL,Change with Same Employer,2.0,0.0,2.0,1.0
2015,LOUISIANA STATE UNIV INTL SRVCS OF,Educational Services,BATON ROUGE,LA,Change with Same Employer,1.0,0.0,1.0,1.0
2015,LSI CORP AN AVAGO TECHNOLOGIES CO,33 - Manufacturing,SAN JOSE,CA,Amended,13.0,0.0,13.0,1.0
2015,M3BI LLC,"Professional, Scientific, and Technical Services",SCOTTSDALE,AZ,Change of Employer,4.0,0.0,4.0,1.0
2015,MACLACHLAN CORNELIUS & FILONI INC,"Professional, Scientific, and Technical Services",PITTSBURGH,PA,New Employment,1.0,0.0,1.0,1.0
2015,MAERSK AGENCY USA INC,49 - Transportation and Warehousing,CHARLOTTE,NC,Change of Employer,1.0,0.0,1.0,1.0
2015,MAIMONIDES MEDICAL CENTER,Health Care and Social Assistance,BROOKLYN,NY,Amended,3.0,0.0,3.0,1.0
2015,MAJESCO SOFTWARE AND SOLUTIONS INC,"Professional, Scientific, and Technical Services",NEW YORK,NY,Amended,18.0,0.0,18.0,1.0
2015,MARSHALL COUNTY HOSPITAL,Health Care and Social Assistance,BENTON,KY,Continuation,3.0,0.0,3.0,1.0
2015,MASTEC SERVICES COMPANY INC,Construction,MIAMI,FL,Continuation,2.0,0.0,2.0,1.0
2015,MASTERCARD INTL INCORPORATED,Finance and Insurance,PURCHASE,NY,Change with Same Employer,9.0,0.0,9.0,1.0
2015,MCLAB AKA MOLECULAR CLONING LABORA,"Professional, Scientific, and Technical Services",SOUTH SAN FRANCISCO,CA,Continuation,1.0,0.0,1.0,1.0
2015,MICRO2MEGA INC,"Professional, Scientific, and Technical Services",ENGLEWOOD,CO,New Employment,1.0,0.0,1.0,1.0
2015,MICROSEMI FREQUENCY & TIME CORP,33 - Manufacturing,SAN JOSE,CA,Change with Same Employer,1.0,0.0,1.0,1.0
2015,MIRAGE SOFTWARE INC DBA BOURNTEC S,"Professional, Scientific, and Technical Services",SCHAUMBURG,IL,Change of Employer,1.0,0.0,1.0,1.0
2015,MISSOURI STATE UNIVERSITY,Educational Services,SPRINGFIELD,MO,Change of Employer,1.0,0.0,1.0,1.0
2015,MISTRAL ARCHITECTURAL METAL & GLAS,33 - Manufacturing,WOODSIDE,NY,New Employment,1.0,0.0,1.0,1.0
2015,MONONGAHELA VALLEY ASSO OF HEALTH,Health Care and Social Assistance,FAIRMONT,WV,Continuation,1.0,0.0,1.0,1.0
2015,MORGAN STANLEY INVESTMENT MGT INC,Finance and Insurance,NEW YORK,NY,Continuation,3.0,0.0,3.0,1.0
2015,MVHE INC,Health Care and Social Assistance,DAYTON,OH,Amended,1.0,0.0,1.0,1.0
2015,MY SUPPLY CHAIN GROUP LLC,"Professional, Scientific, and Technical Services",MOODY,AL,Change of Employer,1.0,0.0,1.0,1.0
2015,N WESTCHESTER RESTORATIVE THERAPY,Health Care and Social Assistance,MOHEGAN LAKE,NY,New Employment,1.0,0.0,1.0,1.0
2015,NAMCHAK LLC,Other Services (except Public Administration),MISSOULA,MT,New Employment,1.0,0.0,1.0,1.0
2015,NATIONAL BEVERAGE CORP,33 - Manufacturing,FORT LAUDERDALE,FL,New Employment,1.0,0.0,1.0,1.0
2015,NATURAL PARTNERS INC,45 - Retail Trade,SCOTTSDALE,AZ,Change of Employer,1.0,0.0,1.0,1.0
2015,NCS PEARSON INC,"Professional, Scientific, and Technical Services",BLOOMINGTON,MN,Amended,4.0,0.0,4.0,1.0
2015,NDO AMERICA INC,"Professional, Scientific, and Technical Services",RANCHO DOMINGUEZ,CA,New Employment,1.0,0.0,1.0,1.0
2015,NEPHROLOGY ASSO INC D/B/A THE RENA,Health Care and Social Assistance,POLAND,OH,New Employment,1.0,0.0,1.0,1.0
2015,NEXUS IS INC,"Professional, Scientific, and Technical Services",IRVINE,CA,Change of Employer,1.0,0.0,1.0,1.0
2015,NFOLKS LLC,"Professional, Scientific, and Technical Services",BELLEVUE,WA,Change of Employer,1.0,0.0,1.0,1.0
2015,NIAGARA BOTTLING LLC,33 - Manufacturing,ONTARIO,CA,Continuation,2.0,0.0,2.0,1.0
2015,NORTH SHORE EMBROIDERY,33 - Manufacturing,DEERFIELD BEACH,FL,New Employment,0.0,1.0,1.0,0.0
2015,NORVA BARBER SUPPLY LTD,Wholesale Trade,NORFOLK,VA,Continuation,1.0,0.0,1.0,1.0
2015,NOVIYA SYSTEMS LLC,"Professional, Scientific, and Technical Services",FOLSOM,CA,Amended,1.0,0.0,1.0,1.0
2015,NRG ENERGY INC,Utilities,PRINCETON,NJ,New Employment,4.0,0.0,4.0,1.0
2015,OMAK PHARMACY INC,45 - Retail Trade,OMAK,WA,Continuation,1.0,0.0,1.0,1.0
2015,ONSTAR CORP,33 - Manufacturing,DETROIT,MI,Continuation,1.0,0.0,1.0,1.0
2015,ORACLE AMERICA INC,Information,REDWOOD CITY,CA,Change with Same Employer,17.0,0.0,17.0,1.0
2015,OSF SAINT FRANCIS MEDICAL CENTER,Health Care and Social Assistance,PEORIA,IL,Continuation,5.0,0.0,5.0,1.0
2015,OTM LABS INC,"Professional, Scientific, and Technical Services",ELLICOTT CITY,MD,New Employment,1.0,0.0,1.0,1.0
2015,OZBURN-HESSEY LOGISTICS LLC,"Professional, Scientific, and Technical Services",BRENTWOOD,TN,Change of Employer,16.0,1.0,17.0,0.9411764705882352
2015,PACIFIC LIFE INSURANCE COMPANY,Finance and Insurance,NEWPORT BEACH,CA,Amended,1.0,0.0,1.0,1.0
2015,PARADIGM GEOPHYSICAL CORPORATION,Information,HOUSTON,TX,New Employment,2.0,0.0,2.0,1.0
2015,PARTNERSHIP FOR EDUCATIONAL EXCELL,"Professional, Scientific, and Technical Services",SEATTLE,WA,New Employment,0.0,1.0,1.0,0.0
2015,PATIENTS SATISFACTION PLUS LLC,"Professional, Scientific, and Technical Services",DULUTH,GA,Change of Employer,1.0,0.0,1.0,1.0
2015,PEGASUS KNOWLEDGE SOLUTIONS INC,"Professional, Scientific, and Technical Services",SCHAUMBURG,IL,Continuation,2.0,0.0,2.0,1.0
2015,PENNINGTON INDUSTRIES,33 - Manufacturing,TUTTLE,OK,Continuation,1.0,0.0,1.0,1.0
2015,PENTAIR SSC US CO,Construction,MINNEAPOLIS,MN,Change of Employer,1.0,0.0,1.0,1.0
2015,PEOPLENTECH LLC,"Professional, Scientific, and Technical Services",VIENNA,VA,Change of Employer,0.0,1.0,1.0,0.0
2015,PERKINS EASTMAN ARCHITECTS PC,"Professional, Scientific, and Technical Services",ENOLA,PA,New Employment,6.0,0.0,6.0,1.0
2015,PERRY ELLIS INTERNATIONAL INC,Wholesale Trade,MIAMI,FL,New Employment,1.0,0.0,1.0,1.0
2015,PILLSBURY WINTHROP SHAW PITTMAN LL,"Professional, Scientific, and Technical Services",SAN FRANCISCO,CA,Continuation,2.0,1.0,3.0,0.6666666666666666
2015,PJM UNLIMITED LLC DBA COMPLETE RX,45 - Retail Trade,BROWNSVILLE,TX,Change of Employer,1.0,0.0,1.0,1.0
2015,PLASMA-THERM LLC,33 - Manufacturing,SAINT PETERSBURG,FL,Change with Same Employer,1.0,0.0,1.0,1.0
2015,POPULUS GROUP,Administrative and Support and Waste Management and Remediation Services,TROY,MI,Continuation,86.0,1.0,87.0,0.9885057471264368
2015,PRECISION CONSTRUCTION & CONTRACTI,Construction,LONE JACK,MO,New Employment,1.0,0.0,1.0,1.0
2015,PREFERRED PROPPANTS LLC,"Mining, Quarrying, and Oil and Gas Extraction",WAYNE,PA,New Employment,1.0,0.0,1.0,1.0
2015,PRICEWATERHOUSECOOPERS ADVISORY LL,"Professional, Scientific, and Technical Services",TAMPA,FL,Amended,4.0,0.0,4.0,1.0
2015,PROVIDENCE PHYSICIAN SVCS CO,Health Care and Social Assistance,SPOKANE,WA,New Employment,3.0,0.0,3.0,1.0
2015,PTC INC,"Professional, Scientific, and Technical Services",BOSTON,MA,Change of Employer,7.0,0.0,7.0,1.0
2015,PURETEK CORPORATION,33 - Manufacturing,SAN FERNANDO,CA,New Employment,2.0,0.0,2.0,1.0
2015,QUALITAU INC,33 - Manufacturing,MOUNTAIN VIEW,CA,Continuation,1.0,0.0,1.0,1.0
2015,QUALITY EDUCATION ACADEMY,Educational Services,WINSTON SALEM,NC,Continuation,3.0,0.0,3.0,1.0
2015,QUICKEN LOANS INC,Finance and Insurance,DETROIT,MI,Change of Employer,3.0,0.0,3.0,1.0
2015,R2 TECHNOLOGIES LLC,"Professional, Scientific, and Technical Services",FARMINGTON,MI,Change with Same Employer,1.0,0.0,1.0,1.0
2015,R3 TECHNOLOGY INC,"Professional, Scientific, and Technical Services",HILLSBOROUGH,NJ,Change of Employer,3.0,0.0,3.0,1.0
2015,RAFI PROPERTIES LLC,Real Estate and Rental and Leasing,BOSTON,MA,New Employment,1.0,0.0,1.0,1.0
2015,RALPH LAUREN CORPORATION,45 - Retail Trade,LYNDHURST,NJ,Change of Employer,11.0,0.0,11.0,1.0
2015,RANDSTAD GENERAL PARTNER US LLC,Administrative and Support and Waste Management and Remediation Services,ATLANTA,GA,Change of Employer,1.0,0.0,1.0,1.0
2015,REFLEXION NETWORKS INC,"Professional, Scientific, and Technical Services",WOBURN,MA,Change of Employer,1.0,0.0,1.0,1.0
2015,REGIONAL TRANSPORTATION DISTRICT,49 - Transportation and Warehousing,DENVER,CO,Change of Employer,1.0,0.0,1.0,1.0
2015,RESULTS POSITIVE INC,"Professional, Scientific, and Technical Services",QUEEN CREEK,AZ,New Employment,0.0,1.0,1.0,0.0
2015,RIVER CITY EDUCATION SERVICES INC,Educational Services,JACKSONVILLE,FL,Change of Employer,1.0,0.0,1.0,1.0
2015,ROBERT F KENNEDY CTR FOR JUSTICE &,Other Services (except Public Administration),NEW YORK,NY,New Employment,1.0,0.0,1.0,1.0
2015,ROCHESTER GENERAL HOSPITAL,Health Care and Social Assistance,ROCHESTER,NY,Change with Same Employer,1.0,0.0,1.0,1.0
2015,ROLLS ROYCE ENERGY SYSTEMS INC,33 - Manufacturing,RESTON,VA,Continuation,1.0,0.0,1.0,1.0
2015,ROSETTA MARKETING GROUP LLC,"Professional, Scientific, and Technical Services",CLEVELAND,OH,Continuation,1.0,0.0,1.0,1.0
2015,RTI LABORATORIES INC,"Professional, Scientific, and Technical Services",LIVONIA,MI,New Employment,1.0,0.0,1.0,1.0
2015,RUDOLPH & SLETTEN INC,Construction,REDWOOD CITY,CA,Change with Same Employer,2.0,0.0,2.0,1.0
2015,S TEXAS INFECTIOUS DISEASES CONSUL,Health Care and Social Assistance,MCALLEN,TX,Continuation,1.0,0.0,1.0,1.0
2015,SA MOBILE LLC,"Arts, Entertainment, and Recreation",LOS ANGELES,CA,Change of Employer,1.0,1.0,2.0,0.5
2015,SAINT PETERS UNIVERSITY HOSPITAL,Health Care and Social Assistance,NEW BRUNSWICK,NJ,Continuation,1.0,0.0,1.0,1.0
2015,SAN MIGUEL CLINIC CORP DBA ALTA VI,Health Care and Social Assistance,LAS VEGAS,NM,New Employment,1.0,0.0,1.0,1.0
2015,SAPOT SYSTEMS INC,"Professional, Scientific, and Technical Services",HOUSTON,TX,Continuation,2.0,0.0,2.0,1.0
2015,SC SOLUTIONS INC,"Professional, Scientific, and Technical Services",SUNNYVALE,CA,Continuation,1.0,0.0,1.0,1.0
2015,SEKIGUCHI CORP DBA THE ISLAND KING,Wholesale Trade,TAMUNING,GU,New Employment,1.0,0.0,1.0,1.0
2015,SHIPCO TRANSPORT INC,49 - Transportation and Warehousing,HOBOKEN,NJ,New Employment,0.0,1.0,1.0,0.0
2015,SIGMA ENGINEERING INC,"Professional, Scientific, and Technical Services",CHICAGO,IL,Continuation,1.0,0.0,1.0,1.0
2015,SIRI INFOSOLUTIONS INC,"Professional, Scientific, and Technical Services",EDISON,NJ,Continuation,17.0,2.0,19.0,0.8947368421052632
2015,SKYFIRE LABS INC AN OPERA SOFTWARE,"Professional, Scientific, and Technical Services",SUNNYVALE,CA,Change with Same Employer,1.0,0.0,1.0,1.0
2015,SLR CONTRACTING & SERVICE CO INC,Construction,BUFFALO,NY,Change of Employer,1.0,0.0,1.0,1.0
2015,SMALLBOARD COM,"Professional, Scientific, and Technical Services",PASADENA,CA,Change of Employer,3.0,0.0,3.0,1.0
2015,SMART INFORMATION MGT SYSTEMS INC,"Professional, Scientific, and Technical Services",PLAINSBORO,NJ,Amended,6.0,0.0,6.0,1.0
2015,SOFTWARE PROFESSIONALS INC,"Professional, Scientific, and Technical Services",FLOWER MOUND,TX,Continuation,5.0,0.0,5.0,1.0
2015,SOGETI USA LLC,"Professional, Scientific, and Technical Services",DAYTON,OH,New Employment,12.0,0.0,12.0,1.0
2015,SONY ELECTRONICS INC,33 - Manufacturing,CULVER CITY,CA,New Employment,1.0,0.0,1.0,1.0
2015,SPONSELLER GROUP INC,"Professional, Scientific, and Technical Services",HOLLAND,OH,New Employment,1.0,0.0,1.0,1.0
2015,SPX FLOW US LLC D/B/A SPX HYDRALIC,33 - Manufacturing,ROCKFORD,IL,Change of Employer,1.0,0.0,1.0,1.0
2015,ST VINCENT S MEDICAL CENTER,Health Care and Social Assistance,BRIDGEPORT,CT,Change of Employer,1.0,0.0,1.0,1.0
2015,STANDARD INSURANCE COMPANY,Finance and Insurance,PORTLAND,OR,Continuation,1.0,0.0,1.0,1.0
2015,STANFORD UNIVERSITY,Educational Services,STANFORD,CA,New Employment,2.0,0.0,2.0,1.0
2015,STATELESS NETWORKS INC,"Professional, Scientific, and Technical Services",SAN FRANCISCO,CA,Change of Employer,1.0,0.0,1.0,1.0
2015,STEEL DYNAMICS COLUMBUS LLC,33 - Manufacturing,COLUMBUS,MS,New Employment,1.0,0.0,1.0,1.0
2015,STRATAPPS INC,"Professional, Scientific, and Technical Services",FREMONT,CA,Continuation,2.0,0.0,2.0,1.0
2015,STRATEGIC SOLUTIONS GROUP LLC,"Professional, Scientific, and Technical Services",NEEDHAM HEIGHTS,MA,New Employment,3.0,0.0,3.0,1.0
2015,STRYKER MEDICAL A DIVISION OF STRY,33 - Manufacturing,PORTAGE,MI,Change of Employer,1.0,0.0,1.0,1.0
2015,STUDIOS ARCHITECTURE,"Professional, Scientific, and Technical Services",WASHINGTON,DC,Change of Employer,2.0,0.0,2.0,1.0
2015,SYNCSORT INC,"Professional, Scientific, and Technical Services",WOODCLIFF LAKE,NJ,New Employment,3.0,0.0,3.0,1.0
2015,TAKE ENTERPRISE SERVICES INC,"Professional, Scientific, and Technical Services",PRINCETON,NJ,Continuation,1.0,0.0,1.0,1.0
2015,TAKI LAW OFFICES A PROFESSIONAL CO,"Professional, Scientific, and Technical Services",NEWPORT BEACH,CA,Continuation,1.0,0.0,1.0,1.0
2015,TEACH FOR AMERICA,Other Services (except Public Administration),CHICAGO,IL,Change with Same Employer,3.0,0.0,3.0,1.0
2015,TECHNO-COMP INC,"Professional, Scientific, and Technical Services",SOMERSET,NJ,New Employment,22.0,0.0,22.0,1.0
2015,TENOVA MINING & MINERALS USA INC,33 - Manufacturing,DENVER,CO,Continuation,1.0,0.0,1.0,1.0
2015,THAPOVAN INFO SYSTEMS INC,"Professional, Scientific, and Technical Services",WAYNE,NJ,Change with Same Employer,1.0,0.0,1.0,1.0
2015,THE CONNECTICUT AGRICULTURAL EXPER,"Agriculture, Forestry, Fishing and Hunting",NEW HAVEN,CT,New Employment,1.0,0.0,1.0,1.0
2015,THE DEVEREUX FOUNDATION,Health Care and Social Assistance,RUTLAND,MA,Amended,2.0,0.0,2.0,1.0
2015,THE DOW CHEMICAL COMPANY,"Professional, Scientific, and Technical Services",MIDLAND,MI,New Employment,20.0,0.0,20.0,1.0
2015,THE HENRY M JACKSON FOUNDATION,"Professional, Scientific, and Technical Services",BETHESDA,MD,Continuation,12.0,0.0,12.0,1.0
2015,THE LAWRENCEVILLE SCHOOL,Educational Services,LAWRENCE TOWNSHIP,NJ,Amended,1.0,0.0,1.0,1.0
2015,THE OSGOOD CTR FOR INTL STUDIES,Educational Services,WASHINGTON,DC,New Employment,1.0,0.0,1.0,1.0
2015,THE PENNSYLVANIA STATE UNIV,Educational Services,UNIVERSITY PARK,PA,Change of Employer,7.0,0.0,7.0,1.0
2015,THE UNIVISION NETWORK LTD PARTNERS,Information,MIAMI,FL,Amended,1.0,0.0,1.0,1.0
2015,THERADYNAMICS PHYSICAL THERAPY REH,Health Care and Social Assistance,WOODBURY,NY,Continuation,1.0,0.0,1.0,1.0
2015,THOUGHTWORKS INC,"Professional, Scientific, and Technical Services",CHICAGO,IL,Change of Employer,5.0,0.0,5.0,1.0
2015,TNS CUSTOM RESEARCH INC,"Professional, Scientific, and Technical Services",NEW YORK,NY,New Employment,1.0,0.0,1.0,1.0
2015,TRANSFORMATIVE MEDICAL HEALTH NYC,Health Care and Social Assistance,NEW YORK,NY,Change of Employer,1.0,0.0,1.0,1.0
2015,TRUSTWAVE HOLDINGS INC,"Professional, Scientific, and Technical Services",CHICAGO,IL,Continuation,1.0,0.0,1.0,1.0
2015,TUNE INC,Information,SEATTLE,WA,New Employment,1.0,0.0,1.0,1.0
2015,TX A&M UNIV GALVESTON,Educational Services,COLLEGE STATION,TX,New Employment,3.0,0.0,3.0,1.0
2015,UICO LLC,Information,ELMHURST,IL,Change of Employer,1.0,0.0,1.0,1.0
2015,UL LLC,"Professional, Scientific, and Technical Services",NORTHBROOK,IL,Change with Same Employer,1.0,0.0,1.0,1.0
2015,UNICON INTL INC,"Professional, Scientific, and Technical Services",COLUMBUS,OH,Change of Employer,1.0,0.0,1.0,1.0
2015,UNIQUE SERVICES ASSOCIATES INC,Educational Services,ORANGEBURG,SC,Change with Same Employer,1.0,0.0,1.0,1.0
2015,UNIQUIFY INC,33 - Manufacturing,SAN JOSE,CA,New Employment,1.0,1.0,2.0,0.5
2015,UNIV OF ARKANSAS FOR MED SCIENCES,Educational Services,LITTLE ROCK,AR,Change with Same Employer,9.0,0.0,9.0,1.0
2015,UNIV OF CHARLESTON,Educational Services,CHARLESTON,WV,New Employment,1.0,0.0,1.0,1.0
2015,UNIV OF CINCINNATI,Educational Services,CINCINNATI,OH,Amended,2.0,0.0,2.0,1.0
2015,UNIV OF KENTUCKY,Educational Services,LEXINGTON,KY,Change with Same Employer,1.0,0.0,1.0,1.0
2015,UNIV OF MISSOURI COLUMBIA,Educational Services,COLUMBIA,MO,Continuation,19.0,0.0,19.0,1.0
2015,UNIV OF OKLAHOMA HLTH SCIENCES CTR,Educational Services,OKLAHOMA CITY,OK,Continuation,1.0,0.0,1.0,1.0
2015,UNIVERSAL ENDEAVORS INC,"Professional, Scientific, and Technical Services",IRVING,TX,New Employment,1.0,0.0,1.0,1.0
2015,UNIVERSAL PROCESSING LLC,Finance and Insurance,NEW YORK,NY,New Employment,0.0,1.0,1.0,0.0
2015,URS CORPORATION,"Professional, Scientific, and Technical Services",AUSTIN,TX,Change of Employer,1.0,0.0,1.0,1.0
2015,US ASIA INSURANCE MGMT GROUP INC,Finance and Insurance,POMONA,CA,New Employment,1.0,0.0,1.0,1.0
2015,US GYMNASTICS DEV CENTER II INC,Educational Services,MAHWAH,NJ,New Employment,1.0,0.0,1.0,1.0
2015,VALVE CORP,Information,BELLEVUE,WA,Change of Employer,1.0,0.0,1.0,1.0
2015,VENTECH SOLUTIONS INC,"Professional, Scientific, and Technical Services",COLUMBUS,OH,Change of Employer,1.0,0.0,1.0,1.0
2015,VERTICAL FOCUS INC,"Professional, Scientific, and Technical Services",EXTON,PA,New Employment,2.0,0.0,2.0,1.0
2015,VI SYSTEMS INC,"Professional, Scientific, and Technical Services",SOMERSET,NJ,New Concurrent,1.0,0.0,1.0,1.0
2015,VICAR OPERATING INC,"Professional, Scientific, and Technical Services",LOS ANGELES,CA,Amended,1.0,0.0,1.0,1.0
2015,VIRTUAL MATRIX CORP DBA 1 SOURCE I,"Professional, Scientific, and Technical Services",EDINA,MN,Continuation,4.0,0.0,4.0,1.0
2015,VISUAL CITI INC,33 - Manufacturing,WEST BABYLON,NY,Continuation,1.0,0.0,1.0,1.0
2015,VMWARE INC,"Professional, Scientific, and Technical Services",AUSTIN,TX,Amended,1.0,0.0,1.0,1.0
2015,VOCUS NM LLC,Information,BELTSVILLE,MD,New Employment,1.0,0.0,1.0,1.0
2015,VOLANTSOFT INC,"Professional, Scientific, and Technical Services",IRVING,TX,New Employment,8.0,0.0,8.0,1.0
2015,VONAGE NETWORK LLC,33 - Manufacturing,HOLMDEL,NJ,Amended,2.0,0.0,2.0,1.0
2015,VSQUARE INFOTECH INC,"Professional, Scientific, and Technical Services",ALPHARETTA,GA,Continuation,2.0,0.0,2.0,1.0
2015,WELLSPRING CULTURAL & EDUCATIONAL,Educational Services,WEST HAVEN,CT,Continuation,1.0,0.0,1.0,1.0
2015,WELLTEC INC,"Professional, Scientific, and Technical Services",KATY,TX,Change with Same Employer,1.0,0.0,1.0,1.0
2015,WESLEY PHYSICIAN SERVICES LLC,Health Care and Social Assistance,HATTIESBURG,MS,New Employment,2.0,0.0,2.0,1.0
2015,WHISTLEBLOWER JUSTICE NETWORK LLC,"Professional, Scientific, and Technical Services",HACKENSACK,NJ,New Employment,0.0,1.0,1.0,0.0
2015,WHITE RIVER HEALTH SYSTEM INC,Health Care and Social Assistance,BATESVILLE,AR,New Employment,3.0,0.0,3.0,1.0
2015,WHY ARCHITECTURE WORKSHOP,"Professional, Scientific, and Technical Services",CULVER CITY,CA,New Employment,1.0,0.0,1.0,1.0
2015,WICRESOFT NORTH AMERICA CO LTD,"Professional, Scientific, and Technical Services",BELLEVUE,WA,Change of Employer,2.0,0.0,2.0,1.0
2015,WIDENBAUM CHIROPRACTIC,Health Care and Social Assistance,DUBLIN,CA,Continuation,1.0,0.0,1.0,1.0
2015,WINN-DIXIE STORES INC,45 - Retail Trade,JACKSONVILLE,FL,Change with Same Employer,1.0,0.0,1.0,1.0
2015,WORKBOARD INC,Information,REDWOOD CITY,CA,Change of Employer,1.0,0.0,1.0,1.0
2015,WORLDWIDE TRAVEL INC,Administrative and Support and Waste Management and Remediation Services,WASHINGTON,DC,Amended,1.0,0.0,1.0,1.0
2015,WYNN CORP,"Professional, Scientific, and Technical Services",SUGAR LAND,TX,Change with Same Employer,1.0,0.0,1.0,1.0
2015,XDIN INC,"Professional, Scientific, and Technical Services",VIRGINIA BEACH,VA,Amended,1.0,0.0,1.0,1.0
2015,XEROX CORPORATION,33 - Manufacturing,PLANO,TX,Change of Employer,1.0,0.0,1.0,1.0
2015,XEROX RECOVERY SVCS INC,"Professional, Scientific, and Technical Services",DALLAS,TX,Continuation,1.0,0.0,1.0,1.0
2015,XOS DIGITAL INC,"Professional, Scientific, and Technical Services",ORLANDO,FL,Continuation,2.0,0.0,2.0,1.0
2015,ZENTEK AUTOMATION US INC,"Professional, Scientific, and Technical Services",BLUE BELL,PA,Change of Employer,1.0,0.0,1.0,1.0
2015,ZETA INTERACTIVE CORP,"Professional, Scientific, and Technical Services",NEW YORK,NY,Continuation,1.0,0.0,1.0,1.0
2015,ZGAGE INC,"Professional, Scientific, and Technical Services",PRINCETON,NJ,New Employment,2.0,0.0,2.0,1.0
2015,ZONAR SYSTEMS INC,"Professional, Scientific, and Technical Services",SEATTLE,WA,Change of Employer,1.0,0.0,1.0,1.0
2016,1ST CLASS SLEEP DIAGNOSTICS INC,Health Care and Social Assistance,CENTREVILLE,VA,Continuation,1.0,0.0,1.0,1.0
2016,3PL CENTRAL LLC,Information,MANHATTAN BEACH,CA,Change of Employer,1.0,0.0,1.0,1.0
2016,88 TONERS INC,Wholesale Trade,WALNUT,CA,New Employment,1.0,0.0,1.0,1.0
2016,ABACUS TECHNICAL SERVICES LLC,"Professional, Scientific, and Technical Services",PLANO,TX,Amended,0.0,1.0,1.0,0.0
2016,ABM WIRELESS INC DBA MOBILEISTIC,Wholesale Trade,HAUPPAUGE,NY,Change with Same Employer,1.0,0.0,1.0,1.0
2016,ACADEMY LTD DBA ACADEMY SPORTS OUT,"Professional, Scientific, and Technical Services",KATY,TX,Change of Employer,1.0,0.0,1.0,1.0
2016,ACCELA INC,"Professional, Scientific, and Technical Services",SAN RAMON,CA,Continuation,7.0,0.0,7.0,1.0
2016,ACCLARO OPTICAL INC DBA PEARLE VIS,Health Care and Social Assistance,HOUSTON,TX,Change of Employer,1.0,0.0,1.0,1.0
2016,ACCUWARE INC,"Professional, Scientific, and Technical Services",MIAMI BEACH,FL,New Employment,1.0,0.0,1.0,1.0
2016,ACHIEVE REHAB INC,Health Care and Social Assistance,FARMINGTON HILLS,MI,Amended,1.0,0.0,1.0,1.0
2016,ACTION DIRECT LLC D/B/A REDPOINT C,Construction,PHOENIX,AZ,Continuation,1.0,0.0,1.0,1.0
2016,ADAEQUARE INC,"Professional, Scientific, and Technical Services",CHANTILLY,VA,New Employment,4.0,0.0,4.0,1.0
2016,ADFORM INC,"Professional, Scientific, and Technical Services",NEW YORK,NY,New Employment,1.0,0.0,1.0,1.0
2016,AGELESS LIVING HOME HEALTH LLC,Health Care and Social Assistance,SAN ANTONIO,TX,Change of Employer,1.0,0.0,1.0,1.0
2016,AGREEYA MOBILITY INC,"Professional, Scientific, and Technical Services",FRISCO,TX,New Employment,1.0,0.0,1.0,1.0
2016,AIG EMPLOYEE SERVICES INC,Finance and Insurance,NEW YORK,NY,Amended,20.0,1.0,21.0,0.9523809523809524
2016,ALCATEL LUCENT USA INC,33 - Manufacturing,NEW PROVIDENCE,NJ,Amended,1.0,0.0,1.0,1.0
2016,ALFRED UNIV,Educational Services,ALFRED,NY,New Employment,1.0,0.0,1.0,1.0
2016,ALKERMES INC,33 - Manufacturing,WALTHAM,MA,Change of Employer,5.0,0.0,5.0,1.0
2016,ALPHA STAR CORP,"Professional, Scientific, and Technical Services",LONG BEACH,CA,New Employment,1.0,0.0,1.0,1.0
2016,ALREK BUSINESS SOLUTIONS INC,"Professional, Scientific, and Technical Services",SCHAUMBURG,IL,Change with Same Employer,0.0,1.0,1.0,0.0
2016,AMERICAN AXLE & MANUFACTURING INC,33 - Manufacturing,DETROIT,MI,Continuation,5.0,0.0,5.0,1.0
2016,AMERITAS TECHNOLOGIES,"Professional, Scientific, and Technical Services",BATON ROUGE,LA,Change of Employer,2.0,0.0,2.0,1.0
2016,APPALACHIAN STATE UNIVERSITY,Educational Services,BOONE,NC,Continuation,1.0,1.0,2.0,0.5
2016,APPS CONSULTANTS INC,"Professional, Scientific, and Technical Services",CENTENNIAL,CO,Continuation,2.0,0.0,2.0,1.0
2016,APPSOFT SOLUTIONS INC,"Professional, Scientific, and Technical Services",TAMPA,FL,Amended,4.0,0.0,4.0,1.0
2016,ARAMCO SERVICES COMPANY,"Mining, Quarrying, and Oil and Gas Extraction",HOUSTON,TX,New Employment,1.0,0.0,1.0,1.0
2016,ATCS PLC,"Professional, Scientific, and Technical Services",HERNDON,VA,Change of Employer,1.0,0.0,1.0,1.0
2016,AUBURN UNIV,Educational Services,MONTGOMERY,AL,Change of Employer,1.0,0.0,1.0,1.0
2016,AVALERE HEALTH LLC,"Professional, Scientific, and Technical Services",BOWIE,MD,New Employment,3.0,0.0,3.0,1.0
2016,AVTECH SOLUTIONS INC,"Professional, Scientific, and Technical Services",INDIANAPOLIS,IN,Change of Employer,1.0,0.0,1.0,1.0
2016,AZURE CONSULTING SERVICES LLC,"Professional, Scientific, and Technical Services",EDISON,NJ,Change of Employer,2.0,0.0,2.0,1.0
2016,BALLY GAMING INC,33 - Manufacturing,CHICAGO,IL,Amended,3.0,0.0,3.0,1.0
2016,BALT TRADE LLC,45 - Retail Trade,FIFE,WA,New Employment,1.0,0.0,1.0,1.0
2016,BAYLOR COLLEGE OF MEDICINE,Educational Services,HOUSTON,TX,Change of Employer,17.0,0.0,17.0,1.0
2016,BAYLOR RESEARCH INSTITUTE,"Professional, Scientific, and Technical Services",DALLAS,TX,Continuation,5.0,0.0,5.0,1.0
2016,BE PAIN FREE PT INC,Health Care and Social Assistance,MATTAPAN,MA,Change of Employer,1.0,0.0,1.0,1.0
2016,BFTC LLC,Information,LOS ANGELES,CA,New Employment,1.0,0.0,1.0,1.0
2016,BGI AMERICAS CORPORATION,"Professional, Scientific, and Technical Services",CAMBRIDGE,MA,Amended,1.0,0.0,1.0,1.0
2016,BIOGEN INC,33 - Manufacturing,CAMBRIDGE,MA,New Employment,7.0,0.0,7.0,1.0
2016,BJS WHOLESALE CLUB INC,45 - Retail Trade,WESTBOROUGH,MA,Change of Employer,3.0,0.0,3.0,1.0
2016,BLUE CEDAR NETWORKS CORP,Information,SAN FRANCISCO,CA,Change of Employer,1.0,0.0,1.0,1.0
2016,BOBCAD-CAM INC,"Professional, Scientific, and Technical Services",CLEARWATER,FL,Change of Employer,1.0,0.0,1.0,1.0
2016,BORGESS MEDICAL CTR,Health Care and Social Assistance,KALAMAZOO,MI,Continuation,2.0,0.0,2.0,1.0
2016,BOUSQUET HOLSTEIN PLLC,"Professional, Scientific, and Technical Services",SYRACUSE,NY,New Concurrent,1.0,0.0,1.0,1.0
2016,BRIDGEFRONT LLC,Educational Services,VANCOUVER,WA,Continuation,1.0,0.0,1.0,1.0
2016,BYER CALIFORNIA,33 - Manufacturing,SAN FRANCISCO,CA,Change with Same Employer,1.0,0.0,1.0,1.0
2016,CAJUN AND GRILL OF AMERICA INC,Accommodation and Food Services,MIAMI,FL,New Employment,1.0,0.0,1.0,1.0
2016,CALPION INC,"Professional, Scientific, and Technical Services",DALLAS,TX,Continuation,1.0,0.0,1.0,1.0
2016,CAMPUS MANAGEMENT CORP,"Professional, Scientific, and Technical Services",BOCA RATON,FL,Continuation,1.0,0.0,1.0,1.0
2016,CARGO CHIEF INC,49 - Transportation and Warehousing,MOUNTAIN VIEW,CA,New Employment,2.0,0.0,2.0,1.0
2016,CARILION MEDICAL CENTER,Health Care and Social Assistance,ROANOKE,VA,New Employment,2.0,0.0,2.0,1.0
2016,CAS INTERGLOBAL LLC,Wholesale Trade,PLEASANTON,CA,New Employment,1.0,0.0,1.0,1.0
2016,CAST SOFTWARE INC,Information,NEW YORK,NY,Change of Employer,2.0,0.0,2.0,1.0
2016,CATHOLIC SOCIAL SVCS OF WASHTENAW,Health Care and Social Assistance,ANN ARBOR,MI,New Employment,1.0,0.0,1.0,1.0
2016,CCI MECHANICAL INC,Construction,SALT LAKE CITY,UT,Change with Same Employer,1.0,0.0,1.0,1.0
2016,CDI SOLUTIONS INC,"Professional, Scientific, and Technical Services",SAN RAMON,CA,Change of Employer,2.0,0.0,2.0,1.0
2016,CENGAGE LEARNING INC,Information,BOSTON,MA,Amended,1.0,0.0,1.0,1.0
2016,CENTRO CULTURAL ESPANOL DE COOPERA,Public Administration,MIAMI,FL,New Employment,1.0,0.0,1.0,1.0
2016,CHARTER COMMUNICATIONS INC,Information,ST LOUIS,MO,New Employment,1.0,0.0,1.0,1.0
2016,CHILDREN S HOSPITAL LOS ANGELES,Health Care and Social Assistance,LOS ANGELES,CA,Continuation,4.0,0.0,4.0,1.0
2016,CIFE SUNNY CORP,Wholesale Trade,MIAMI,FL,Continuation,1.0,0.0,1.0,1.0
2016,CLARK UNIV,Educational Services,WORCESTER,MA,New Employment,1.0,0.0,1.0,1.0
2016,CLINCH VALLEY PHYSICIANS ASSOCIATE,Health Care and Social Assistance,RICHLANDS,VA,New Employment,1.0,0.0,1.0,1.0
2016,CLOSURE SYSTEMS INTERNATIONAL INC,33 - Manufacturing,INDIANAPOLIS,IN,Change of Employer,1.0,0.0,1.0,1.0
2016,COGO LABS INC,"Professional, Scientific, and Technical Services",CAMBRIDGE,MA,New Employment,2.0,1.0,3.0,0.6666666666666666
2016,COGSTATE INC,"Professional, Scientific, and Technical Services",NEW HAVEN,CT,New Employment,1.0,0.0,1.0,1.0
2016,COMMUNITY NEWSPAPER HOLDINGS INC,Information,MONTGOMERY,AL,Change with Same Employer,1.0,0.0,1.0,1.0
2016,COMPETITIVE COMP INFO TECHS INC CC,"Professional, Scientific, and Technical Services",NORTHVILLE,MI,Continuation,1.0,0.0,1.0,1.0
2016,COMTECH GLOBAL INC,"Professional, Scientific, and Technical Services",COLUMBUS,OH,Continuation,1.0,0.0,1.0,1.0
2016,COPPER MOUNTAIN TECHNOLOGIES LLC,"Professional, Scientific, and Technical Services",INDIANAPOLIS,IN,New Employment,1.0,0.0,1.0,1.0
2016,COPPERWELD BIMETALLICS LLC,33 - Manufacturing,FAYETTEVILLE,TN,Continuation,1.0,0.0,1.0,1.0
2016,CORDEN PHARMA COLORADO INC,33 - Manufacturing,BOULDER,CO,New Employment,1.0,0.0,1.0,1.0
2016,CORNERSTONE RESEARCH INC,"Professional, Scientific, and Technical Services",BOSTON,MA,Change with Same Employer,0.0,1.0,1.0,0.0
2016,CRC ASSOCIATES INC,"Professional, Scientific, and Technical Services",SOUTH PLAINFIELD,NJ,Continuation,1.0,0.0,1.0,1.0
2016,CREDIT KARMA INC,"Professional, Scientific, and Technical Services",SAN FRANCISCO,CA,Change with Same Employer,1.0,0.0,1.0,1.0
2016,CRITEO CORP,Information,NEW YORK,NY,New Employment,2.0,0.0,2.0,1.0
2016,CTR FOR CULTURAL & TECHNICAL INTER,"Professional, Scientific, and Technical Services",HONOLULU,HI,Continuation,1.0,0.0,1.0,1.0
2016,CV CONSULTING INC,"Professional, Scientific, and Technical Services",WEXFORD,PA,New Employment,1.0,0.0,1.0,1.0
2016,CW PRO SVCS DBA LOCHBRIDGE,"Professional, Scientific, and Technical Services",DETROIT,MI,Amended,1.0,0.0,1.0,1.0
2016,DANIELS ASSO INC,"Professional, Scientific, and Technical Services",INDIANAPOLIS,IN,Continuation,1.0,0.0,1.0,1.0
2016,DASSAULT FALCON JET CORP,33 - Manufacturing,LITTLE FERRY,NJ,Amended,1.0,0.0,1.0,1.0
2016,DATARISTA INC,Information,PROVIDENCE,RI,Change of Employer,1.0,0.0,1.0,1.0
2016,DEALERTRACK INC,Finance and Insurance,LAKE SUCCESS,NY,New Employment,1.0,0.0,1.0,1.0
2016,DECIPHER INC,"Professional, Scientific, and Technical Services",FRESNO,CA,Continuation,3.0,0.0,3.0,1.0
2016,DECISIVEDGE LLC,"Professional, Scientific, and Technical Services",NEWARK,DE,Change of Employer,1.0,0.0,1.0,1.0
2016,DELL SOFTWARE INC,33 - Manufacturing,ROUND ROCK,TX,New Employment,1.0,0.0,1.0,1.0
2016,DELOITTE TAX LLP,"Professional, Scientific, and Technical Services",BOSTON,MA,New Employment,79.0,1.0,80.0,0.9875
2016,DEMAND MEDIA INC,"Professional, Scientific, and Technical Services",SANTA MONICA,CA,New Employment,4.0,0.0,4.0,1.0
2016,DENNIS M BRADLEY D/B/A B & A ARCHI,"Professional, Scientific, and Technical Services",KANSAS CITY,MO,New Employment,1.0,0.0,1.0,1.0
2016,DETROIT EDUCATION & RESEARCH,Health Care and Social Assistance,DETROIT,MI,New Employment,5.0,0.0,5.0,1.0
2016,DEVELOPMENT DIMENSIONS INTL INC,"Professional, Scientific, and Technical Services",BRIDGEVILLE,PA,Amended,1.0,0.0,1.0,1.0
2016,DFG ENERGY COMPANY LLC,"Mining, Quarrying, and Oil and Gas Extraction",PLANO,TX,New Employment,1.0,0.0,1.0,1.0
2016,DOSHI DIAGNOSTIC IMAGING SVCS PC,Health Care and Social Assistance,HICKSVILLE,NY,Continuation,1.0,0.0,1.0,1.0
2016,DOTCOM TEAM LLC,"Professional, Scientific, and Technical Services",BRAINTREE,MA,Change with Same Employer,45.0,0.0,45.0,1.0
2016,DOW JONES AND COMPANY,Information,MONMOUTH JUNCTION,NJ,Amended,1.0,0.0,1.0,1.0
2016,DRIESSEN AIRCRAFT INTERIOR SYSTEMS,33 - Manufacturing,HUNTINGTON BEACH,CA,New Employment,3.0,0.0,3.0,1.0
2016,E3 GLOBAL INC,"Professional, Scientific, and Technical Services",KATY,TX,Change of Employer,2.0,0.0,2.0,1.0
2016,EAST BATON ROUGE PARISH SCH SYSTEM,Educational Services,BATON ROUGE,LA,Change with Same Employer,0.0,1.0,1.0,0.0
2016,EASTERN MAINE MEDICAL CENTER,Health Care and Social Assistance,BANGOR,ME,Continuation,12.0,0.0,12.0,1.0
2016,EASYTIP CORP,Information,BROOKLYN,NY,Change of Employer,0.0,1.0,1.0,0.0
2016,EGEN SOLUTIONS INC,"Professional, Scientific, and Technical Services",NAPERVILLE,IL,Change with Same Employer,1.0,0.0,1.0,1.0
2016,EGGHART AND ASSOCIATES LLC CPAS,"Professional, Scientific, and Technical Services",RENO,NV,New Employment,1.0,0.0,1.0,1.0
2016,EKTELLO LLC,"Professional, Scientific, and Technical Services",TROY,MI,New Employment,1.0,0.0,1.0,1.0
2016,EMHART TEKNOLOGIES LLC,33 - Manufacturing,TROY,MI,New Employment,2.0,0.0,2.0,1.0
2016,ENGINEERED CONTROLS INTL LLC,33 - Manufacturing,ELON,NC,New Employment,2.0,0.0,2.0,1.0
2016,ENVOGUE INTERNATIONAL LLC,33 - Manufacturing,NEW YORK,NY,Change of Employer,6.0,1.0,7.0,0.8571428571428571
2016,ERP TECHNOLOGIES INC,"Professional, Scientific, and Technical Services",WEST CHESTER,PA,Continuation,1.0,1.0,2.0,0.5
2016,ESAGE LLC,"Professional, Scientific, and Technical Services",SEATTLE,WA,Continuation,1.0,0.0,1.0,1.0
2016,ESUNG NEW YORK LLC,Wholesale Trade,VALLEY STREAM,NY,Change of Employer,0.0,1.0,1.0,0.0
2016,EXANTE DATA LLC,Finance and Insurance,NEW YORK,NY,Change of Employer,1.0,0.0,1.0,1.0
2016,EXPEDITE CONSTRUCTION & MGT SVCS I,Construction,NEW YORK,NY,New Employment,0.0,1.0,1.0,0.0
2016,EXTERNETWORKS INC,"Professional, Scientific, and Technical Services",PISCATAWAY,NJ,Continuation,5.0,0.0,5.0,1.0
2016,FACILITY ENGINEERING ASSO PC,"Professional, Scientific, and Technical Services",LAKEWOOD,CO,Continuation,1.0,0.0,1.0,1.0
2016,FACTORY MUTUAL INSURANCE COMPANY,Finance and Insurance,JOHNSTON,RI,New Employment,2.0,0.0,2.0,1.0
2016,FAR HILLS GROUP LLC,Finance and Insurance,NEW YORK,NY,New Employment,1.0,0.0,1.0,1.0
2016,FASTER FASTER INC D/B/A ALTA MOTOR,33 - Manufacturing,BRISBANE,CA,New Employment,1.0,0.0,1.0,1.0
2016,FEDERATED WIRELESS INC,"Professional, Scientific, and Technical Services",ARLINGTON,VA,New Employment,1.0,0.0,1.0,1.0
2016,FIRST OBJECT INC,"Professional, Scientific, and Technical Services",IRVING,TX,New Employment,4.0,0.0,4.0,1.0
2016,FIRST TAX AND ACCOUNTING INC,"Professional, Scientific, and Technical Services",FLUSHING,NY,New Employment,1.0,0.0,1.0,1.0
2016,FISERV SOLUTIONS INC,Information,BROOKFIELD,WI,Change with Same Employer,1.0,0.0,1.0,1.0
2016,FJA US INC,"Professional, Scientific, and Technical Services",NEW YORK,NY,Continuation,1.0,0.0,1.0,1.0
2016,FLORIDA INTL UNIV,Educational Services,MIAMI,FL,Change of Employer,5.0,0.0,5.0,1.0
2016,FLOURA TEETER LANDSCAPE ARCHITECTS,"Professional, Scientific, and Technical Services",BALTIMORE,MD,Continuation,1.0,0.0,1.0,1.0
2016,FOREVER 21 INC,45 - Retail Trade,LOS ANGELES,CA,New Employment,4.0,1.0,5.0,0.8
2016,FORTUNE PLASTIC & METAL MOUNTAIN S,Wholesale Trade,BELLEVUE,WA,New Employment,1.0,0.0,1.0,1.0
2016,FOUGERA PHARMACEUTICALS INC,33 - Manufacturing,WASHINGTON,DC,Continuation,1.0,0.0,1.0,1.0
2016,FRANCIS KRAHE & ASSO INC,"Professional, Scientific, and Technical Services",LOS ANGELES,CA,New Employment,1.0,0.0,1.0,1.0
2016,FRANKLIN MEDICAL GROUP PC,Health Care and Social Assistance,WATERBURY,CT,Amended,1.0,0.0,1.0,1.0
2016,FRAS-LE NORTH AMERICA INC,33 - Manufacturing,PRATTVILLE,AL,New Employment,1.0,0.0,1.0,1.0
2016,FRED MEYER STORES INC DBA QUALITY,45 - Retail Trade,RENTON,WA,Change with Same Employer,1.0,0.0,1.0,1.0
2016,FREEPORT-MCMORAN CHINO MINES CO,"Mining, Quarrying, and Oil and Gas Extraction",PHOENIX,AZ,Change of Employer,1.0,0.0,1.0,1.0
2016,FRIEDE & GOLDMAN LLC DBA FRIEDE &,"Professional, Scientific, and Technical Services",HOUSTON,TX,Continuation,1.0,0.0,1.0,1.0
2016,FUELCOMM INC,Information,SEATTLE,WA,Change of Employer,1.0,0.0,1.0,1.0
2016,GA SOUTHWESTERN STATE UNIV,Educational Services,AMERICUS,GA,Continuation,1.0,0.0,1.0,1.0
2016,GATEWAY SOLUTIONS INC,"Professional, Scientific, and Technical Services",OVERLAND PARK,KS,New Employment,13.0,1.0,14.0,0.9285714285714286
2016,GBT US LLC D/B/A AMERICAN EXPRESS,Administrative and Support and Waste Management and Remediation Services,NEW YORK,NY,New Employment,1.0,0.0,1.0,1.0
2016,GENERAL STIM INC,33 - Manufacturing,IRVINE,CA,New Employment,1.0,0.0,1.0,1.0
2016,GFC CAPITAL RESOURCES INC,Finance and Insurance,NEW YORK,NY,Change of Employer,1.0,0.0,1.0,1.0
2016,GIVEDIRECTLY INC,Finance and Insurance,NEW YORK,NY,Change of Employer,1.0,0.0,1.0,1.0
2016,GLOBAL MGT AND INVESTMENTS CORP,Administrative and Support and Waste Management and Remediation Services,STOCKBRIDGE,GA,New Employment,1.0,0.0,1.0,1.0
2016,GMG AMERICAS LP,33 - Manufacturing,HINGHAM,MA,Continuation,1.0,0.0,1.0,1.0
2016,GOLDIES 1 LLC,Health Care and Social Assistance,WASHINGTON,DC,Continuation,2.0,0.0,2.0,1.0
2016,GOYA FOODS INC,Wholesale Trade,JERSEY CITY,NJ,Change of Employer,1.0,0.0,1.0,1.0
2016,GRIFFIN ENRIGHT ARCHITECTS,"Professional, Scientific, and Technical Services",LOS ANGELES,CA,New Employment,1.0,0.0,1.0,1.0
2016,GYMNASTICS INSTITUTE OF RANDOLPH,Educational Services,RANDOLPH,NJ,Continuation,1.0,0.0,1.0,1.0
2016,HAVI GLOBAL SOLUTIONS LLC,Administrative and Support and Waste Management and Remediation Services,CHICAGO,IL,Amended,1.0,0.0,1.0,1.0
2016,HAYS FLUID CONTROLS-DIVISION OF RO,33 - Manufacturing,GREENVILLE,SC,Amended,1.0,0.0,1.0,1.0
2016,HAZELETT STRIP-CASTING CORPORATION,33 - Manufacturing,COLCHESTER,VT,Change of Employer,1.0,0.0,1.0,1.0
2016,HEALTH SYSTEMS INC,Health Care and Social Assistance,CANTON,MI,Amended,1.0,0.0,1.0,1.0
2016,HEWLETT PACKARD COMPANY,33 - Manufacturing,PALO ALTO,CA,New Employment,1.0,1.0,2.0,0.5
2016,HH TECHNOLOGY CORPORATION,"Professional, Scientific, and Technical Services",BEVERLY,MA,Change of Employer,1.0,0.0,1.0,1.0
2016,HIBU INC,Information,KING OF PRUSSIA,PA,Continuation,2.0,0.0,2.0,1.0
2016,HILTON WORLDWIDE INC,Accommodation and Food Services,ORLANDO,FL,Change of Employer,1.0,0.0,1.0,1.0
2016,HOLMAN DISTRIBUTION CTR OF WASHING,49 - Transportation and Warehousing,EMPORIA,KS,New Employment,1.0,0.0,1.0,1.0
2016,HOMMILY INC,Administrative and Support and Waste Management and Remediation Services,LOS ANGELES,CA,Change of Employer,1.0,0.0,1.0,1.0
2016,HOQUIAM HEALTHCARE INC,Health Care and Social Assistance,MISSION VIEJO,CA,New Employment,1.0,0.0,1.0,1.0
2016,HORIZON TIRE INC,33 - Manufacturing,IRWINDALE,CA,Continuation,1.0,0.0,1.0,1.0
2016,HOTTA LIESENBERG SAITO LLP,"Professional, Scientific, and Technical Services",TORRANCE,CA,New Employment,7.0,0.0,7.0,1.0
2016,HUCKABEE INC,"Professional, Scientific, and Technical Services",FORT WORTH,TX,New Employment,1.0,0.0,1.0,1.0
2016,HUDSON AMERICAS LP,Finance and Insurance,DALLAS,TX,Change of Employer,1.0,0.0,1.0,1.0
2016,HUMANA HEALTH PLAN OF TEXAS INC,Finance and Insurance,LOUISVILLE,KY,Continuation,1.0,0.0,1.0,1.0
2016,HYUNG JU JOHN KIM DDS INC,Health Care and Social Assistance,LOS ANGELES,CA,New Employment,1.0,0.0,1.0,1.0
2016,I KRUGER INC,Utilities,CARY,NC,Continuation,1.0,0.0,1.0,1.0
2016,IAV AUTOMOTIVE ENGINEERING INC,"Professional, Scientific, and Technical Services",NORTHVILLE,MI,Amended,3.0,0.0,3.0,1.0
2016,ICON ITGROUP,"Professional, Scientific, and Technical Services",PLYMOUTH,MN,Continuation,1.0,0.0,1.0,1.0
2016,ICU MEDICAL INC,33 - Manufacturing,SALT LAKE CITY,UT,Continuation,1.0,0.0,1.0,1.0
2016,IDENT-A-KID SVCS OF AMERICA INC,"Professional, Scientific, and Technical Services",SAINT PETERSBURG,FL,Continuation,1.0,0.0,1.0,1.0
2016,IDOL SOLUTIONS INC,"Professional, Scientific, and Technical Services",EAST BRUNSWICK,NJ,Change with Same Employer,1.0,0.0,1.0,1.0
2016,IGNITE MANAGEMENT CONSULTANTS LLC,"Professional, Scientific, and Technical Services",RICHARDSON,TX,Amended,0.0,1.0,1.0,0.0
2016,IM FLASH TECHNOLOGIES LLC,33 - Manufacturing,BOISE,ID,Continuation,8.0,1.0,9.0,0.8888888888888888
2016,INDUS TECHNOLOGY INC,"Professional, Scientific, and Technical Services",AUSTIN,TX,Continuation,1.0,0.0,1.0,1.0
2016,INFINERA CORP,33 - Manufacturing,SUNNYVALE,CA,New Employment,16.0,0.0,16.0,1.0
2016,INFOGAIN CORP,"Professional, Scientific, and Technical Services",LOS GATOS,CA,New Employment,17.0,0.0,17.0,1.0
2016,INFOMET INC,"Professional, Scientific, and Technical Services",CHESHIRE,CT,Amended,2.0,1.0,3.0,0.6666666666666666
2016,INGENICS CORP,"Professional, Scientific, and Technical Services",ATLANTA,GA,Continuation,1.0,0.0,1.0,1.0
2016,INPATIENT SVCS OF TEXAS PA AKA EMC,Health Care and Social Assistance,GREENWOOD VILLAGE,CO,Amended,1.0,0.0,1.0,1.0
2016,INSTINET GROUP LLC,Finance and Insurance,NEW YORK,NY,Continuation,1.0,0.0,1.0,1.0
2016,INTEL MOBILE COMMUNICATIONS,33 - Manufacturing,CHANDLER,AZ,Amended,1.0,0.0,1.0,1.0
2016,INTERNATIONAL TECH SOLUTIONS INC,"Professional, Scientific, and Technical Services",MONMOUTH JUNCTION,NJ,Amended,5.0,1.0,6.0,0.8333333333333334
2016,INTL GEMS & MINERALS INC,Wholesale Trade,SANTA CLARITA,CA,New Employment,1.0,0.0,1.0,1.0
2016,INTRICON INC,33 - Manufacturing,ARDEN HILLS,MN,Continuation,1.0,0.0,1.0,1.0
2016,INTRIGO SYSTEMS INCORPORATED,"Professional, Scientific, and Technical Services",FREMONT,CA,Change of Employer,3.0,0.0,3.0,1.0
2016,INTRIV INC,"Professional, Scientific, and Technical Services",ALPHARETTA,GA,Continuation,4.0,1.0,5.0,0.8
2016,INVOICE2GO INC,"Professional, Scientific, and Technical Services",SAN FRANCISCO,CA,New Employment,1.0,0.0,1.0,1.0
2016,JASSTEK INC,"Professional, Scientific, and Technical Services",DUBLIN,OH,Continuation,1.0,0.0,1.0,1.0
2016,KALTHIA HOTEL MGMT LLC,"Professional, Scientific, and Technical Services",SAN DIEGO,CA,Continuation,1.0,0.0,1.0,1.0
2016,KELLTON TECH INC,"Professional, Scientific, and Technical Services",PRINCETON,NJ,Change with Same Employer,2.0,0.0,2.0,1.0
2016,KELLY MAXSON INC DUNS#079237324,"Professional, Scientific, and Technical Services",DALLAS,TX,Change of Employer,0.0,1.0,1.0,0.0
2016,KOHN PEDERSEN FOX ASSOCIATES PC,"Professional, Scientific, and Technical Services",NEW YORK,NY,Continuation,7.0,3.0,10.0,0.7
2016,KONNECT PUBLIC RELATIONS,"Professional, Scientific, and Technical Services",LOS ANGELES,CA,New Employment,1.0,0.0,1.0,1.0
2016,KONY INC,Information,AUSTIN,TX,Continuation,2.0,0.0,2.0,1.0
2016,KOSCIUSKO MEDICAL GROUP LLC,Health Care and Social Assistance,WARSAW,IN,New Employment,1.0,0.0,1.0,1.0
2016,KPIT INFOSYSTEMS INC,"Professional, Scientific, and Technical Services",EDISON,NJ,Continuation,44.0,0.0,44.0,1.0
2016,L&T TECHNOLOGY SERVICES LLC,"Professional, Scientific, and Technical Services",EDISON,NJ,Continuation,1.0,0.0,1.0,1.0
2016,LA FAMILIA PRIMARY CARE PC,Health Care and Social Assistance,RATON,NM,New Employment,1.0,0.0,1.0,1.0
2016,LAS VEGAS SANDS CORP,Accommodation and Food Services,LAS VEGAS,NV,Change with Same Employer,1.0,0.0,1.0,1.0
2016,LASSEN MEDICAL GROUP INC,Health Care and Social Assistance,RED BLUFF,CA,New Employment,2.0,0.0,2.0,1.0
2016,LBJ INFRASTRUCTURE GROUP LLC,Construction,HOUSTON,TX,New Employment,1.0,0.0,1.0,1.0
2016,LEIDOS INC,"Professional, Scientific, and Technical Services",RESTON,VA,Continuation,2.0,0.0,2.0,1.0
2016,LIFESENSORS INC,"Professional, Scientific, and Technical Services",MALVERN,PA,New Employment,1.0,0.0,1.0,1.0
2016,LOGICAL PARADIGM LLC,"Professional, Scientific, and Technical Services",HERNDON,VA,Amended,5.0,1.0,6.0,0.8333333333333334
2016,LOUIS BERGER WATER SERVICES INC,"Professional, Scientific, and Technical Services",ENOLA,PA,Change with Same Employer,1.0,0.0,1.0,1.0
2016,MADIGAN PRATT & ASSOCIATES,"Professional, Scientific, and Technical Services",WILLIAMSBURG,VA,Continuation,1.0,0.0,1.0,1.0
2016,MAGNA INFOTECH LTD,"Professional, Scientific, and Technical Services",DANBURY,CT,Amended,8.0,0.0,8.0,1.0
2016,MAIER & MAIER PLLC,"Professional, Scientific, and Technical Services",ALEXANDRIA,VA,New Employment,1.0,0.0,1.0,1.0
2016,MAJOR ADJUSTMENTS INC,Health Care and Social Assistance,WEST NEW YORK,NJ,New Concurrent,0.0,1.0,1.0,0.0
2016,MAR COR PURIFICATION INC,33 - Manufacturing,PLYMOUTH,MN,Change with Same Employer,1.0,0.0,1.0,1.0
2016,MARUTEE ENGINEERING SVCS LLC,"Professional, Scientific, and Technical Services",CANTON,MI,New Employment,1.0,0.0,1.0,1.0
2016,MAVEN COMPANIES INC,"Professional, Scientific, and Technical Services",COLORADO SPRINGS,CO,New Employment,4.0,0.0,4.0,1.0
2016,MAXTA INC,Information,SUNNYVALE,CA,New Employment,1.0,0.0,1.0,1.0
2016,MAYO CLINIC,Educational Services,ROCHESTER,MN,Change of Employer,37.0,0.0,37.0,1.0
2016,MCKINSEY & COMPANY INC US,"Professional, Scientific, and Technical Services",NEW YORK,NY,Amended,6.0,0.0,6.0,1.0
2016,MELANIE FREUNDLICH LIGHTING DESIGN,"Professional, Scientific, and Technical Services",NEW YORK,NY,New Employment,1.0,0.0,1.0,1.0
2016,MERCHANT ACCESSORIES INC,Information,LINCOLNWOOD,IL,Continuation,1.0,0.0,1.0,1.0
2016,MERCURY INSURANCE SVCS LLC D/B/A M,Finance and Insurance,BREA,CA,Change of Employer,3.0,0.0,3.0,1.0
2016,METEORCOMM LLC,Information,RENTON,WA,New Employment,2.0,0.0,2.0,1.0
2016,MICROASSIST INC,"Professional, Scientific, and Technical Services",AUSTIN,TX,Change of Employer,2.0,0.0,2.0,1.0
2016,MICROTECH LABORATORIES LLC,"Professional, Scientific, and Technical Services",PLANO,TX,Change of Employer,1.0,0.0,1.0,1.0
2016,MID ATLANTIC PERMANENTE MED GR PC,Health Care and Social Assistance,ROCKVILLE,MD,New Employment,1.0,0.0,1.0,1.0
2016,MID FLORIDA HEMATOLOGY & ONCOLOGY,Health Care and Social Assistance,ORANGE CITY,FL,Continuation,1.0,0.0,1.0,1.0
2016,MM INFO SOLUTIONS INC,"Professional, Scientific, and Technical Services",NASHUA,NH,Amended,3.0,0.0,3.0,1.0
2016,MOFFATT & NICHOL,"Professional, Scientific, and Technical Services",LONG BEACH,CA,Change of Employer,1.0,0.0,1.0,1.0
2016,MOLECULAR RXPRESS INC D/B/A APTALO,"Professional, Scientific, and Technical Services",AMES,IA,New Concurrent,1.0,0.0,1.0,1.0
2016,MORRIS DAVIS CHAN & TAN LLP,"Professional, Scientific, and Technical Services",OAKLAND,CA,Change of Employer,1.0,0.0,1.0,1.0
2016,MORTGAGE BUS TRADE HOLDING CO LLC,"Professional, Scientific, and Technical Services",OXFORD,MS,New Employment,1.0,0.0,1.0,1.0
2016,MOTIONSOFT INC,Information,ROCKVILLE,MD,Change with Same Employer,1.0,0.0,1.0,1.0
2016,NAVINET INC,"Professional, Scientific, and Technical Services",BOSTON,MA,Change of Employer,1.0,0.0,1.0,1.0
2016,NBBJ LP,"Professional, Scientific, and Technical Services",SEATTLE,WA,Continuation,5.0,0.0,5.0,1.0
2016,NC LAW GROUP PC,"Professional, Scientific, and Technical Services",PALO ALTO,CA,New Employment,0.0,1.0,1.0,0.0
2016,NEO PRISM SOLUTIONS LLC,"Professional, Scientific, and Technical Services",SCHAUMBURG,IL,Change with Same Employer,1.0,0.0,1.0,1.0
2016,NETCRACKER TECHNOLOGY CORPORATION,"Professional, Scientific, and Technical Services",WALTHAM,MA,Continuation,3.0,0.0,3.0,1.0
2016,NEW ENGLAND INPATIENT SPCS LLC,Health Care and Social Assistance,BOSTON,MA,Amended,4.0,0.0,4.0,1.0
2016,NEW PERSPECTIVE SENIOR LIVING LLC,Health Care and Social Assistance,EDEN PRAIRIE,MN,New Employment,1.0,0.0,1.0,1.0
2016,NEXIENT LLC,"Professional, Scientific, and Technical Services",NEWARK,CA,Amended,2.0,0.0,2.0,1.0
2016,NEXUS INDIA ADVISORY SVCS,Finance and Insurance,MENLO PARK,CA,New Employment,1.0,0.0,1.0,1.0
2016,NGUSOFT INC,"Professional, Scientific, and Technical Services",SANTA CLARA,CA,Amended,2.0,1.0,3.0,0.6666666666666666
2016,NORTH CAROLINA STATE UNIV,Educational Services,RALEIGH,NC,Change with Same Employer,2.0,0.0,2.0,1.0
2016,NORTHERN NEW MEXICO COLLEGE,Educational Services,ESPANOLA,NM,Continuation,1.0,0.0,1.0,1.0
2016,NOVELIS INC,33 - Manufacturing,ATLANTA,GA,New Employment,1.0,0.0,1.0,1.0
2016,NOVEM CAR INTERIOR DESIGN INC,33 - Manufacturing,CHARLOTTE,NC,Change of Employer,1.0,0.0,1.0,1.0
2016,NOVISYS LLC,"Professional, Scientific, and Technical Services",WOODBRIDGE,NJ,Change of Employer,1.0,0.0,1.0,1.0
2016,NXREV INC,"Professional, Scientific, and Technical Services",SANTA CLARA,CA,New Employment,0.0,1.0,1.0,0.0
2016,OAK HILL ADVISORS LP,Finance and Insurance,NEW YORK,NY,New Employment,1.0,0.0,1.0,1.0
2016,OCZ STORAGE SOLUTIONS INC,33 - Manufacturing,SAN JOSE,CA,Change of Employer,2.0,0.0,2.0,1.0
2016,OKLAHOMA STATE UNIV,Educational Services,NORMAN,OK,New Employment,8.0,0.0,8.0,1.0
2016,OPEN TEXT INC,Information,GAITHERSBURG,MD,Amended,2.0,0.0,2.0,1.0
2016,OPENMIND TECHNOLOGIES INC,"Professional, Scientific, and Technical Services",FREMONT,CA,Change with Same Employer,1.0,0.0,1.0,1.0
2016,ORMAT NEVADA INC,33 - Manufacturing,RENO,NV,New Employment,1.0,0.0,1.0,1.0
2016,OSLO SOLUTIONS LLC,"Professional, Scientific, and Technical Services",ISSAQUAH,WA,Continuation,1.0,0.0,1.0,1.0
2016,PALO ALTO MEDICAL FOUNDATION,Health Care and Social Assistance,ROSEVILLE,CA,Change of Employer,2.0,0.0,2.0,1.0
2016,PASPORT PARKING INC,"Professional, Scientific, and Technical Services",CHARLOTTE,NC,Change of Employer,1.0,0.0,1.0,1.0
2016,PATEL CONSULTANTS CORPORATION,"Professional, Scientific, and Technical Services",UNION,NJ,Continuation,6.0,0.0,6.0,1.0
2016,PAUL S JOO CPA AN ACCOUNTANCY CORP,"Professional, Scientific, and Technical Services",GARDEN GROVE,CA,Continuation,1.0,0.0,1.0,1.0
2016,PEARSON EDUCATION INC,Information,WESTWOOD,NJ,Change with Same Employer,1.0,0.0,1.0,1.0
2016,PEDIATRIX MED GRP OF PENNSYLVANIA,Health Care and Social Assistance,SUNRISE,FL,Continuation,1.0,0.0,1.0,1.0
2016,PEPSI-COLA ADVERTISING & MARKETING,33 - Manufacturing,PURCHASE,NY,Amended,1.0,0.0,1.0,1.0
2016,PHILLIPS CLINIC CORPORATION,Health Care and Social Assistance,HELENA,AR,Change of Employer,1.0,0.0,1.0,1.0
2016,PHYCIN LLC,33 - Manufacturing,FREDERICK,MD,New Employment,0.0,1.0,1.0,0.0
2016,PHYSICIAN AFFILIATE GRP OF NY P C,Health Care and Social Assistance,NEW YORK,NY,Continuation,14.0,0.0,14.0,1.0
2016,PI SOFTWARE SOLUTIONS INC,"Professional, Scientific, and Technical Services",CUMMING,GA,Change of Employer,1.0,1.0,2.0,0.5
2016,PIORION SOLUTIONS INC,"Professional, Scientific, and Technical Services",ALPHARETTA,GA,Amended,6.0,1.0,7.0,0.8571428571428571
2016,PIXEL PUPPY INC DBA D3 REPRO GROUP,"Professional, Scientific, and Technical Services",LONG ISLAND CITY,NY,New Employment,1.0,0.0,1.0,1.0
2016,PJM INTERCONNECTION LLC,Utilities,NORRISTOWN,PA,New Employment,1.0,0.0,1.0,1.0
2016,PMC BIOGENIX INC,33 - Manufacturing,MOUNT LAUREL,NJ,Continuation,1.0,0.0,1.0,1.0
2016,POLYCOM INC,33 - Manufacturing,AUSTIN,TX,New Employment,1.0,0.0,1.0,1.0
2016,PORTLAND STATE UNIV,Educational Services,PORTLAND,OR,Continuation,1.0,0.0,1.0,1.0
2016,POWERAUTOLOAN COM INC DBA SPRINGBO,Information,IRVINE,CA,New Employment,1.0,0.0,1.0,1.0
2016,PPD DEVELOPMENT LP,"Professional, Scientific, and Technical Services",MORRISVILLE,NC,New Employment,1.0,0.0,1.0,1.0
2016,PRESENTATION MED CTR,Health Care and Social Assistance,ROLLA,ND,New Employment,1.0,1.0,2.0,0.5
2016,PRICE INDUSTRIES INC,33 - Manufacturing,SUWANEE,GA,New Employment,1.0,0.0,1.0,1.0
2016,PRICEWATERHOUSECOOPERS CORP FINANC,"Professional, Scientific, and Technical Services",TAMPA,FL,New Employment,1.0,0.0,1.0,1.0
2016,PRIMASOLV LLC,"Professional, Scientific, and Technical Services",FARMINGTON,MI,Change of Employer,1.0,0.0,1.0,1.0
2016,PROFICIENT BUSINESS SYSTEMS INC,"Professional, Scientific, and Technical Services",DULUTH,GA,Continuation,52.0,1.0,53.0,0.981132075471698
2016,PSI PHARMA SUPPORT AMERICA INC,45 - Retail Trade,KING OF PRUSSIA,PA,Continuation,1.0,0.0,1.0,1.0
2016,PYRAMID CONSULTING INC,"Professional, Scientific, and Technical Services",ALPHARETTA,GA,Continuation,32.0,3.0,35.0,0.9142857142857144
2016,QUAERO 3 LLC,"Professional, Scientific, and Technical Services",CHARLOTTE,NC,Amended,1.0,0.0,1.0,1.0
2016,QUANTUM SECURE INC,Information,SAN JOSE,CA,Continuation,2.0,0.0,2.0,1.0
2016,QUINSTREET INC,"Professional, Scientific, and Technical Services",FOSTER CITY,CA,New Employment,3.0,0.0,3.0,1.0
2016,R BISHT LLC DBA WE CARE PHARMACY,45 - Retail Trade,MIAMI,FL,New Employment,1.0,0.0,1.0,1.0
2016,REDLINE TRADING SOLUTIONS INC,Information,WOBURN,MA,New Employment,1.0,0.0,1.0,1.0
2016,RENEWABLE CONCEPT INC,33 - Manufacturing,ALTOONA,KS,Continuation,1.0,0.0,1.0,1.0
2016,RESOLUTION MEDIA INC,"Professional, Scientific, and Technical Services",NEW YORK,NY,Change of Employer,1.0,0.0,1.0,1.0
2016,RF MICRO DEVICES INC DBA QORVO,33 - Manufacturing,GREENSBORO,NC,Amended,1.0,0.0,1.0,1.0
2016,RIO ENERGY INTERNATIONAL INC,Wholesale Trade,HOUSTON,TX,New Employment,1.0,0.0,1.0,1.0
2016,ROBERT BOSCH LLC,33 - Manufacturing,FARMINGTON HILLS,MI,Change of Employer,17.0,0.0,17.0,1.0
2016,ROBERT LOUIS STEVENSON SCHOOL,Public Administration,NEW YORK,NY,Continuation,1.0,0.0,1.0,1.0
2016,ROCKWATER ENERGY SOLUTIONS INC,"Mining, Quarrying, and Oil and Gas Extraction",HOUSTON,TX,New Employment,1.0,0.0,1.0,1.0
2016,ROHRER BROTHERS INC,Wholesale Trade,SACRAMENTO,CA,Continuation,1.0,0.0,1.0,1.0
2016,ROPER SCIENTIFIC INC D/B/A PHOTOME,33 - Manufacturing,TUCSON,AZ,New Employment,1.0,0.0,1.0,1.0
2016,RUST COLLEGE,Educational Services,HOLLY SPRINGS,MS,Continuation,0.0,1.0,1.0,0.0
2016,SAAVN LLC,Information,NEW YORK,NY,Amended,2.0,0.0,2.0,1.0
2016,SAI BUS SOLNS LLC DBA SBS CORP,"Professional, Scientific, and Technical Services",HOUSTON,TX,Amended,4.0,1.0,5.0,0.8
2016,SAMSUNG SEMICONDUCTOR INC,"Professional, Scientific, and Technical Services",SAN JOSE,CA,Amended,6.0,0.0,6.0,1.0
2016,SANFORD BISMARCK,Health Care and Social Assistance,SIOUX FALLS,SD,Change of Employer,3.0,0.0,3.0,1.0
2016,SANRA SOLUTIONS INC,"Professional, Scientific, and Technical Services",GOLD RIVER,CA,Continuation,3.0,0.0,3.0,1.0
2016,SANTA CLARA UNIV,Educational Services,SANTA CLARA,CA,New Employment,3.0,0.0,3.0,1.0
2016,SAS MANAGEMENT INC,"Professional, Scientific, and Technical Services",ASHBURN,VA,Continuation,1.0,0.0,1.0,1.0
2016,SCHLUMBERGER TECHNOLOGY CORP,33 - Manufacturing,HOUSTON,TX,New Employment,1.0,0.0,1.0,1.0
2016,SCHNEIDER ELECTRIC SOFTWARE LLC,33 - Manufacturing,ANDOVER,MA,New Employment,2.0,0.0,2.0,1.0
2016,SCHNEIDER ELECTRIC USA INC,33 - Manufacturing,PALATINE,IL,Change of Employer,3.0,0.0,3.0,1.0
2016,SCHOENECKERS INC D/B/A BI WORLDWID,"Professional, Scientific, and Technical Services",MINNEAPOLIS,MN,Continuation,1.0,0.0,1.0,1.0
2016,SDK ATELIER INC,"Professional, Scientific, and Technical Services",IRVINE,CA,New Employment,1.0,0.0,1.0,1.0
2016,SECURICON LLC,"Professional, Scientific, and Technical Services",ALEXANDRIA,VA,Continuation,1.0,0.0,1.0,1.0
2016,SEEKNET USA,"Professional, Scientific, and Technical Services",TORRANCE,CA,New Employment,1.0,0.0,1.0,1.0
2016,SELF-POINT USA INC,"Professional, Scientific, and Technical Services",BROOKLYN,NY,Change of Employer,0.0,1.0,1.0,0.0
2016,SEMINOLE HOSPITAL DISTRICT,Health Care and Social Assistance,SEMINOLE,TX,New Employment,3.0,0.0,3.0,1.0
2016,SENCHA INC,Information,REDWOOD CITY,CA,Continuation,1.0,0.0,1.0,1.0
2016,"SENDHUB, INC.","Professional, Scientific, and Technical Services",SAN BRUNO,CA,Continuation,1.0,0.0,1.0,1.0
2016,SENSE CORP,"Professional, Scientific, and Technical Services",SAINT LOUIS,MO,Change with Same Employer,1.0,0.0,1.0,1.0
2016,SENSITY SYSTEMS INC,Utilities,SUNNYVALE,CA,New Employment,2.0,0.0,2.0,1.0
2016,SHAWCOR PIPE PROTECTION LLC,Construction,HOUSTON,TX,Amended,1.0,0.0,1.0,1.0
2016,SHEARS ADKINS ROCKMORE ARCHITECTS,"Professional, Scientific, and Technical Services",DENVER,CO,Change of Employer,1.0,0.0,1.0,1.0
2016,SIFY TECHNOLOGIES NA CORP,"Professional, Scientific, and Technical Services",SANTA CLARA,CA,Continuation,2.0,0.0,2.0,1.0
2016,SILURIA TECHNOLOGIES INC,"Professional, Scientific, and Technical Services",SAN FRANCISCO,CA,New Employment,1.0,0.0,1.0,1.0
2016,SIRI INFOSOLUTIONS INC,"Professional, Scientific, and Technical Services",EDISON,NJ,Amended,14.0,5.0,19.0,0.7368421052631579
2016,SLK AMERICA INC,"Professional, Scientific, and Technical Services",CINCINNATI,OH,Amended,26.0,1.0,27.0,0.9629629629629628
2016,SMART SOLUTIONS INC,"Professional, Scientific, and Technical Services",MINNEAPOLIS,MN,New Employment,0.0,3.0,3.0,0.0
2016,SMITH MANDEL & ASSOCIATES LLP,"Professional, Scientific, and Technical Services",BURBANK,CA,New Employment,1.0,0.0,1.0,1.0
2016,SOFTECH INTL RESOURCES INC,"Professional, Scientific, and Technical Services",NORCROSS,GA,Change of Employer,0.0,1.0,1.0,0.0
2016,SOFTWARE GALAXY SYSTEMS LLC,"Professional, Scientific, and Technical Services",PRINCETON,NJ,Change of Employer,1.0,0.0,1.0,1.0
2016,SOUTH SHORE HOSPITAL,Health Care and Social Assistance,BOSTON,MA,Change of Employer,1.0,0.0,1.0,1.0
2016,SOUTHERN IL UNIV EDWARDSVILLE,Educational Services,EDWARDSVILLE,IL,New Employment,4.0,0.0,4.0,1.0
2016,SOUTHERN WINE & SPIRITS OF AMERICA,Wholesale Trade,MIRAMAR,FL,Continuation,1.0,0.0,1.0,1.0
2016,SOUTHWESTERN CHRISTIAN UNIV SCU,Educational Services,BETHANY,OK,Continuation,1.0,0.0,1.0,1.0
2016,SPARTAN MOTORS USA INC,33 - Manufacturing,CHARLOTTE,MI,Amended,2.0,0.0,2.0,1.0
2016,SPECTRUM MEDICAL GROUP PA,Health Care and Social Assistance,SOUTH PORTLAND,ME,New Employment,1.0,0.0,1.0,1.0
2016,SSM MEDICAL GROUP INC,Health Care and Social Assistance,SAINT LOUIS,MO,Change of Employer,1.0,0.0,1.0,1.0
2016,ST PAULS PARISH OF THE PE CHURCH,Other Services (except Public Administration),WASHINGTON,DC,New Employment,1.0,0.0,1.0,1.0
2016,ST VINCENT S MULTISPECIALTY GRP IN,Health Care and Social Assistance,BRIDGEPORT,CT,New Concurrent,4.0,0.0,4.0,1.0
2016,STARKVILLE OKTIBBEHA CONSOLIDATED,Educational Services,STARKVILLE,MS,Change of Employer,1.0,0.0,1.0,1.0
2016,STG INC,"Professional, Scientific, and Technical Services",EDISON,NJ,Change of Employer,0.0,1.0,1.0,0.0
2016,STRATCOM SYSTEMS INC DBA SIMS SOFT,"Professional, Scientific, and Technical Services",SOLANA BEACH,CA,Change with Same Employer,1.0,0.0,1.0,1.0
2016,STULLER INC,33 - Manufacturing,LAFAYETTE,LA,Change of Employer,1.0,0.0,1.0,1.0
2016,SUMMIT MORTGAGE BANKERS INC,Finance and Insurance,FLUSHING,NY,New Employment,1.0,0.0,1.0,1.0
2016,T-MARK INTERNATIONAL INC,"Professional, Scientific, and Technical Services",BUFFALO,NY,Continuation,1.0,0.0,1.0,1.0
2016,TAGWIRE MEDIA LLC,"Professional, Scientific, and Technical Services",MADISON,WI,Change of Employer,1.0,0.0,1.0,1.0
2016,TALENT9 INC,"Professional, Scientific, and Technical Services",NORCROSS,GA,Change of Employer,2.0,0.0,2.0,1.0
2016,TAOS GLOBAL GROUP INC,Finance and Insurance,CHICAGO,IL,Continuation,1.0,0.0,1.0,1.0
2016,TAYLOR WOODS CAPITAL MGT LLC,Finance and Insurance,GREENWICH,CT,Continuation,1.0,0.0,1.0,1.0
2016,TECH PROFY INC,"Professional, Scientific, and Technical Services",FREMONT,CA,New Employment,1.0,1.0,2.0,0.5
2016,TECSOURCE INTERNATIONAL LLC,"Professional, Scientific, and Technical Services",NORTH LITTLE ROCK,AR,Change with Same Employer,1.0,0.0,1.0,1.0
2016,TECSOURCE INTERNATIONAL LLC,"Professional, Scientific, and Technical Services",NORTH LITTLE ROCK,AR,Continuation,1.0,0.0,1.0,1.0
2016,TECTONICS,"Professional, Scientific, and Technical Services",EMERYVILLE,CA,New Employment,0.0,1.0,1.0,0.0
2016,TEJ SOLUTIONS INC,"Professional, Scientific, and Technical Services",ALPHARETTA,GA,Amended,4.0,0.0,4.0,1.0
2016,TELCO INTERCONTINENTAL CORPORATION,Wholesale Trade,HOUSTON,TX,New Employment,1.0,0.0,1.0,1.0
2016,TERADYNE INFOTECH INC,"Professional, Scientific, and Technical Services",FARMINGTON HILLS,MI,Continuation,3.0,0.0,3.0,1.0
2016,TERUMO BCT INC,33 - Manufacturing,DENVER,CO,Change of Employer,1.0,0.0,1.0,1.0
2016,TEXTILES FROM EUROPE INC DBA VICTO,Wholesale Trade,EDISON,NJ,Continuation,1.0,0.0,1.0,1.0
2016,THE BEACON MUTUAL INSUANCE COMPANY,Finance and Insurance,WARWICK,RI,Continuation,1.0,0.0,1.0,1.0
2016,THE GEORGE WASHINGTON UNIV,Educational Services,WASHINGTON,DC,Change of Employer,2.0,0.0,2.0,1.0
2016,THE HORSBURGH & SCOTT COMPANY,33 - Manufacturing,CLEVELAND,OH,Continuation,1.0,0.0,1.0,1.0
2016,THE JENSEN LAW FIRM PLLC,"Professional, Scientific, and Technical Services",NEW YORK,NY,New Employment,1.0,0.0,1.0,1.0
2016,THE MAGELLAN SCH DBA THE MAGELLAN,Educational Services,AUSTIN,TX,Amended,1.0,0.0,1.0,1.0
2016,THE SHAND GROUP,"Professional, Scientific, and Technical Services",SANTA BARBARA,CA,New Employment,0.0,1.0,1.0,0.0
2016,THE TIMKEN COMPANY,33 - Manufacturing,NORTH CANTON,OH,Continuation,1.0,0.0,1.0,1.0
2016,THE UNIVERSITY OF IOWA,Educational Services,IOWA CITY,IA,New Employment,65.0,0.0,65.0,1.0
2016,THOMPSON COMPANY INC,"Professional, Scientific, and Technical Services",PEACHTREE CORNERS,GA,New Employment,1.0,0.0,1.0,1.0
2016,TIANJAN BOND USA LLC,Wholesale Trade,HOUSTON,TX,Change of Employer,1.0,0.0,1.0,1.0
2016,TOYO USA INC,"Professional, Scientific, and Technical Services",HOUSTON,TX,Change of Employer,1.0,0.0,1.0,1.0
2016,TRANSPACIFIC FINANCIAL INC,Finance and Insurance,ARCADIA,CA,Continuation,2.0,0.0,2.0,1.0
2016,TRI-COM CONSULTING GROUP,"Professional, Scientific, and Technical Services",MIDDLETOWN,CT,Continuation,1.0,0.0,1.0,1.0
2016,TRIVISION GROUP INC,"Professional, Scientific, and Technical Services",NEW YORK,NY,Continuation,1.0,0.0,1.0,1.0
2016,TSR CONSULTING SERVICES INC,"Professional, Scientific, and Technical Services",NEW YORK,NY,Amended,1.0,0.0,1.0,1.0
2016,TSYS,Finance and Insurance,COLUMBUS,GA,New Employment,1.0,0.0,1.0,1.0
2016,TUBEMOGUL INC,"Professional, Scientific, and Technical Services",EMERYVILLE,CA,Continuation,7.0,0.0,7.0,1.0
2016,UBER TECHNOLOGIES INC,"Professional, Scientific, and Technical Services",SAN FRANCISCO,CA,Amended,4.0,0.0,4.0,1.0
2016,UNION HOSPITAL OF CECIL COUNTY,Health Care and Social Assistance,WASHINGTON,DC,Continuation,1.0,0.0,1.0,1.0
2016,UNIQUE GIFTS & TS,45 - Retail Trade,GATLINBURG,TN,Continuation,1.0,0.0,1.0,1.0
2016,UNITE INC,"Professional, Scientific, and Technical Services",LOS ANGELES,CA,New Employment,1.0,0.0,1.0,1.0
2016,UNIV OF CONNECTICUT OFC OF THE GEN,Educational Services,STORRS MANSFIELD,CT,Continuation,1.0,1.0,2.0,0.5
2016,UNIVERSITY OF THE PACIFIC,Educational Services,SAN FRANCISCO,CA,New Employment,1.0,0.0,1.0,1.0
2016,UNIWAYSOFT INC,"Professional, Scientific, and Technical Services",BLUE BELL,PA,New Employment,0.0,4.0,4.0,0.0
2016,US BIONICS INC DBA SUITX,"Professional, Scientific, and Technical Services",BERKELEY,CA,New Employment,1.0,0.0,1.0,1.0
2016,US BUSINESS REGIONAL CENTER INC,Administrative and Support and Waste Management and Remediation Services,FLUSHING,NY,New Employment,0.0,1.0,1.0,0.0
2016,US IT SOLUTIONS INC,"Professional, Scientific, and Technical Services",FREMONT,CA,Change of Employer,1.0,0.0,1.0,1.0
2016,UST GLOBAL INC,"Professional, Scientific, and Technical Services",ALISO VIEJO,CA,Change of Employer,93.0,4.0,97.0,0.9587628865979382
2016,VECTOR FOILTEC LLC,33 - Manufacturing,FAIRFIELD,NJ,Continuation,1.0,0.0,1.0,1.0
2016,VERITIS GROUP INC,"Professional, Scientific, and Technical Services",IRVING,TX,Change of Employer,1.0,0.0,1.0,1.0
2016,VERSA NETWORKS INC,Information,SANTA CLARA,CA,New Employment,2.0,0.0,2.0,1.0
2016,VGA INTERNATIONAL INC,45 - Retail Trade,SECAUCUS,NJ,New Employment,1.0,0.0,1.0,1.0
2016,VIHA INC,"Professional, Scientific, and Technical Services",ORLANDO,FL,New Employment,0.0,1.0,1.0,0.0
2016,VIRGINIA UNIVERSITY OF SCI & TECH,Administrative and Support and Waste Management and Remediation Services,MC LEAN,VA,Continuation,1.0,0.0,1.0,1.0
2016,VIVA TEK LLC,"Professional, Scientific, and Technical Services",HERNDON,VA,Amended,1.0,0.0,1.0,1.0
2016,VLINK INC,"Professional, Scientific, and Technical Services",SOUTH WINDSOR,CT,New Employment,6.0,1.0,7.0,0.8571428571428571
2016,W M KECK OBSERVATORY,"Professional, Scientific, and Technical Services",KAMUELA,HI,Continuation,1.0,0.0,1.0,1.0
2016,W/H/I/P SYSTEMS LLC D/B/A AROGHIA,"Professional, Scientific, and Technical Services",AURORA,CO,Continuation,17.0,1.0,18.0,0.9444444444444444
2016,WAITEX INTERNATIONAL CO LTD,45 - Retail Trade,NEW YORK,NY,Continuation,1.0,0.0,1.0,1.0
2016,WELLDOC INC,"Professional, Scientific, and Technical Services",BALTIMORE,MD,Amended,1.0,0.0,1.0,1.0
2016,WELTON INVESTMENT PARTNERS LLC,Finance and Insurance,CARMEL,CA,New Employment,1.0,0.0,1.0,1.0
2016,WESTERN STATES FIRE PROTECTION,Public Administration,PARKER,CO,New Employment,1.0,0.0,1.0,1.0
2016,WMBE PAYROLLING INC DBA TARGETCW,"Professional, Scientific, and Technical Services",SAN DIEGO,CA,Change of Employer,1.0,2.0,3.0,0.3333333333333333
2016,WOMEN & INFANTS HOSPITAL OF RHODE,Health Care and Social Assistance,PROVIDENCE,RI,Continuation,1.0,0.0,1.0,1.0
2016,WORLD CLASS WORKFORCE LLC,"Professional, Scientific, and Technical Services",ALEXANDRIA,VA,New Employment,1.0,0.0,1.0,1.0
2016,WORLD FUEL SERVICES CORPORATION,Wholesale Trade,MIAMI,FL,Change of Employer,1.0,0.0,1.0,1.0
2016,WORLDWIDE FLIGHT SERVICES INC,49 - Transportation and Warehousing,IRVING,TX,Amended,1.0,0.0,1.0,1.0
2016,WS ATKINS INC,"Professional, Scientific, and Technical Services",HOUSTON,TX,Amended,7.0,2.0,9.0,0.7777777777777778
2016,WVP MEDICAL GROUP LLC,Health Care and Social Assistance,SALEM,OR,New Employment,1.0,0.0,1.0,1.0
2016,WYNRIGHT CORPORATION,"Professional, Scientific, and Technical Services",OAK LAWN,IL,Continuation,3.0,0.0,3.0,1.0
2016,X SCAN IMAGING CORP,33 - Manufacturing,SAN JOSE,CA,Continuation,1.0,0.0,1.0,1.0
2016,XAVIENT INFORMATION SYSTEMS INC,"Professional, Scientific, and Technical Services",HERNDON,VA,Change with Same Employer,4.0,0.0,4.0,1.0
2016,YAKIMA VALLEY FARM WORKERS CLINIC,Health Care and Social Assistance,TOPPENISH,WA,Continuation,3.0,0.0,3.0,1.0
2016,YOTTA SYSTEMS INC,"Professional, Scientific, and Technical Services",NUTLEY,NJ,New Employment,13.0,2.0,15.0,0.8666666666666667
2016,Z3 TECHNOLOGIES INC,"Professional, Scientific, and Technical Services",MILWAUKEE,WI,New Employment,2.0,3.0,5.0,0.4
2016,ZERO POINT ZERO PRODUCTION INC,Information,NEW YORK,NY,New Employment,1.0,0.0,1.0,1.0
2016,ZIMMER INC,33 - Manufacturing,WARSAW,IN,Continuation,5.0,0.0,5.0,1.0
2016,ZOOSK INC,Other Services (except Public Administration),SAN FRANCISCO,CA,New Employment,1.0,0.0,1.0,1.0
2017,33ACROSS INC,"Professional, Scientific, and Technical Services",NEW YORK,NY,New Employment,1.0,0.0,1.0,1.0
2017,7303 INCORPORATED INC,Real Estate and Rental and Leasing,NORTHLAKE,IL,New Employment,1.0,0.0,1.0,1.0
2017,A O SMITH CORPORATION,33 - Manufacturing,MILWAUKEE,WI,New Employment,2.0,0.0,2.0,1.0
2017,A-MAX INSURANCE SERVICES INC,Finance and Insurance,DALLAS,TX,New Employment,1.0,1.0,2.0,0.5
2017,AAA GLOBAL TECHNOLOGIES LLC,"Professional, Scientific, and Technical Services",ATLANTA,GA,New Employment,1.0,0.0,1.0,1.0
2017,ABAL TECHNOLOGIES INC,"Professional, Scientific, and Technical Services",TRENTON,NJ,Continuation,9.0,0.0,9.0,1.0
2017,ACCESS PLUS REHAB LLC,Health Care and Social Assistance,DETROIT,MI,New Employment,2.0,0.0,2.0,1.0
2017,ACTUS CONSULTING GROUP INC,Administrative and Support and Waste Management and Remediation Services,NEW YORK,NY,Continuation,1.0,0.0,1.0,1.0
2017,ADOBE SYSTEMS INCORPORATED,Information,SAN JOSE,CA,Continuation,1.0,0.0,1.0,1.0
2017,AGFIRST FARM CREDIT BANK,Finance and Insurance,COLUMBIA,SC,New Employment,1.0,0.0,1.0,1.0
2017,AHUJA DENTAL CORPORATION,Health Care and Social Assistance,RIALTO,CA,Change of Employer,1.0,0.0,1.0,1.0
2017,AIG TECHNOLOGIES INC,Finance and Insurance,NEW YORK,NY,New Employment,2.0,0.0,2.0,1.0
2017,ALLEGRO MICROSYSTEMS LLC,33 - Manufacturing,MANCHESTER,NH,Continuation,1.0,0.0,1.0,1.0
2017,ALLSCRIPTS MANAGED SERVICES LLC,Information,CHARLOTTE,NC,Change of Employer,2.0,0.0,2.0,1.0
2017,ALLWIN TECHNOLOGIES LLC,Wholesale Trade,DULUTH,GA,New Employment,1.0,0.0,1.0,1.0
2017,AMAR ATWAL MD PC DBA ATWAL EYE CAR,Health Care and Social Assistance,BUFFALO,NY,New Employment,1.0,0.0,1.0,1.0
2017,AMBARELLA CORPORATION,33 - Manufacturing,SANTA CLARA,CA,Continuation,2.0,0.0,2.0,1.0
2017,AMERICAN SCHOLAR LTD,"Professional, Scientific, and Technical Services",GREENVILLE,PA,Continuation,1.0,0.0,1.0,1.0
2017,APOGEE MED GR SOUTH CAROLINA PC,Health Care and Social Assistance,DALLAS,TX,New Employment,1.0,0.0,1.0,1.0
2017,APOGEE MEDICAL GR PENNSYLVANIA PC,Health Care and Social Assistance,DALLAS,TX,New Employment,2.0,0.0,2.0,1.0
2017,APPDYNAMICS INC,Information,SAN FRANCISCO,CA,Continuation,14.0,0.0,14.0,1.0
2017,AR CONSULTING & DEVELOPMENT INC,"Professional, Scientific, and Technical Services",MORRISVILLE,NC,Change of Employer,1.0,0.0,1.0,1.0
2017,ARCHER DANIELS MIDLAND COMPANY,33 - Manufacturing,DECATUR,IL,Change of Employer,7.0,0.0,7.0,1.0
2017,ARTBEAN INC,45 - Retail Trade,RONKONKOMA,NY,New Employment,1.0,0.0,1.0,1.0
2017,ASG TECHNOLOGIES GROUP INC,"Professional, Scientific, and Technical Services",NAPLES,FL,New Employment,1.0,0.0,1.0,1.0
2017,ASTELLAS PHARMA GLOBAL DEVELOPMENT,"Professional, Scientific, and Technical Services",NORTHBROOK,IL,Change of Employer,2.0,0.0,2.0,1.0
2017,ATHENS INDEPENDENT SCHOOL DISTRICT,Educational Services,ATHENS,TX,Continuation,2.0,0.0,2.0,1.0
2017,AUM BODY & SOUL SPA LLC,Health Care and Social Assistance,WEST NEW YORK,NJ,Change of Employer,1.0,0.0,1.0,1.0
2017,AVENUES NEW YORK LLC,Educational Services,NEW YORK,NY,Change with Same Employer,2.0,0.0,2.0,1.0
2017,AVISTA PHARMA SOLUTIONS INC,"Professional, Scientific, and Technical Services",DURHAM,NC,Change with Same Employer,1.0,0.0,1.0,1.0
2017,AXIA CONSULTING INC,"Professional, Scientific, and Technical Services",COLUMBUS,OH,Amended,1.0,0.0,1.0,1.0
2017,AZN INVESTMENT PLANNING INC,Real Estate and Rental and Leasing,FAYETTEVILLE,GA,New Employment,1.0,0.0,1.0,1.0
2017,BAIDU REAL ESTATE INC,"Professional, Scientific, and Technical Services",BROOKLYN,NY,Change of Employer,0.0,1.0,1.0,0.0
2017,BANK OF AMERICA NA,Finance and Insurance,NEW YORK,NY,Change with Same Employer,4.0,0.0,4.0,1.0
2017,BAXTER HEALTHCARE CORPORATION,33 - Manufacturing,CHICAGO,IL,Continuation,3.0,0.0,3.0,1.0
2017,BCS INTL CORP DBA ROYAL FOODS,Wholesale Trade,LONG ISLAND CITY,NY,Change of Employer,1.0,0.0,1.0,1.0
2017,BELCHER PHARMACEUTICALS LLC,33 - Manufacturing,LARGO,FL,Continuation,3.0,0.0,3.0,1.0
2017,BERKSHIRE HATHAWAY SPECIALTY INSUR,Finance and Insurance,BOSTON,MA,New Employment,1.0,0.0,1.0,1.0
2017,BERRY COLLEGE INC DBA BERRY COLLEG,Educational Services,MOUNT BERRY ROME,GA,New Employment,1.0,0.0,1.0,1.0
2017,BEYOND CENTURY CONSULTING LLC,"Professional, Scientific, and Technical Services",DIAMOND BAR,CA,New Concurrent,1.0,0.0,1.0,1.0
2017,BIODISCOVERY INC,"Professional, Scientific, and Technical Services",EL SEGUNDO,CA,Continuation,1.0,0.0,1.0,1.0
2017,BIOWISH TECHNOLOGIES INC,33 - Manufacturing,CINCINNATI,OH,Continuation,1.0,0.0,1.0,1.0
2017,BLUE FUSION ENTERPRISE TECHS INC,"Professional, Scientific, and Technical Services",ROSWELL,GA,Continuation,1.0,0.0,1.0,1.0
2017,BLUE ROSE TECHNOLOGIES LLC,"Professional, Scientific, and Technical Services",MIAMI,FL,New Employment,1.0,0.0,1.0,1.0
2017,BOROUGH EQUITIES LLC,Finance and Insurance,NEW YORK,NY,New Employment,1.0,0.0,1.0,1.0
2017,BRIGHT PATTERN INC,Information,SAN BRUNO,CA,Continuation,1.0,0.0,1.0,1.0
2017,CA FERTILITY EXPERTS INC,Health Care and Social Assistance,SAN DIEGO,CA,New Employment,1.0,0.0,1.0,1.0
2017,CAPITAL ONE NATIONAL ASSOCIATION,Finance and Insurance,HENRICO,VA,New Employment,15.0,0.0,15.0,1.0
2017,CARDUS INC,"Professional, Scientific, and Technical Services",FARMINGTON HILLS,MI,Amended,5.0,0.0,5.0,1.0
2017,CATALENT PHARMA SOLUTIONS,"Professional, Scientific, and Technical Services",MADISON,WI,New Concurrent,1.0,0.0,1.0,1.0
2017,CAYS INC,"Professional, Scientific, and Technical Services",EL SEGUNDO,CA,New Employment,2.0,0.0,2.0,1.0
2017,CBA PHARMACY INC,45 - Retail Trade,TAMPA,FL,New Employment,0.0,1.0,1.0,0.0
2017,CENTERPOINT ENERGY SERVICES CO LLC,Utilities,HOUSTON,TX,Amended,2.0,0.0,2.0,1.0
2017,CENTRA MEDICAL GROUP LLC,Health Care and Social Assistance,LYNCHBURG,VA,New Employment,2.0,0.0,2.0,1.0
2017,CERIDIAN DAYFORCE LLC,"Professional, Scientific, and Technical Services",BLOOMINGTON,MN,Amended,0.0,1.0,1.0,0.0
2017,CERTERRA INC,"Professional, Scientific, and Technical Services",COLD SPRING HARBOR,NY,New Employment,1.0,0.0,1.0,1.0
2017,CHAMPLAIN COLLEGE INC,Educational Services,BURLINGTON,VT,Continuation,2.0,0.0,2.0,1.0
2017,CHARLOTTE RUSSE INC,45 - Retail Trade,SAN DIEGO,CA,Change of Employer,1.0,0.0,1.0,1.0
2017,CHICAGO TRANSIT AUTHORITY,49 - Transportation and Warehousing,CHICAGO,IL,Continuation,1.0,0.0,1.0,1.0
2017,CHINESE CULTURE FOUNDATION OF SAN,"Arts, Entertainment, and Recreation",SAN FRANCISCO,CA,New Employment,0.0,1.0,1.0,0.0
2017,CHYRONHEGO CORPORATION,33 - Manufacturing,MELVILLE,NY,Continuation,1.0,0.0,1.0,1.0
2017,CITRATEK INC,"Professional, Scientific, and Technical Services",TAMPA,FL,Change with Same Employer,1.0,0.0,1.0,1.0
2017,CITY OF SAN ANTONIO ACTING BY AND,Public Administration,SAN ANTONIO,TX,Amended,1.0,0.0,1.0,1.0
2017,CLEMENTS COMPANY INC,Finance and Insurance,WASHINGTON,DC,New Employment,1.0,0.0,1.0,1.0
2017,CLERMONT COMMUNITY PHARMACY INC,45 - Retail Trade,CLERMONT,FL,New Employment,1.0,0.0,1.0,1.0
2017,CLEVELAND CLINIC FLORIDA,Health Care and Social Assistance,WESTON,FL,Change of Employer,4.0,0.0,4.0,1.0
2017,CLIFFORD CHANCE US LLP,"Professional, Scientific, and Technical Services",NEW YORK,NY,New Employment,1.0,0.0,1.0,1.0
2017,CLONETAB INC,"Professional, Scientific, and Technical Services",TRACY,CA,Amended,5.0,0.0,5.0,1.0
2017,CLOVER NETWORK INC,"Professional, Scientific, and Technical Services",SUNNYVALE,CA,New Employment,4.0,0.0,4.0,1.0
2017,CNBC LLC,"Arts, Entertainment, and Recreation",UNIVERSAL CITY,CA,Continuation,1.0,0.0,1.0,1.0
2017,COLLABNET INC,"Professional, Scientific, and Technical Services",SOUTH SAN FRANCISCO,CA,New Employment,1.0,0.0,1.0,1.0
2017,COLLEGE NOW GREATER CLEVELAND INC,Other Services (except Public Administration),CLEVELAND,OH,New Employment,0.0,1.0,1.0,0.0
2017,COLORADO STATE UNIVERSITY,Educational Services,FORT COLLINS,CO,Continuation,15.0,0.0,15.0,1.0
2017,COLOSSAL CONTRACTORS INC,Construction,BURTONSVILLE,MD,Continuation,1.0,0.0,1.0,1.0
2017,COLUMBUS STATE UNIVERSITY,Educational Services,COLUMBUS,GA,Change of Employer,2.0,0.0,2.0,1.0
2017,COMMUNICATION COMPONENT FILTERS,33 - Manufacturing,SEABROOK,NH,Continuation,1.0,0.0,1.0,1.0
2017,COMMUNITY HEALTH SERVICES INC,Health Care and Social Assistance,HARTFORD,CT,Change with Same Employer,1.0,0.0,1.0,1.0
2017,COMMUNITY HOSPITALIST MED GRP,Health Care and Social Assistance,FRESNO,CA,New Employment,1.0,0.0,1.0,1.0
2017,COMPLETE PROFESSIONAL STAFFING INC,Administrative and Support and Waste Management and Remediation Services,RIDGEFIELD,NJ,Change of Employer,1.0,0.0,1.0,1.0
2017,COMPUSHARP INC,"Professional, Scientific, and Technical Services",SANTA CLARA,CA,Continuation,2.0,0.0,2.0,1.0
2017,COMPUTER GLOBAL SOLUTIONS INC,"Professional, Scientific, and Technical Services",TAMPA,FL,Change of Employer,21.0,1.0,22.0,0.9545454545454546
2017,COOLEY LLP,"Professional, Scientific, and Technical Services",PALO ALTO,CA,New Employment,1.0,0.0,1.0,1.0
2017,COQUELICOT DBA MIRABELLE INN,Accommodation and Food Services,WOODLAND HILLS,CA,Change of Employer,0.0,1.0,1.0,0.0
2017,CORE EDUCATION & CONS SOLNS INC,"Professional, Scientific, and Technical Services",PRINCETON,NJ,Amended,1.0,0.0,1.0,1.0
2017,CORNELLCOOKSON INC,33 - Manufacturing,GOODYEAR,AZ,Change with Same Employer,1.0,0.0,1.0,1.0
2017,COWRY HEALTH LLC,Health Care and Social Assistance,GALLUP,NM,Amended,2.0,0.0,2.0,1.0
2017,CRAFTNER INC,"Professional, Scientific, and Technical Services",CHARLOTTE,NC,Change of Employer,7.0,0.0,7.0,1.0
2017,CRAVATH SWAINE & MOORE LLP,"Professional, Scientific, and Technical Services",NEW YORK,NY,New Employment,10.0,0.0,10.0,1.0
2017,CREDENTIALS INC,Administrative and Support and Waste Management and Remediation Services,CHICAGO,IL,New Employment,1.0,0.0,1.0,1.0
2017,CRITICAL CARE PHYSICIANS OF NEW YO,Health Care and Social Assistance,TACOMA,WA,New Concurrent,1.0,0.0,1.0,1.0
2017,CSR INFOTECH INC,"Professional, Scientific, and Technical Services",HOUSTON,TX,New Employment,1.0,0.0,1.0,1.0
2017,DANICK RESOURCES INC,"Mining, Quarrying, and Oil and Gas Extraction",DALLAS,TX,New Employment,1.0,0.0,1.0,1.0
2017,DATA-CORE SYSTEMS INC,"Professional, Scientific, and Technical Services",PHILADELPHIA,PA,Amended,24.0,13.0,37.0,0.6486486486486487
2017,DATAEDGE CONSULTING INC,"Professional, Scientific, and Technical Services",PRINCETON,NJ,Continuation,1.0,0.0,1.0,1.0
2017,DAYTON OUTPATIENT CENTER,Health Care and Social Assistance,DAYTON,OH,Continuation,1.0,0.0,1.0,1.0
2017,DELAWARE DESIGN LAB HIGH SCH INC,Educational Services,NEWARK,DE,Change of Employer,1.0,0.0,1.0,1.0
2017,DEROSA RESEARCH & TRADING INC,45 - Retail Trade,NEW YORK,NY,Amended,1.0,0.0,1.0,1.0
2017,DOLVEN ENTERPRISES INC,33 - Manufacturing,RALEIGH,NC,Continuation,1.0,0.0,1.0,1.0
2017,DON BOSCO TECHNICAL INSTITUTE,Educational Services,ROSEMEAD,CA,Change of Employer,1.0,0.0,1.0,1.0
2017,DONNELLEY FINANCIAL LLC,Information,CHICAGO,IL,New Employment,1.0,1.0,2.0,0.5
2017,DOORDASH INC,"Professional, Scientific, and Technical Services",SAN FRANCISCO,CA,Change of Employer,6.0,0.0,6.0,1.0
2017,DUANE MORRIS LLP,"Professional, Scientific, and Technical Services",PHILADELPHIA,PA,Change of Employer,1.0,0.0,1.0,1.0
2017,DXA STUDIO ARCHITECTURE PLLC,"Professional, Scientific, and Technical Services",NEW YORK,NY,Continuation,1.0,0.0,1.0,1.0
2017,DYNAMIC ENERGY SERVICES INTL LLC,Construction,NEW ORLEANS,LA,Change of Employer,1.0,0.0,1.0,1.0
2017,EIDIKO SYSTEMS INTEGRATORS LLC,"Professional, Scientific, and Technical Services",CHARLOTTE,NC,New Employment,1.0,0.0,1.0,1.0
2017,ELECTRONIC DATA PROFESSIONALS INC,"Professional, Scientific, and Technical Services",BENSALEM,PA,New Employment,1.0,0.0,1.0,1.0
2017,ELIXIR TECHNOLOGIES CORPORATION,"Professional, Scientific, and Technical Services",OJAI,CA,New Employment,0.0,1.0,1.0,0.0
2017,ELM FIELDSIGHT LLC,"Professional, Scientific, and Technical Services",PEORIA,IL,New Employment,2.0,0.0,2.0,1.0
2017,ELMHURST ART MUSEUM,"Arts, Entertainment, and Recreation",ELMHURST,IL,New Employment,1.0,0.0,1.0,1.0
2017,EMC CORPORATION,"Professional, Scientific, and Technical Services",HOPKINTON,MA,Amended,75.0,8.0,83.0,0.9036144578313252
2017,EMINENCE CONSULTING INC,"Professional, Scientific, and Technical Services",IRVING,TX,Amended,3.0,0.0,3.0,1.0
2017,ENOAH ISOLUTIONS INC,"Professional, Scientific, and Technical Services",WESTLAKE VILLAGE,CA,Continuation,6.0,0.0,6.0,1.0
2017,ENPHASE ENERGY INC,33 - Manufacturing,PETALUMA,CA,Continuation,2.0,0.0,2.0,1.0
2017,ENVIANCE INC,"Professional, Scientific, and Technical Services",CARLSBAD,CA,Change of Employer,1.0,0.0,1.0,1.0
2017,EVERNOTE CORP,Information,REDWOOD CITY,CA,New Employment,1.0,0.0,1.0,1.0
2017,EVERSAFE INSURANCE AGENCY INC,Finance and Insurance,ARCADIA,CA,New Employment,1.0,0.0,1.0,1.0
2017,EXPERIS US INC,"Professional, Scientific, and Technical Services",MILWAUKEE,WI,Continuation,40.0,2.0,42.0,0.9523809523809524
2017,EXPLORATIONS IN ANTIQUITY INC,"Arts, Entertainment, and Recreation",LAGRANGE,GA,Continuation,1.0,0.0,1.0,1.0
2017,EXTERRAN ENERGY SOLUTIONS LP,"Mining, Quarrying, and Oil and Gas Extraction",HOUSTON,TX,Amended,1.0,0.0,1.0,1.0
2017,FAIR ISAAC CORPORATION,"Professional, Scientific, and Technical Services",SAN RAFAEL,CA,New Employment,12.0,0.0,12.0,1.0
2017,FEDEX TRADE NETWORKS TRANSPORT & B,49 - Transportation and Warehousing,BOSTON,MA,Amended,1.0,0.0,1.0,1.0
2017,FISHER ASSET MGMT LLC D/B/A FISHER,Finance and Insurance,CAMAS,WA,Continuation,1.0,0.0,1.0,1.0
2017,FMR LLC DBA FIDELITY INVESTMENTS,Finance and Insurance,BOSTON,MA,Change with Same Employer,5.0,0.0,5.0,1.0
2017,G TECH SVCS INC D/B/A G TECH PROFE,Administrative and Support and Waste Management and Remediation Services,DEARBORN,MI,Continuation,2.0,0.0,2.0,1.0
2017,G TECH TECH CORP DBA ATAN GTECH TE,Other Services (except Public Administration),CITY OF INDUSTRY,CA,Change of Employer,1.0,0.0,1.0,1.0
2017,GADSDEN REG PHYSICIAN GR PRACTICE,Health Care and Social Assistance,GADSDEN,AL,New Employment,1.0,0.0,1.0,1.0
2017,GDC HOLDING INC D/B/A NDX NATIONAL,33 - Manufacturing,PALM BEACH GARDENS,FL,Amended,1.0,0.0,1.0,1.0
2017,GENE BY GENE LTD,"Professional, Scientific, and Technical Services",HOUSTON,TX,Continuation,1.0,0.0,1.0,1.0
2017,GENERAL DYNAMICS INFO TECH INC,"Professional, Scientific, and Technical Services",FAIRFAX,VA,Continuation,1.0,0.0,1.0,1.0
2017,GIANT EAGLE INC,45 - Retail Trade,PITTSBURGH,PA,Change of Employer,1.0,0.0,1.0,1.0
2017,GKN DRIVELINE NEWTON LLC,33 - Manufacturing,NEWTON,NC,Change of Employer,1.0,0.0,1.0,1.0
2017,GKN DRIVELINE NORTH AMERICA INC,33 - Manufacturing,AUBURN HILLS,MI,Change of Employer,3.0,0.0,3.0,1.0
2017,GLOBAL ENGRG AND MATERIALS INC,"Professional, Scientific, and Technical Services",PRINCETON,NJ,Continuation,1.0,0.0,1.0,1.0
2017,GLOBAL TECH & SVCS INC DBA BIZTEK,"Professional, Scientific, and Technical Services",SAN JOSE,CA,Change of Employer,0.0,1.0,1.0,0.0
2017,GLOBALFOUNDRIES US 2 LLC,33 - Manufacturing,SANTA CLARA,CA,Change of Employer,1.0,0.0,1.0,1.0
2017,GLYCOMINE INC,"Professional, Scientific, and Technical Services",SAN FRANCISCO,CA,New Employment,1.0,0.0,1.0,1.0
2017,GOOYAH TECHNOLOGIES INC,"Professional, Scientific, and Technical Services",IRVING,TX,Amended,2.0,0.0,2.0,1.0
2017,GREENBYTE TECHNOLOGIES LLC,"Professional, Scientific, and Technical Services",FARMINGTON HILLS,MI,Amended,5.0,0.0,5.0,1.0
2017,GREENLEE TEXTRON INC,33 - Manufacturing,ROCKFORD,IL,Amended,1.0,0.0,1.0,1.0
2017,GRID DYNAMICS INTL INC,"Professional, Scientific, and Technical Services",SAN RAMON,CA,Continuation,2.0,0.0,2.0,1.0
2017,GSP PHARMACY INC,45 - Retail Trade,EAST ORANGE,NJ,Change of Employer,1.0,0.0,1.0,1.0
2017,GUPTA AND ASSOCIATES INC,"Professional, Scientific, and Technical Services",DALLAS,TX,Change of Employer,1.0,0.0,1.0,1.0
2017,H LEE MOFFITT CANCER CTR & RESEARC,Health Care and Social Assistance,TAMPA,FL,Amended,1.0,0.0,1.0,1.0
2017,HARSHA INVESTMENTS LLC,Accommodation and Food Services,ORLANDO,FL,Change of Employer,1.0,0.0,1.0,1.0
2017,HEIGHTS GLOBAL IT SERVICE CORP,"Professional, Scientific, and Technical Services",HOUSTON,TX,Amended,3.0,4.0,7.0,0.4285714285714285
2017,HENNEPIN HEALTHCARE SYSTEM INC,Health Care and Social Assistance,MINNEAPOLIS,MN,Continuation,4.0,0.0,4.0,1.0
2017,HIH INC,"Professional, Scientific, and Technical Services",WATERLOO,IL,Change of Employer,1.0,0.0,1.0,1.0
2017,HINDSIGHT SOFTWARE SOLUTIONS INC,"Professional, Scientific, and Technical Services",PLANO,TX,Amended,2.0,3.0,5.0,0.4
2017,HITACHI DATA SYSTEMS CORPORATION,"Professional, Scientific, and Technical Services",SAN FRANCISCO,CA,Change of Employer,6.0,0.0,6.0,1.0
2017,HOME BOX OFFICE INC,Information,NEW YORK,NY,Change of Employer,2.0,0.0,2.0,1.0
2017,HOSPITALIST MEDICINE PHYSICIANS WV,Health Care and Social Assistance,TACOMA,WA,Continuation,1.0,0.0,1.0,1.0
2017,HOUSE OF SPICES,Wholesale Trade,FLUSHING,NY,Continuation,1.0,0.0,1.0,1.0
2017,HUMPAL PHYSICAL THERAPY PC,Health Care and Social Assistance,CORPUS CHRISTI,TX,New Employment,1.0,0.0,1.0,1.0
2017,I2 IT SOLUTIONS INC,"Professional, Scientific, and Technical Services",IRVING,TX,Amended,3.0,0.0,3.0,1.0
2017,ID CONSULTANTS INC,Health Care and Social Assistance,LAKE WORTH,FL,Amended,1.0,0.0,1.0,1.0
2017,IDECIMAL INC,"Professional, Scientific, and Technical Services",FREMONT,CA,New Employment,0.0,1.0,1.0,0.0
2017,IDOL SOLUTIONS INC,"Professional, Scientific, and Technical Services",EAST BRUNSWICK,NJ,New Employment,11.0,11.0,22.0,0.5
2017,IGATE TECHNOLOGIES INC,"Professional, Scientific, and Technical Services",BRIDGEWATER,NJ,New Employment,9.0,0.0,9.0,1.0
2017,II IN ONE CONTRACTORS INC,Construction,CHICAGO,IL,New Employment,1.0,0.0,1.0,1.0
2017,ILLINOIS TOOL WORKS INC,33 - Manufacturing,SAINT CHARLES,MO,Change of Employer,1.0,0.0,1.0,1.0
2017,INFECTIOUS DISEASE RESEARCH INST,"Professional, Scientific, and Technical Services",SEATTLE,WA,New Employment,2.0,0.0,2.0,1.0
2017,INFOBAHN SOFTWORLD INC,"Professional, Scientific, and Technical Services",SAN JOSE,CA,Change of Employer,4.0,1.0,5.0,0.8
2017,INFOGAIN CORPORATION,"Professional, Scientific, and Technical Services",LOS GATOS,CA,Change of Employer,6.0,0.0,6.0,1.0
2017,INFOR (US) INC.,"Professional, Scientific, and Technical Services",SAINT PAUL,MN,Change with Same Employer,1.0,0.0,1.0,1.0
2017,INFORMATICA LLC,"Professional, Scientific, and Technical Services",REDWOOD CITY,CA,New Employment,7.0,0.0,7.0,1.0
2017,INFOSTAT INC,"Professional, Scientific, and Technical Services",HILLSBOROUGH,NJ,New Employment,1.0,0.0,1.0,1.0
2017,INOVA HEALTH SYSTEM,Health Care and Social Assistance,FALLS CHURCH,VA,New Employment,2.0,0.0,2.0,1.0
2017,INTENT DESIGN LTD,"Professional, Scientific, and Technical Services",FARMINGTON HILLS,MI,Change of Employer,0.0,1.0,1.0,0.0
2017,INTEREST FOR OTHERS FOUNDATION,Other Services (except Public Administration),MINNEAPOLIS,MN,Change of Employer,0.0,1.0,1.0,0.0
2017,IRULE LLC,Information,FARMINGTON HILLS,MI,Change of Employer,1.0,0.0,1.0,1.0
2017,ITELLIGENCE INC,"Professional, Scientific, and Technical Services",CINCINNATI,OH,Amended,31.0,0.0,31.0,1.0
2017,IVC US INC,33 - Manufacturing,DALTON,GA,Continuation,1.0,0.0,1.0,1.0
2017,JACKSONVILLE INDEPENDENT SCHOOL DI,Educational Services,JACKSONVILLE,TX,New Employment,2.0,0.0,2.0,1.0
2017,JAMES R GLIDEWELL DENTAL CERAMICS,45 - Retail Trade,HOUSTON,TX,Continuation,1.0,0.0,1.0,1.0
2017,JAPANESE CHILDREN S SOCIETY INC,Educational Services,ENGLEWOOD CLIFFS,NJ,Change with Same Employer,4.0,0.0,4.0,1.0
2017,JAYAKAS INC,33 - Manufacturing,HIGH POINT,NC,Change of Employer,1.0,0.0,1.0,1.0
2017,JIL DINO DISTRIBUTORS INC,"Professional, Scientific, and Technical Services",HIALEAH,FL,Continuation,1.0,0.0,1.0,1.0
2017,JIVE SOFTWARE INC,Information,CAMPBELL,CA,New Employment,1.0,0.0,1.0,1.0
2017,JPMORGAN CHASE & CO,Management of Companies and Enterprises,CHICAGO,IL,Continuation,665.0,5.0,670.0,0.9925373134328358
2017,KANSARA SYSTEMS INC,"Professional, Scientific, and Technical Services",PLAINSBORO,NJ,Amended,2.0,0.0,2.0,1.0
2017,KHUSH DENTISTRY PLLC DBA AGAVE DEN,Health Care and Social Assistance,KENEDY,TX,New Employment,1.0,0.0,1.0,1.0
2017,KIDNEY DISEASE & HYPERTENSION CONS,Health Care and Social Assistance,FLINT,MI,Change with Same Employer,2.0,0.0,2.0,1.0
2017,KING AUTOMATION INC,"Professional, Scientific, and Technical Services",ROEBUCK,SC,Continuation,1.0,1.0,2.0,0.5
2017,KK FREIGHT INTERNATIONAL INC,49 - Transportation and Warehousing,NAPLES,FL,New Employment,1.0,0.0,1.0,1.0
2017,LAKEWOOD CITY SCH DIST,Educational Services,LAKEWOOD,OH,Amended,1.0,0.0,1.0,1.0
2017,LAM PO & XU CPAS,"Professional, Scientific, and Technical Services",ARLINGTON,TX,Change of Employer,3.0,0.0,3.0,1.0
2017,LEAR CORPORATION,33 - Manufacturing,SOUTHFIELD,MI,Continuation,2.0,0.0,2.0,1.0
2017,LEGACY PRO LAW P C DBA LPL LAWYERS,"Professional, Scientific, and Technical Services",LOS ANGELES,CA,New Employment,1.0,0.0,1.0,1.0
2017,LEUTERIO THOMAS LLC,"Professional, Scientific, and Technical Services",OXON HILL,MD,New Employment,1.0,0.0,1.0,1.0
2017,LINKEDIN CORPORATION,Information,SAN FRANCISCO,CA,New Employment,2.0,0.0,2.0,1.0
2017,LIPSCOMP UNIVERSITY,Educational Services,NASHVILLE,TN,Continuation,1.0,0.0,1.0,1.0
2017,LOS ANGELES UNIFIED SCHOOL,Educational Services,LOS ANGELES,CA,New Employment,3.0,0.0,3.0,1.0
2017,LSU HEALTH SCIENCES CENTER,Educational Services,NEW ORLEANS,LA,Continuation,8.0,2.0,10.0,0.8
2017,LUK USA LLC,33 - Manufacturing,FORT MILL,SC,Change of Employer,2.0,0.0,2.0,1.0
2017,M BRAUN INC,33 - Manufacturing,STRATHAM,NH,New Employment,1.0,0.0,1.0,1.0
2017,MAESTRO TECHNOLOGIES INC,"Professional, Scientific, and Technical Services",EDISON,NJ,New Employment,1.0,0.0,1.0,1.0
2017,MALLA SYSTEMS INC D B A EFULGENT,"Professional, Scientific, and Technical Services",PHOENIX,AZ,Continuation,1.0,0.0,1.0,1.0
2017,MARINE ACCESSORIES CORPORATION,33 - Manufacturing,MARYVILLE,TN,Change of Employer,1.0,0.0,1.0,1.0
2017,MARRIOTT INTERNATIONAL INC,Accommodation and Food Services,BETHESDA,MD,Continuation,10.0,0.0,10.0,1.0
2017,MARSH CONSULTING SERVICES,"Professional, Scientific, and Technical Services",DENVILLE,NJ,Change of Employer,1.0,0.0,1.0,1.0
2017,MARTINEZ MOORE ENGINEERS LLC,"Professional, Scientific, and Technical Services",AUSTIN,TX,New Employment,1.0,0.0,1.0,1.0
2017,MAVENLINK INC,Information,IRVINE,CA,Continuation,1.0,0.0,1.0,1.0
2017,MAX PLANCK FLORIDA CORPORATION DBA,"Professional, Scientific, and Technical Services",JUPITER,FL,Amended,1.0,0.0,1.0,1.0
2017,MEDICINE AND LONG TERM CARE ASSOCI,Health Care and Social Assistance,CRANSTON,RI,New Employment,1.0,0.0,1.0,1.0
2017,MELMARK INC,Educational Services,ANDOVER,MA,New Employment,4.0,0.0,4.0,1.0
2017,MENTORUS GLOBAL LLC,"Professional, Scientific, and Technical Services",BALTIMORE,MD,Amended,4.0,3.0,7.0,0.5714285714285714
2017,MERCY PHYSICIAN PRACTICES LLC,Health Care and Social Assistance,EUNICE,LA,Amended,1.0,0.0,1.0,1.0
2017,METASOFTTECH SOLUTIONS LLC,"Professional, Scientific, and Technical Services",CHANDLER,AZ,New Employment,1.0,1.0,2.0,0.5
2017,METHODICA TECHNOLOGIES LLC,"Professional, Scientific, and Technical Services",TROY,MI,New Employment,8.0,0.0,8.0,1.0
2017,METMOX INC,"Professional, Scientific, and Technical Services",SCHAUMBURG,IL,Change with Same Employer,2.0,0.0,2.0,1.0
2017,MISSION CARDIOVASCULAR RESEARCH IN,Health Care and Social Assistance,FREMONT,CA,New Employment,1.0,0.0,1.0,1.0
2017,MIVATEK INTL INC,"Professional, Scientific, and Technical Services",FREMONT,CA,New Employment,2.0,0.0,2.0,1.0
2017,MODUS OPERATIONS LLC,"Professional, Scientific, and Technical Services",NEW YORK,NY,Change of Employer,0.0,1.0,1.0,0.0
2017,MOEN INCORPORATED,33 - Manufacturing,CHICAGO,IL,Change of Employer,2.0,0.0,2.0,1.0
2017,MONTCLAIR STATE UNIV,Educational Services,MONTCLAIR,NJ,Change of Employer,1.0,0.0,1.0,1.0
2017,MOVILITAS CONSULTING LLC,"Professional, Scientific, and Technical Services",BOSTON,MA,Amended,1.0,0.0,1.0,1.0
2017,MPHASIS CORPORATION,"Professional, Scientific, and Technical Services",NEW YORK,NY,Change with Same Employer,244.0,5.0,249.0,0.9799196787148594
2017,MSG CONSULTING CORPORATION,"Professional, Scientific, and Technical Services",RARITAN,NJ,Amended,1.0,0.0,1.0,1.0
2017,MULTIPLAN INC,Finance and Insurance,NEW YORK,NY,Change of Employer,5.0,0.0,5.0,1.0
2017,MUSEUM FOR AFRICAN ART D/B/A THE A,"Arts, Entertainment, and Recreation",NEW YORK,NY,New Concurrent,1.0,0.0,1.0,1.0
2017,NATIONWIDE INSURANCE,Finance and Insurance,COLUMBUS,OH,Continuation,45.0,1.0,46.0,0.9782608695652174
2017,NAVIENT SOLUTIONS LLC,Finance and Insurance,WILMINGTON,DE,Change of Employer,3.0,0.0,3.0,1.0
2017,NEBRASKA FURNITURE MART INC,45 - Retail Trade,OMAHA,NE,New Employment,1.0,0.0,1.0,1.0
2017,NEW PENN FINANCIAL LLC D B A,Finance and Insurance,GREENVILLE,SC,Continuation,1.0,0.0,1.0,1.0
2017,NEWOAK CAPITAL LLC,Finance and Insurance,NEW YORK,NY,New Employment,1.0,0.0,1.0,1.0
2017,NEWSELA INC,Educational Services,NEW YORK,NY,Change of Employer,1.0,0.0,1.0,1.0
2017,NEXT JUMP INC,"Professional, Scientific, and Technical Services",ALBANY,NY,New Employment,1.0,0.0,1.0,1.0
2017,NIAGARA FALLS MEMORIAL MEDICAL CTR,Health Care and Social Assistance,NIAGARA FALLS,NY,New Employment,1.0,0.0,1.0,1.0
2017,NIIT TECHNOLOGIES INC,"Professional, Scientific, and Technical Services",ATLANTA,GA,Amended,2.0,1.0,3.0,0.6666666666666666
2017,NIMBL LLC,"Professional, Scientific, and Technical Services",DENVER,CO,Change of Employer,1.0,0.0,1.0,1.0
2017,NIVASOFT INC,"Professional, Scientific, and Technical Services",MONROE TOWNSHIP,NJ,Amended,2.0,0.0,2.0,1.0
2017,NOVA HOME HEALTH CARE INC,Health Care and Social Assistance,ROCHESTER HILLS,MI,New Concurrent,1.0,0.0,1.0,1.0
2017,NTT DATA INC,"Professional, Scientific, and Technical Services",BOSTON,MA,Amended,133.0,2.0,135.0,0.9851851851851852
2017,NYSCO PRODUCTS LLC,"Professional, Scientific, and Technical Services",BRONX,NY,New Employment,1.0,0.0,1.0,1.0
2017,OAKLAWN PSYCHIATRIC CTR INC,Health Care and Social Assistance,GOSHEN,IN,Continuation,1.0,0.0,1.0,1.0
2017,OHIO NORTHERN UNIVERSITY,Educational Services,ADA,OH,New Employment,3.0,0.0,3.0,1.0
2017,OPEX SOFTWARE CORP,"Professional, Scientific, and Technical Services",WILMINGTON,DE,New Employment,2.0,1.0,3.0,0.6666666666666666
2017,OPTIMAL SOLUTIONS INC,"Professional, Scientific, and Technical Services",CHANTILLY,VA,Change with Same Employer,2.0,0.0,2.0,1.0
2017,PANORAMIC MANAGEMENT LLC,Public Administration,SAN FRANCISCO,CA,New Employment,1.0,0.0,1.0,1.0
2017,PAPER STREET REALTY LLC,Real Estate and Rental and Leasing,CHICAGO,IL,Change of Employer,1.0,0.0,1.0,1.0
2017,PARKER HANNIFIN CORP,33 - Manufacturing,CLEVELAND,OH,Continuation,3.0,0.0,3.0,1.0
2017,PEDIATRIC ASSO INC OF BROCKTON,Health Care and Social Assistance,WEST BRIDGEWATER,MA,New Concurrent,1.0,0.0,1.0,1.0
2017,PEDIATRIC SPC OF FRANKLIN COUNTY P,Health Care and Social Assistance,WAYNESBORO,PA,New Employment,1.0,0.0,1.0,1.0
2017,PERFORMANCE RESOURCES NY INC,"Professional, Scientific, and Technical Services",HAUPPAUGE,NY,Continuation,6.0,0.0,6.0,1.0
2017,PIONEER CHARTER SCHOOL OF SCIENCE,Educational Services,SAUGUS,MA,New Employment,1.0,0.0,1.0,1.0
2017,PIXEL MAGS INC,Information,LAGUNA NIGUEL,CA,New Employment,1.0,0.0,1.0,1.0
2017,PK STUDIOS INC,"Professional, Scientific, and Technical Services",NAPLES,FL,Continuation,1.0,0.0,1.0,1.0
2017,PLUS CONSULTING LLC,"Professional, Scientific, and Technical Services",CARNEGIE,PA,Continuation,1.0,0.0,1.0,1.0
2017,POLARIS7 INVESTMENTS LLC,Finance and Insurance,CHICAGO,IL,Change of Employer,2.0,0.0,2.0,1.0
2017,POWER HOME REMODELING GROUP LLC,Construction,CHESTER,PA,New Employment,1.0,0.0,1.0,1.0
2017,PRABHU GROUP INC DBA PRABHU MONEY,Finance and Insurance,JACKSON HEIGHTS,NY,New Employment,1.0,0.0,1.0,1.0
2017,PRIME PORK LLC,"Agriculture, Forestry, Fishing and Hunting",WINDOM,MN,New Employment,1.0,0.0,1.0,1.0
2017,PRIMORIS SYSTEMS LLC,"Professional, Scientific, and Technical Services",SUGAR LAND,TX,New Employment,1.0,0.0,1.0,1.0
2017,PROMANTUS INC,"Professional, Scientific, and Technical Services",CARY,NC,New Employment,2.0,0.0,2.0,1.0
2017,PROTECH SOLUTIONS INC,"Professional, Scientific, and Technical Services",LITTLE ROCK,AR,Continuation,10.0,0.0,10.0,1.0
2017,PSIKICK INC,33 - Manufacturing,CHARLOTTESVILLE,VA,New Employment,1.0,0.0,1.0,1.0
2017,QBE AMERICAS INC,Finance and Insurance,SUN PRAIRIE,WI,New Employment,5.0,0.0,5.0,1.0
2017,QTECH CONSULTING GROUP INC,Information,SAN DIEGO,CA,New Employment,16.0,2.0,18.0,0.8888888888888888
2017,QUIGLEY MAP STUDIO,"Professional, Scientific, and Technical Services",HAILEY,ID,Change of Employer,1.0,0.0,1.0,1.0
2017,QUINCY PHYSICIANS & SURGEONS CLINI,Health Care and Social Assistance,QUINCY,IL,Continuation,1.0,0.0,1.0,1.0
2017,R & M PACIFIC RIM INC,45 - Retail Trade,LA MIRADA,CA,New Employment,1.0,0.0,1.0,1.0
2017,R SYSTEMS INC,"Professional, Scientific, and Technical Services",EL DORADO HILLS,CA,Continuation,10.0,0.0,10.0,1.0
2017,RANDOLPH PUBLIC SCHOOLS,Educational Services,RANDOLPH,MA,New Employment,0.0,1.0,1.0,0.0
2017,RANDSTAD TECHNOLOGIES LLC,"Professional, Scientific, and Technical Services",WOBURN,MA,Change of Employer,172.0,5.0,177.0,0.9717514124293786
2017,REALITY CHECK SYSTEMS INC,"Professional, Scientific, and Technical Services",BURBANK,CA,New Employment,1.0,0.0,1.0,1.0
2017,REFINERY 29 INC,Information,NEW YORK,NY,Change of Employer,1.0,0.0,1.0,1.0
2017,REZ 1 INC,"Professional, Scientific, and Technical Services",WELLESLEY,MA,Amended,0.0,1.0,1.0,0.0
2017,RH US LLC,45 - Retail Trade,CORTE MADERA,CA,New Employment,1.0,0.0,1.0,1.0
2017,RHOM INNOVATIONS,Other Services (except Public Administration),PORTLAND,OR,Continuation,1.0,0.0,1.0,1.0
2017,RHOMBIUM SOFTWARE INC,"Professional, Scientific, and Technical Services",FREMONT,CA,Amended,1.0,0.0,1.0,1.0
2017,RIDGE ROAD CAPITAL PARTNERS LLC,Finance and Insurance,BOSTON,MA,New Employment,1.0,0.0,1.0,1.0
2017,RJCL CORP DBA RNV CONSTRUCTION,Construction,SAIPAN,MP,Change with Same Employer,1.0,0.0,1.0,1.0
2017,RNR IT SOLUTIONS INC,"Professional, Scientific, and Technical Services",PLANO,TX,New Employment,1.0,3.0,4.0,0.25
2017,ROBERT AND COMPANY,"Professional, Scientific, and Technical Services",ATLANTA,GA,New Employment,1.0,0.0,1.0,1.0
2017,ROBERT HALF INTERNATIONAL INC,Administrative and Support and Waste Management and Remediation Services,SAN RAMON,CA,New Employment,2.0,0.0,2.0,1.0
2017,RURAL PHYSICIANS GROUP PANNU PLLC,Health Care and Social Assistance,HENDERSON,NV,New Employment,1.0,0.0,1.0,1.0
2017,RUTGERS THE STATE UNIV OF NJ,Educational Services,NEWARK,NJ,Change of Employer,8.0,0.0,8.0,1.0
2017,RUTGERS THE STATE UNIV OF NJ,Educational Services,NEWARK,NJ,Change with Same Employer,3.0,0.0,3.0,1.0
2017,RXWIKI INC,Information,AUSTIN,TX,Change of Employer,1.0,0.0,1.0,1.0
2017,SAI BUS SOLNS LLC DBA SBS CORP,"Professional, Scientific, and Technical Services",HOUSTON,TX,Amended,11.0,4.0,15.0,0.7333333333333333
2017,SAKTHI AUTOMOTIVE GROUP USA,33 - Manufacturing,DETROIT,MI,New Employment,8.0,0.0,8.0,1.0
2017,SAN LUIS VALLEY HEALTH,Health Care and Social Assistance,ALAMOSA,CO,Change of Employer,1.0,0.0,1.0,1.0
2017,SCREEN ENGINE LLC DBA SCREEN ENGIN,"Professional, Scientific, and Technical Services",LOS ANGELES,CA,New Employment,1.0,0.0,1.0,1.0
2017,SDILOGIC INC,"Professional, Scientific, and Technical Services",LEWISVILLE,TX,Change with Same Employer,1.0,0.0,1.0,1.0
2017,SEQUENTIAL TECHNOLOGY INTL LLC,"Professional, Scientific, and Technical Services",WARREN,NJ,Change of Employer,2.0,0.0,2.0,1.0
2017,SERENOVA LLC,Administrative and Support and Waste Management and Remediation Services,AUSTIN,TX,Change of Employer,1.0,0.0,1.0,1.0
2017,SG EQUIPMENT FINANCE USA CORP,Finance and Insurance,JERSEY CITY,NJ,Continuation,1.0,0.0,1.0,1.0
2017,SHERIDAN COUNTY HEALTH COMPLEX,Health Care and Social Assistance,HOXIE,KS,Continuation,1.0,0.0,1.0,1.0
2017,SHIFT OCCUPATIONAL PHYSICAL THERPA,Health Care and Social Assistance,NEW YORK,NY,Change of Employer,1.0,0.0,1.0,1.0
2017,SIERRA PACIFIC POWER CO DBA NV ENE,Utilities,LAS VEGAS,NV,Amended,1.0,0.0,1.0,1.0
2017,SIGNAL DIGITAL INC,"Professional, Scientific, and Technical Services",CHICAGO,IL,Change of Employer,1.0,0.0,1.0,1.0
2017,SILICON VALLEY FOUNDRY LLC,"Professional, Scientific, and Technical Services",SAN FRANCISCO,CA,New Employment,0.0,1.0,1.0,0.0
2017,SKORPIOS TECHNOLOGIES INC,33 - Manufacturing,ALBUQUERQUE,NM,New Employment,1.0,1.0,2.0,0.5
2017,SLK AMERICA INC,"Professional, Scientific, and Technical Services",CINCINNATI,OH,Amended,34.0,6.0,40.0,0.85
2017,SMART IT FRAME LLC,"Professional, Scientific, and Technical Services",JERSEY CITY,NJ,Change of Employer,1.0,1.0,2.0,0.5
2017,SNL FINANCIAL LC,Information,CHARLOTTESVILLE,VA,Change with Same Employer,1.0,0.0,1.0,1.0
2017,SNP TRANSFORMATIONS INC,"Professional, Scientific, and Technical Services",JERSEY CITY,NJ,New Employment,1.0,0.0,1.0,1.0
2017,SOFTLABZ CORPORATION,"Professional, Scientific, and Technical Services",CHICAGO,IL,Amended,2.0,0.0,2.0,1.0
2017,SOFTPATH SYSTEM LLC,"Professional, Scientific, and Technical Services",NORCROSS,GA,New Employment,3.0,2.0,5.0,0.6
2017,SOFTWARE MERCHANT INC,"Professional, Scientific, and Technical Services",WAYNE,PA,Continuation,3.0,1.0,4.0,0.75
2017,SOFTWEB SOLUTIONS INC,"Professional, Scientific, and Technical Services",ELGIN,IL,Change with Same Employer,7.0,0.0,7.0,1.0
2017,SOLARCITY CORPORATION,Utilities,SAN MATEO,CA,Amended,1.0,0.0,1.0,1.0
2017,SOLOMON R GUGGENHEIM FOUNDATION,"Arts, Entertainment, and Recreation",NEW YORK,NY,Continuation,1.0,0.0,1.0,1.0
2017,SONY MUSCI ENTERTAINMENT,Information,NEW YORK,NY,New Employment,1.0,0.0,1.0,1.0
2017,SOURCE ENGINEERING SERVICES,"Professional, Scientific, and Technical Services",SAN DIEGO,CA,Change of Employer,1.0,0.0,1.0,1.0
2017,SOUTH PALM BEACH NEPHROLOGY PA,Health Care and Social Assistance,LAKE WORTH,FL,Change of Employer,1.0,0.0,1.0,1.0
2017,SOUTHERN ILLINOIS HEALTHCARE FOUND,Health Care and Social Assistance,SAUGET,IL,Continuation,2.0,0.0,2.0,1.0
2017,SOUTHERN MEDICAL PARTNERS L L C,"Professional, Scientific, and Technical Services",LAFAYETTE,LA,New Employment,1.0,0.0,1.0,1.0
2017,SPADEWORX SOFTWARE SERVICES INC,"Professional, Scientific, and Technical Services",CAMPBELL,CA,Continuation,1.0,0.0,1.0,1.0
2017,SPECTRUM BRANDS INC,33 - Manufacturing,CHICAGO,IL,Continuation,1.0,0.0,1.0,1.0
2017,SPIRENT COMMUNICATIONS INC,"Professional, Scientific, and Technical Services",CALABASAS,CA,Change of Employer,5.0,0.0,5.0,1.0
2017,SPRINGLEAF GENERAL SERVICES CORP,"Professional, Scientific, and Technical Services",EVANSVILLE,IN,Change of Employer,6.0,0.0,6.0,1.0
2017,SPS COMMERCE INC,"Professional, Scientific, and Technical Services",MINNEAPOLIS,MN,Change of Employer,1.0,0.0,1.0,1.0
2017,SQUAR MILNER LLP,"Professional, Scientific, and Technical Services",NEWPORT BEACH,CA,New Employment,1.0,0.0,1.0,1.0
2017,SQUILLION SYSTEMS LLC,"Professional, Scientific, and Technical Services",PORTSMOUTH,NH,Amended,1.0,1.0,2.0,0.5
2017,ST AMBROSE UNIV,Educational Services,DAVENPORT,IA,Continuation,1.0,1.0,2.0,0.5
2017,ST CHARLES FAMILY MEDICAL CTR SC,Health Care and Social Assistance,ST CHARLES,IL,Continuation,1.0,0.0,1.0,1.0
2017,ST LOUIS LANGUAGE IMMERSION SCHOOL,Educational Services,ST LOUIS,MO,Continuation,1.0,0.0,1.0,1.0
2017,STERLING ELECTRIC & SONS INC,Construction,FRESNO,CA,Change of Employer,1.0,0.0,1.0,1.0
2017,STS JEWELS INC,Wholesale Trade,AUSTIN,TX,Continuation,2.0,0.0,2.0,1.0
2017,STV INCORPORATED,"Professional, Scientific, and Technical Services",DOUGLASSVILLE,PA,New Employment,6.0,0.0,6.0,1.0
2017,SUMMIT MEDICAL GROUP D/B/A ST ELIZ,Health Care and Social Assistance,CRESTVIEW HILLS,KY,New Employment,1.0,0.0,1.0,1.0
2017,SUNRISE SENIOR LIVING MGT INC,Health Care and Social Assistance,MC LEAN,VA,Change with Same Employer,1.0,0.0,1.0,1.0
2017,SUNY UPSTATE MEDICAL UNIVERSITY,Educational Services,SYRACUSE,NY,Amended,1.0,0.0,1.0,1.0
2017,SUVIP SOLUTIONS INC DBA USEREADY,"Professional, Scientific, and Technical Services",CRANFORD,NJ,Change of Employer,2.0,0.0,2.0,1.0
2017,SVAM INTERNATIONAL INC,"Professional, Scientific, and Technical Services",GREAT NECK,NY,Change of Employer,1.0,0.0,1.0,1.0
2017,SVV INFOTECH INC,"Professional, Scientific, and Technical Services",EDISON,NJ,Continuation,1.0,0.0,1.0,1.0
2017,SWC BUSINESS SERVICES INC,"Professional, Scientific, and Technical Services",CARROLLTON,TX,Continuation,1.0,0.0,1.0,1.0
2017,SWIFT BEEF CO A JBS USA SUBSIDIARY,33 - Manufacturing,GREELEY,CO,Change of Employer,4.0,0.0,4.0,1.0
2017,SYGMA NETWORK INC,Accommodation and Food Services,DUBLIN,OH,Continuation,1.0,0.0,1.0,1.0
2017,SYMBIOUN TECHNOLOGIES INC,"Professional, Scientific, and Technical Services",MARIETTA,GA,Amended,9.0,0.0,9.0,1.0
2017,TB GALLERY LLC DBA TANYA BONAKDAR,45 - Retail Trade,NEW YORK,NY,Change of Employer,1.0,0.0,1.0,1.0
2017,TEKORG INC,"Professional, Scientific, and Technical Services",FARMINGTON HILLS,MI,New Employment,3.0,0.0,3.0,1.0
2017,TENNESSEE STATE UNIVERSITY,Educational Services,NASHVILLE,TN,New Employment,1.0,0.0,1.0,1.0
2017,TEXAS CAPITAL BANK,Finance and Insurance,DALLAS,TX,Continuation,1.0,0.0,1.0,1.0
2017,THE BON TON STORES INC,45 - Retail Trade,MILWAUKEE,WI,Continuation,1.0,0.0,1.0,1.0
2017,THE BOYS LLC DBA SUPPLYHOUSE.COM,Wholesale Trade,MELVILLE,NY,Continuation,1.0,0.0,1.0,1.0
2017,THE BROOKLYN HOSPITAL CENTER,Health Care and Social Assistance,BROOKLYN,NY,Amended,1.0,0.0,1.0,1.0
2017,THE CITADEL,Educational Services,CHARLESTON,SC,New Employment,2.0,0.0,2.0,1.0
2017,THE DOCTORS CLINIC A PRO CORP,Health Care and Social Assistance,SILVERDALE,WA,Continuation,1.0,0.0,1.0,1.0
2017,THE FIN EXPLORATION CO,"Professional, Scientific, and Technical Services",SAN FRANCISCO,CA,Change of Employer,1.0,0.0,1.0,1.0
2017,THE GLEASON WORKS,33 - Manufacturing,ROCHESTER,NY,Change of Employer,1.0,0.0,1.0,1.0
2017,THE HENRY M JACKSON FOUNDATION,"Professional, Scientific, and Technical Services",BETHESDA,MD,New Employment,10.0,0.0,10.0,1.0
2017,THE INFORMATION STORE INC,Information,HOUSTON,TX,Amended,3.0,0.0,3.0,1.0
2017,THE LELAND STANFORD JR UNIV,Educational Services,MENLO PARK,CA,Amended,2.0,0.0,2.0,1.0
2017,THE RUBICON PROJECT INC,"Professional, Scientific, and Technical Services",PLAYA VISTA,CA,Change of Employer,4.0,0.0,4.0,1.0
2017,THE SOLUTIONS GROUP LLC,"Professional, Scientific, and Technical Services",FALLS CHURCH,VA,Change of Employer,1.0,0.0,1.0,1.0
2017,THING5 LLC DBA CLOUD5,Administrative and Support and Waste Management and Remediation Services,SPRINGFIELD,MA,New Employment,1.0,0.0,1.0,1.0
2017,THREATSTOP INC,"Professional, Scientific, and Technical Services",CARLSBAD,CA,New Employment,1.0,0.0,1.0,1.0
2017,TRAILHEAD TECHNOLOGY PARTNERS,"Professional, Scientific, and Technical Services",JENISON,MI,New Employment,1.0,0.0,1.0,1.0
2017,TX A&M UNIV COMMERCE PART OF TX A&,Educational Services,COMMERCE,TX,Change of Employer,1.0,0.0,1.0,1.0
2017,U S HOLOCAUST MEMORIAL MUSEUM,Information,WASHINGTON,DC,New Employment,1.0,0.0,1.0,1.0
2017,UCAR TECHNOLOGY USA INC,"Professional, Scientific, and Technical Services",SANTA CLARA,CA,New Employment,1.0,0.0,1.0,1.0
2017,UNICOM TECHNOLOGIES INC,"Professional, Scientific, and Technical Services",NAPERVILLE,IL,Amended,6.0,0.0,6.0,1.0
2017,UNICORN TECHNOLOGIES LLC,"Professional, Scientific, and Technical Services",ALPHARETTA,GA,New Employment,4.0,5.0,9.0,0.4444444444444444
2017,UNITED HEALTHCARE SERVICES INC,Finance and Insurance,HOPKINS,MN,Change of Employer,6.0,0.0,6.0,1.0
2017,UNITED SOLUTIONS LLC,"Professional, Scientific, and Technical Services",ROCKVILLE,MD,New Employment,1.0,0.0,1.0,1.0
2017,UNIV OF MARYLAND UPPER CHESAPEAKE,Health Care and Social Assistance,BEL AIR,MD,New Employment,1.0,0.0,1.0,1.0
2017,UNIV OF VIRGINIA,Educational Services,CHARLOTTESVILLE,VA,Change of Employer,12.0,1.0,13.0,0.9230769230769232
2017,UNIVERSITY OF PUERTO RICO AT ARECI,Public Administration,ARECIBO,PR,Continuation,1.0,0.0,1.0,1.0
2017,VALLES VENDIOLA LLP,"Professional, Scientific, and Technical Services",ELMHURST,NY,New Employment,2.0,0.0,2.0,1.0
2017,VANTAGE ERP LLC,"Professional, Scientific, and Technical Services",HOUSTON,TX,New Employment,13.0,3.0,16.0,0.8125
2017,VATIC LABS OPERATIONS LLC,Finance and Insurance,SAN FRANCISCO,CA,Continuation,1.0,0.0,1.0,1.0
2017,VENETIAN CASINO RESORT LLC,Accommodation and Food Services,LAS VEGAS,NV,Continuation,1.0,0.0,1.0,1.0
2017,VENUS GROUP INC,33 - Manufacturing,FOOTHILL RANCH,CA,Continuation,1.0,1.0,2.0,0.5
2017,VERB SURGICAL INC,33 - Manufacturing,MOUNTAIN VIEW,CA,Change of Employer,7.0,0.0,7.0,1.0
2017,VIDEOJET TECHNOLOGIES INC,33 - Manufacturing,CHICAGO,IL,Continuation,2.0,0.0,2.0,1.0
2017,VIMO INC,"Professional, Scientific, and Technical Services",MOUNTAIN VIEW,CA,Continuation,5.0,0.0,5.0,1.0
2017,VISUAL IQ INC,Information,NEEDHAM HEIGHTS,MA,Amended,1.0,0.0,1.0,1.0
2017,VML INC,"Professional, Scientific, and Technical Services",KANSAS CITY,MO,Continuation,1.0,0.0,1.0,1.0
2017,VOXER INC,"Professional, Scientific, and Technical Services",SAN FRANCISCO,CA,Amended,1.0,0.0,1.0,1.0
2017,VZURE SOLUTIONS LLC,"Professional, Scientific, and Technical Services",FRISCO,TX,New Employment,1.0,0.0,1.0,1.0
2017,WAFTS SOLUTIONS INC,"Professional, Scientific, and Technical Services",FARMINGTON HILLS,MI,New Employment,0.0,1.0,1.0,0.0
2017,WEI WEI & CO LLP,"Professional, Scientific, and Technical Services",FLUSHING,NY,Change of Employer,2.0,0.0,2.0,1.0
2017,WESTERN ALLIANCE BANK,Finance and Insurance,PHOENIX,AZ,Change of Employer,1.0,0.0,1.0,1.0
2017,WESTERN OREGON UNIV,Educational Services,MONMOUTH,OR,Change of Employer,1.0,0.0,1.0,1.0
2017,WHOLESALE INTERIORS INC,Wholesale Trade,BENSENVILLE,IL,New Employment,0.0,1.0,1.0,0.0
2017,WIRTGEN AMERICA INC,33 - Manufacturing,ANTIOCH,TN,Change of Employer,1.0,0.0,1.0,1.0
2017,XOME REALTY SERVICES LLC,Real Estate and Rental and Leasing,LEWISVILLE,TX,Continuation,1.0,0.0,1.0,1.0
2017,XR CONSULTING LLC,Educational Services,LAS VEGAS,NV,New Employment,1.0,0.0,1.0,1.0
2017,XTRAMILE SOFT LLC,"Professional, Scientific, and Technical Services",CHARLOTTE,NC,Change with Same Employer,1.0,0.0,1.0,1.0
2017,YALE UNIVERSITY,Educational Services,NEW HAVEN,CT,Change with Same Employer,16.0,0.0,16.0,1.0
2017,YASH TECHNOLOGIES INC,"Professional, Scientific, and Technical Services",EAST MOLINE,IL,New Employment,49.0,5.0,54.0,0.9074074074074074
2017,YASHI INC,"Professional, Scientific, and Technical Services",TOMS RIVER,NJ,Amended,1.0,0.0,1.0,1.0
2017,ZEROSTACK INC,Information,MOUNTAIN VIEW,CA,Continuation,1.0,0.0,1.0,1.0
2018,14 W ADMINISTRATIVE SERVICES LLC,Information,BALTIMORE,MD,New Employment,2.0,0.0,2.0,1.0
2018,159 SOLUTIONS INC,"Professional, Scientific, and Technical Services",SOUTH SAN FRANCISCO,CA,Change of Employer,1.0,0.0,1.0,1.0
2018,ABB INC,33 - Manufacturing,CARY,NC,Change of Employer,5.0,0.0,5.0,1.0
2018,ABBOTT LABORATORIES,33 - Manufacturing,NORTH CHICAGO,IL,New Employment,4.0,0.0,4.0,1.0
2018,AC EXPORT LLC,49 - Transportation and Warehousing,MIAMI,FL,Continuation,1.0,0.0,1.0,1.0
2018,ACCREDITED INVESTORS INC,Finance and Insurance,EDINA,MN,New Employment,1.0,0.0,1.0,1.0
2018,ACMH INC,Other Services (except Public Administration),NEW YORK,NY,New Employment,1.0,0.0,1.0,1.0
2018,ACUSHNET COMPANY,33 - Manufacturing,FAIRHAVEN,MA,Change with Same Employer,2.0,0.0,2.0,1.0
2018,ACXIOM CORPORATION,Information,CONWAY,AR,Change of Employer,2.0,0.0,2.0,1.0
2018,ADH HEALTH PRODUCTS INC,33 - Manufacturing,CONGERS,NY,New Employment,2.0,0.0,2.0,1.0
2018,AEZION INC,"Professional, Scientific, and Technical Services",FRISCO,TX,Change of Employer,1.0,0.0,1.0,1.0
2018,AFFINITY HEALTH GROUP LLC,Health Care and Social Assistance,MONROE,LA,Amended,1.0,0.0,1.0,1.0
2018,AGAR CORPORATION INC,33 - Manufacturing,HOUSTON,TX,New Employment,1.0,0.0,1.0,1.0
2018,AGNETO INC,"Professional, Scientific, and Technical Services",NORTH BRUNSWICK,NJ,New Employment,2.0,0.0,2.0,1.0
2018,AIQUDO INC,Information,SAN JOSE,CA,New Employment,1.0,0.0,1.0,1.0
2018,AISIN TECHNICAL CENTER OF AMERICA,33 - Manufacturing,NORTHVILLE,MI,New Employment,2.0,0.0,2.0,1.0
2018,AJ OSTER LLC,33 - Manufacturing,WARWICK,RI,Change of Employer,1.0,0.0,1.0,1.0
2018,ALBANY MED CTR,Health Care and Social Assistance,ALBANY,NY,New Employment,3.0,0.0,3.0,1.0
2018,ALIGNED MEDIA LLC,Information,SAINT LOUIS,MO,New Employment,0.0,1.0,1.0,0.0
2018,ALLEGHENY SINGER RESEARCH INST,"Professional, Scientific, and Technical Services",PITTSBURGH,PA,Change of Employer,1.0,0.0,1.0,1.0
2018,ALLERGY & IMMUNOLOGY ASSOCS OF NEW,Health Care and Social Assistance,FLORENCE,MA,New Employment,1.0,0.0,1.0,1.0
2018,ALLIED STONE INC,33 - Manufacturing,DALLAS,TX,Continuation,1.0,0.0,1.0,1.0
2018,ALLIED TELESIS INC,"Professional, Scientific, and Technical Services",SAN JOSE,CA,Continuation,1.0,0.0,1.0,1.0
2018,AMERICOLD LOGISTICS LLC,49 - Transportation and Warehousing,ATLANTA,GA,New Employment,1.0,0.0,1.0,1.0
2018,AMF BOWLING CENTERS INC,"Arts, Entertainment, and Recreation",NEW YORK,NY,New Employment,1.0,0.0,1.0,1.0
2018,AMOBEE INC,"Professional, Scientific, and Technical Services",REDWOOD CITY,CA,Change of Employer,3.0,0.0,3.0,1.0
2018,AMX ENVIRONMENTAL SERVICES INC,Construction,HOUSTON,TX,Change of Employer,1.0,0.0,1.0,1.0
2018,ANRAY INTL CORPORATION DBA ASTRA R,33 - Manufacturing,ORANGE,CA,Continuation,1.0,0.0,1.0,1.0
2018,APEX LOGISTICS INTERNATIONAL INC,"Professional, Scientific, and Technical Services",COMPTON,CA,New Employment,1.0,0.0,1.0,1.0
2018,APIO INC,"Agriculture, Forestry, Fishing and Hunting",GUADALUPE,CA,Continuation,1.0,0.0,1.0,1.0
2018,APOGEE MEDICAL GROUP KENTUCKY PSC,Health Care and Social Assistance,DALLAS,TX,Continuation,1.0,0.0,1.0,1.0
2018,APOGEE PHARMA INC,33 - Manufacturing,FORDS,NJ,Continuation,1.0,0.0,1.0,1.0
2018,APPLIED BIOSENSORS LLC,33 - Manufacturing,SALT LAKE CITY,UT,New Employment,1.0,0.0,1.0,1.0
2018,APPSOFT SOLUTIONS INC,"Professional, Scientific, and Technical Services",WESLEY CHAPEL,FL,Change of Employer,1.0,0.0,1.0,1.0
2018,ART ADVISORS LLC,Finance and Insurance,NEW YORK,NY,Change of Employer,1.0,0.0,1.0,1.0
2018,ARVIND K MATHUR MD INC,Health Care and Social Assistance,FREMONT,CA,New Concurrent,0.0,1.0,1.0,0.0
2018,ARVYTECH LLC,"Professional, Scientific, and Technical Services",ALPHARETTA,GA,New Employment,0.0,7.0,7.0,0.0
2018,ARYA GLOBAL INC,"Professional, Scientific, and Technical Services",LILBURN,GA,Change of Employer,1.0,0.0,1.0,1.0
2018,ASCENA RETAIL GROUP INC,45 - Retail Trade,NEW YORK,NY,Change of Employer,1.0,0.0,1.0,1.0
2018,ASD SPECIALTY HEALTHCARE INC,Wholesale Trade,CONSHOHOCKEN,PA,Continuation,1.0,0.0,1.0,1.0
2018,ASPEN AVIONICS INC,"Professional, Scientific, and Technical Services",ALBUQUERQUE,NM,Continuation,1.0,0.0,1.0,1.0
2018,ASYNC7 LLC,"Professional, Scientific, and Technical Services",HOUSTON,TX,Change of Employer,1.0,0.0,1.0,1.0
2018,ATALAYA TECH INC,"Professional, Scientific, and Technical Services",SAN FRANCISCO,CA,Change of Employer,1.0,0.0,1.0,1.0
2018,ATHENAHEALTH INC,"Professional, Scientific, and Technical Services",WATERTOWN,MA,New Employment,5.0,0.0,5.0,1.0
2018,ATKINS NORTH AMERICA INC,"Professional, Scientific, and Technical Services",MINNEAPOLIS,MN,Change with Same Employer,1.0,0.0,1.0,1.0
2018,ATLAS ADVISORS LLC,Finance and Insurance,NEW YORK,NY,New Employment,3.0,1.0,4.0,0.75
2018,ATLAZ INC,Information,SACRAMENTO,CA,New Employment,1.0,0.0,1.0,1.0
2018,AUDIO VISUAL SERVICES GROUP INC D/,Real Estate and Rental and Leasing,SCHILLER PARK,IL,New Employment,3.0,0.0,3.0,1.0
2018,AUTOTRADER COM INC,Wholesale Trade,ATLANTA,GA,New Employment,2.0,0.0,2.0,1.0
2018,AVANZAR INTERIOR TECHNOLOGIES LTD,33 - Manufacturing,SAN ANTONIO,TX,Amended,1.0,0.0,1.0,1.0
2018,BARCLAYS SERVICES LLC,Finance and Insurance,WILMINGTON,DE,Change of Employer,1.0,0.0,1.0,1.0
2018,BARNES JEWISH HOSPITAL,Health Care and Social Assistance,SAINT LOUIS,MO,Continuation,5.0,0.0,5.0,1.0
2018,BAYVIEW HEALTH CARE HOLDINGS INC,Health Care and Social Assistance,DEERFIELD BEACH,FL,Continuation,0.0,1.0,1.0,0.0
2018,BBVA DALLAS CREATION CENTER INC,"Professional, Scientific, and Technical Services",DALLAS,TX,New Employment,1.0,0.0,1.0,1.0
2018,BECKMAN RESEARCH INSTITUTE OF THE,"Professional, Scientific, and Technical Services",DUARTE,CA,Change of Employer,1.0,0.0,1.0,1.0
2018,BELLA INTERNATIONAL TEXTILE INC,33 - Manufacturing,NEW YORK,NY,New Employment,1.0,0.0,1.0,1.0
2018,BERKELEY NUTRITIONAL MFG CORP DBA,33 - Manufacturing,LIVERMORE,CA,Change of Employer,1.0,0.0,1.0,1.0
2018,BIS CONSULTING INC,"Professional, Scientific, and Technical Services",LOS GATOS,CA,Change of Employer,1.0,0.0,1.0,1.0
2018,BITMAIN INC,"Professional, Scientific, and Technical Services",CHANDLER,AZ,Change of Employer,1.0,0.0,1.0,1.0
2018,BLACKBOARD STUDENT SERVICES INC,Information,RESTON,VA,Continuation,1.0,0.0,1.0,1.0
2018,BNP PARIBAS RCC INC,Finance and Insurance,JERSEY CITY,NJ,Change of Employer,6.0,1.0,7.0,0.8571428571428571
2018,BOARD AMERICAS INC,Information,BOSTON,MA,Change of Employer,0.0,1.0,1.0,0.0
2018,BON SECOURS ST MARY S HOSPITAL OF,Health Care and Social Assistance,RICHMOND,VA,Change with Same Employer,1.0,0.0,1.0,1.0
2018,BOSTON HIGASHI SCHOOL INC,Educational Services,RANDOLPH,MA,Change with Same Employer,2.0,0.0,2.0,1.0
2018,BOSTON TRINITY ACADEMY,Other Services (except Public Administration),HYDE PARK,MA,Change of Employer,1.0,0.0,1.0,1.0
2018,BRAINCO INC,"Professional, Scientific, and Technical Services",SOMERVILLE,MA,Change of Employer,1.0,0.0,1.0,1.0
2018,BRIDGE2 SOLUTIONS INC,Administrative and Support and Waste Management and Remediation Services,ALPHARETTA,GA,Continuation,2.0,0.0,2.0,1.0
2018,BROOKLYN FRIENDS SCHOOL,Educational Services,BROOKLYN,NY,Continuation,1.0,0.0,1.0,1.0
2018,BUCK INSTITUTE FOR RESEARCH ON AGI,"Professional, Scientific, and Technical Services",LOS ANGELES,CA,Continuation,2.0,0.0,2.0,1.0
2018,BUILDSIMHUB INC,Information,PITTSBURGH,PA,New Employment,1.0,0.0,1.0,1.0
2018,BUNGE NORTH AMERICA INC,Finance and Insurance,ST LOUIS,MO,New Employment,2.0,0.0,2.0,1.0
2018,CALIFORNIA STATE UNIVERSITY FRESNO,Educational Services,SAN BERNARDINO,CA,New Employment,2.0,0.0,2.0,1.0
2018,CAMBRIDGE ASSOCIATES LLC,Finance and Insurance,BOSTON,MA,Change of Employer,1.0,0.0,1.0,1.0
2018,CARDINAL INNOVATIONS HEALTHCARE SO,Finance and Insurance,CHARLOTTE,NC,New Employment,2.0,0.0,2.0,1.0
2018,CAREFUSION RESOURCES LLC,33 - Manufacturing,SAN DIEGO,CA,New Employment,3.0,0.0,3.0,1.0
2018,CAREFUSION RESOURCES LLC,33 - Manufacturing,SAN DIEGO,CA,Change of Employer,1.0,0.0,1.0,1.0
2018,CAROLINA NEPHROLOGY PA,Health Care and Social Assistance,GREENVILLE,SC,Change of Employer,1.0,0.0,1.0,1.0
2018,CATALOGIC SOFTWARE INC,Information,WOODCLIFF LAKE,NJ,New Employment,2.0,0.0,2.0,1.0
2018,CATHOLIC HLTH SYS OF LONG ISLAND D,Health Care and Social Assistance,ROCKVILLE CENTRE,NY,Change of Employer,1.0,0.0,1.0,1.0
2018,CAVIUM INC,33 - Manufacturing,SAN JOSE,CA,Change with Same Employer,6.0,0.0,6.0,1.0
2018,CAVIUM INC,33 - Manufacturing,SAN JOSE,CA,Change of Employer,9.0,0.0,9.0,1.0
2018,CEDENT CONSULTING INC,"Professional, Scientific, and Technical Services",FRISCO,TX,New Employment,6.0,22.0,28.0,0.2142857142857142
2018,CELERITIFIN TECH SERVICES USA INC,"Professional, Scientific, and Technical Services",MC LEAN,VA,New Employment,3.0,0.0,3.0,1.0
2018,CELLCO PARTNERSHIP DBA VERIZON,"Professional, Scientific, and Technical Services",ADDISON,TX,Change of Employer,1.0,0.0,1.0,1.0
2018,CELMATIX INC,"Professional, Scientific, and Technical Services",NEW YORK,NY,New Employment,1.0,0.0,1.0,1.0
2018,CENTAURS TECHNOLOGIES CO LTD,Information,CHICAGO,IL,New Employment,0.0,2.0,2.0,0.0
2018,CENTENE CO OF TX LP,Finance and Insurance,CLAYTON,MO,Amended,1.0,0.0,1.0,1.0
2018,CENTRAL ARKANSAS VETERANS HEALTHCA,Public Administration,LITTLE ROCK,AR,Continuation,2.0,0.0,2.0,1.0
2018,CGG SERVICES U S INC,"Professional, Scientific, and Technical Services",HOUSTON,TX,New Employment,3.0,2.0,5.0,0.6
2018,CGI TECHNOLOGIES & SOLUTIONS INC,"Professional, Scientific, and Technical Services",FAIRFAX,VA,Change of Employer,1.0,0.0,1.0,1.0
2018,CHALLENGER SPORTS CORP,Educational Services,OVERLAND PARK,KS,New Employment,1.0,1.0,2.0,0.5
2018,CHANGEIS INC,"Professional, Scientific, and Technical Services",ARLINGTON,VA,New Employment,1.0,0.0,1.0,1.0
2018,CHARLESTON AREA MED CTR INC,Health Care and Social Assistance,CHARLESTON,WV,New Employment,1.0,0.0,1.0,1.0
2018,CHESTER DISCOUNT PHARMACY LLC DBA,45 - Retail Trade,CHESTER,PA,New Employment,1.0,0.0,1.0,1.0
2018,CHI ST ALEXIUS HEALTH,Health Care and Social Assistance,BISMARCK,ND,Change of Employer,1.0,0.0,1.0,1.0
2018,CHICAGO PUBLIC SCHOOLS,Educational Services,CHICAGO,IL,Change of Employer,1.0,0.0,1.0,1.0
2018,CHINESE COMMUNITY CENTER INC,Other Services (except Public Administration),HOUSTON,TX,New Employment,1.0,1.0,2.0,0.5
2018,CIBT INC,Public Administration,MC LEAN,VA,Change of Employer,1.0,0.0,1.0,1.0
2018,CITIZENS FINANCIAL GROUP INC,Management of Companies and Enterprises,CRANSTON,RI,Change of Employer,41.0,1.0,42.0,0.9761904761904762
2018,CITRATEK INC,"Professional, Scientific, and Technical Services",TAMPA,FL,New Employment,0.0,1.0,1.0,0.0
2018,CITY OF PHILADELPHIA,Public Administration,PHILADELPHIA,PA,Change with Same Employer,1.0,0.0,1.0,1.0
2018,CLARION UNIVERSITY OF PENNSYLVANIA,Educational Services,CLARION,PA,New Employment,2.0,0.0,2.0,1.0
2018,CLEAR CORP,"Professional, Scientific, and Technical Services",CHICAGO,IL,Continuation,1.0,0.0,1.0,1.0
2018,CLEAR LINK TECHNOLOGIES LLC,Administrative and Support and Waste Management and Remediation Services,SALT LAKE CITY,UT,New Employment,3.0,0.0,3.0,1.0
2018,CLEARESULT CONSULTING INC,"Professional, Scientific, and Technical Services",SEATTLE,WA,Amended,1.0,0.0,1.0,1.0
2018,CLEMSON UNIVERSITY,Educational Services,CLEMSON,SC,Continuation,6.0,0.0,6.0,1.0
2018,CLEVELAND CLINIC FOUNDATION,Health Care and Social Assistance,INDEPENDENCE,OH,Amended,1.0,0.0,1.0,1.0
2018,CLOVERTWO INC,"Professional, Scientific, and Technical Services",ORLANDO,FL,Continuation,1.0,0.0,1.0,1.0
2018,CMCD LLC,Wholesale Trade,HOUSTON,TX,Continuation,1.0,0.0,1.0,1.0
2018,COASTAL CAROLINA UNIV,Educational Services,CONWAY,SC,New Employment,1.0,0.0,1.0,1.0
2018,COGNIZANT TECH SOLUTIONS US CORP,Information,COLLEGE STATION,TX,Amended,0.0,1.0,1.0,0.0
2018,COLGATE-PALMOLIVE COMPANY,33 - Manufacturing,NEW YORK,NY,Change with Same Employer,1.0,0.0,1.0,1.0
2018,COLLETON COUNTY SCHOOL DISTRICT,Educational Services,WALTERBORO,SC,Continuation,1.0,0.0,1.0,1.0
2018,COLUMBIAN CHEMICALS COMPANY DBA,33 - Manufacturing,MARIETTA,GA,Change with Same Employer,1.0,0.0,1.0,1.0
2018,COMMS MEDIA ADVISORS LLC DBA CMA S,"Professional, Scientific, and Technical Services",BOSTON,MA,New Employment,1.0,0.0,1.0,1.0
2018,CONTENT PILOT LLC,"Professional, Scientific, and Technical Services",DALLAS,TX,New Employment,1.0,0.0,1.0,1.0
2018,CONTINUUM ANALYTICS INC,"Professional, Scientific, and Technical Services",AUSTIN,TX,New Employment,1.0,0.0,1.0,1.0
2018,CORELOGIC SOLUTIONS LLC,Real Estate and Rental and Leasing,IRVINE,CA,Amended,1.0,0.0,1.0,1.0
2018,COREVANCE INC,"Professional, Scientific, and Technical Services",ALPHARETTA,GA,Amended,0.0,1.0,1.0,0.0
2018,COURTSENSE LLC,"Arts, Entertainment, and Recreation",CRESSKILL,NJ,New Employment,0.0,1.0,1.0,0.0
2018,CQG INC,"Professional, Scientific, and Technical Services",DENVER,CO,New Employment,1.0,0.0,1.0,1.0
2018,CRAVATH SWAINE & MOORE LLP,"Professional, Scientific, and Technical Services",NEW YORK,NY,New Employment,2.0,0.0,2.0,1.0
2018,CRITERION 360 INC,"Professional, Scientific, and Technical Services",NEW YORK,NY,New Employment,1.0,0.0,1.0,1.0
2018,CRUX INFORMATICS INC,Information,SAN FRANCISCO,CA,Change of Employer,1.0,0.0,1.0,1.0
2018,CUTONE & CO CONSULTANTS LLC DBA LC,"Professional, Scientific, and Technical Services",NEW YORK,NY,Change of Employer,1.0,0.0,1.0,1.0
2018,D U ARCHITECTS,"Professional, Scientific, and Technical Services",VENICE,CA,New Employment,0.0,1.0,1.0,0.0
2018,DATA & SOCIETY RESEARCH INST INC,Other Services (except Public Administration),NEW YORK,NY,Continuation,1.0,0.0,1.0,1.0
2018,DATUM RIOS LLC,"Professional, Scientific, and Technical Services",SAN ANTONIO,TX,Change of Employer,1.0,0.0,1.0,1.0
2018,DECISION SUPPORT SYS LP DBA DSS,"Professional, Scientific, and Technical Services",FORT WORTH,TX,Continuation,1.0,0.0,1.0,1.0
2018,DECISIONMAPPER CORPORATION,"Professional, Scientific, and Technical Services",NEW YORK,NY,Continuation,1.0,0.0,1.0,1.0
2018,DECOSTAR INDUSTRIES INC,33 - Manufacturing,CARROLLTON,GA,New Employment,1.0,0.0,1.0,1.0
2018,DEETA IT SOLUTIONS INC,"Professional, Scientific, and Technical Services",MIDDLESEX,NJ,New Employment,4.0,1.0,5.0,0.8
2018,DELOITTE CONSULTING LLP,"Professional, Scientific, and Technical Services",ATLANTA,GA,Amended,81.0,28.0,109.0,0.7431192660550459
2018,DIMAGI INC,"Professional, Scientific, and Technical Services",CAMBRIDGE,MA,Change of Employer,1.0,0.0,1.0,1.0
2018,DOCMAGIC INC DBA DOCUMENT SYSTEMS,Information,TORRANCE,CA,Change of Employer,1.0,0.0,1.0,1.0
2018,DW MATRIX INC,"Professional, Scientific, and Technical Services",WESTBOROUGH,MA,New Employment,3.0,2.0,5.0,0.6
2018,DWH SYSTEMS INC,"Professional, Scientific, and Technical Services",HOBOKEN,NJ,Change of Employer,3.0,0.0,3.0,1.0
2018,E DEFT SOLUTIONS LLC,"Professional, Scientific, and Technical Services",MASON,OH,New Employment,4.0,1.0,5.0,0.8
2018,EASI LLC,"Professional, Scientific, and Technical Services",HANOVER,MD,Continuation,15.0,0.0,15.0,1.0
2018,EASY FLOW II LLC DBA EASY FLOW,Other Services (except Public Administration),NEW YORK,NY,New Employment,0.0,1.0,1.0,0.0
2018,ECENTA AMERICA INC,"Professional, Scientific, and Technical Services",DALLAS,TX,Continuation,2.0,0.0,2.0,1.0
2018,EDATAWORLD LLC,"Professional, Scientific, and Technical Services",FRISCO,TX,Change with Same Employer,7.0,0.0,7.0,1.0
2018,EDENRED COMMUTER BENEFIT SOLUTIONS,Finance and Insurance,NEWTON,MA,Continuation,1.0,0.0,1.0,1.0
2018,EKTHA SOLUTIONS INC,"Professional, Scientific, and Technical Services",IRVING,TX,Amended,2.0,3.0,5.0,0.4
2018,EMERSON CLIMATE TECHNOLOGIES INC,33 - Manufacturing,SIDNEY,OH,Amended,1.0,0.0,1.0,1.0
2018,EMINENCE CONSULTING INC,"Professional, Scientific, and Technical Services",IRVING,TX,New Employment,0.0,1.0,1.0,0.0
2018,END TO END ANALYTICS LLC,"Professional, Scientific, and Technical Services",PALO ALTO,CA,New Employment,0.0,1.0,1.0,0.0
2018,ENFUSION LTD LLC D/B/A ENFUSION LL,"Professional, Scientific, and Technical Services",CHICAGO,IL,Continuation,2.0,0.0,2.0,1.0
2018,ENGINEERING PARTNERS INC,"Professional, Scientific, and Technical Services",TAMUNING,GU,Continuation,2.0,0.0,2.0,1.0
2018,EPLUS TECHNOLOGY INC,"Professional, Scientific, and Technical Services",HERNDON,VA,Amended,0.0,1.0,1.0,0.0
2018,ESSEX TECHNOLOGY GROUP INC,Wholesale Trade,ROCHELLE PARK,NJ,New Employment,1.0,0.0,1.0,1.0
2018,ESVEE TECHNOLOGIES INC,"Professional, Scientific, and Technical Services",CENTREVILLE,VA,Amended,1.0,0.0,1.0,1.0
2018,ETTAIN GROUP INC,"Professional, Scientific, and Technical Services",EAST BRUNSWICK,NJ,Change of Employer,2.0,0.0,2.0,1.0
2018,EVERBRIDGE INC,Information,BURLINGTON,MA,Change of Employer,4.0,0.0,4.0,1.0
2018,EVERNOTE CORPORATION,Information,REDWOOD CITY,CA,New Employment,4.0,0.0,4.0,1.0
2018,EXELON GENERATION COMPANY LLC,Utilities,KENNETT SQUARE,PA,New Employment,2.0,0.0,2.0,1.0
2018,EXETER HOSPITAL INC,Health Care and Social Assistance,EXETER,NH,New Employment,1.0,0.0,1.0,1.0
2018,EXODUSPOINT CAPITAL MANAGEMENT LP,Finance and Insurance,NEW YORK,NY,New Employment,2.0,0.0,2.0,1.0
2018,EXT TECH LLC,33 - Manufacturing,BROOKLYN,NY,New Employment,1.0,0.0,1.0,1.0
2018,EXTREME SCALE SOLUTIONS LLC,"Professional, Scientific, and Technical Services",NEW CASTLE,DE,New Employment,1.0,1.0,2.0,0.5
2018,FAMILY CARE HOME HLTH HOSPICE LLC,Health Care and Social Assistance,LAS VEGAS,NV,Continuation,1.0,0.0,1.0,1.0
2018,FANUC AMERICA CORPORATION,"Professional, Scientific, and Technical Services",ROCHESTER,MI,Continuation,1.0,0.0,1.0,1.0
2018,FAREPORTAL INC D/B/A CHEAPOAIR.COM,Administrative and Support and Waste Management and Remediation Services,NEW YORK,NY,Amended,1.0,0.0,1.0,1.0
2018,FERMI RESEARCH ALLIANCE LLC,"Professional, Scientific, and Technical Services",BATAVIA,IL,New Employment,10.0,0.0,10.0,1.0
2018,FIRST COLUMN ENTERPRISES LLC,Other Services (except Public Administration),MANASSAS,VA,New Employment,1.0,0.0,1.0,1.0
2018,FIRST QUALITY ENTERPRISES INC,Management of Companies and Enterprises,GREAT NECK,NY,Continuation,2.0,0.0,2.0,1.0
2018,FLEX INTERCONNECT TECHNOLOGIES INC,33 - Manufacturing,MILPITAS,CA,Continuation,1.0,0.0,1.0,1.0
2018,FLOYD VALLEY HEALTHCARE,Health Care and Social Assistance,LE MARS,IA,New Employment,3.0,0.0,3.0,1.0
2018,FLUENCE AUTOMATION LLC,33 - Manufacturing,CHARLOTTE,NC,Amended,1.0,0.0,1.0,1.0
2018,FLUENT360 LLC,"Professional, Scientific, and Technical Services",NASHVILLE,TN,Change of Employer,1.0,0.0,1.0,1.0
2018,FOTAVO INC,"Professional, Scientific, and Technical Services",SUNNYVALE,CA,New Employment,0.0,1.0,1.0,0.0
2018,FRANCHISE WORLD HEADQUARTERS LLC,Accommodation and Food Services,MILFORD,CT,New Employment,1.0,0.0,1.0,1.0
2018,FRANCIS DAVID CORP DBA ELECTRONIC,Finance and Insurance,CLEVELAND,OH,Amended,1.0,0.0,1.0,1.0
2018,FRESNO COMMUNITY HOSPITAL & MEDICA,Health Care and Social Assistance,FRESNO,CA,New Employment,1.0,0.0,1.0,1.0
2018,FRONTAGE LABORATORIES INC,"Professional, Scientific, and Technical Services",EXTON,PA,Continuation,2.0,0.0,2.0,1.0
2018,G2 INTEGRATED SOLUTIONS LLC,"Professional, Scientific, and Technical Services",HOUSTON,TX,Change of Employer,1.0,0.0,1.0,1.0
2018,GALAXE SOLUTIONS INC,"Professional, Scientific, and Technical Services",SOMERSET,NJ,New Employment,18.0,0.0,18.0,1.0
2018,GALILEO INC,"Professional, Scientific, and Technical Services",NEW YORK,NY,Change of Employer,1.0,0.0,1.0,1.0
2018,GARAGE SOLUTIONS LLC DBA THE GARAG,"Professional, Scientific, and Technical Services",ORLANDO,FL,Continuation,1.0,0.0,1.0,1.0
2018,GATI TECH INC,"Professional, Scientific, and Technical Services",ELGIN,IL,Amended,3.0,1.0,4.0,0.75
2018,GENIUS RESOURCES INC,"Professional, Scientific, and Technical Services",JERSEY CITY,NJ,Change of Employer,2.0,1.0,3.0,0.6666666666666666
2018,GEODIS USA INC,49 - Transportation and Warehousing,PHILADELPHIA,PA,Change of Employer,2.0,0.0,2.0,1.0
2018,GETTY IMAGES SEATTLE INC,Administrative and Support and Waste Management and Remediation Services,SEATTLE,WA,Change of Employer,5.0,0.0,5.0,1.0
2018,GIPHY INC,"Professional, Scientific, and Technical Services",NEW YORK,NY,New Concurrent,1.0,0.0,1.0,1.0
2018,GLOBAL MAIL INC DBA DHL ECOMMERCE,49 - Transportation and Warehousing,FORT LAUDERDALE,FL,Change with Same Employer,0.0,1.0,1.0,0.0
2018,GRAPHIC MEASURES INTL LTD,"Professional, Scientific, and Technical Services",WAYZATA,MN,New Employment,0.0,1.0,1.0,0.0
2018,GREAT RIVER SCHOOL,Educational Services,SAINT PAUL,MN,New Employment,1.0,0.0,1.0,1.0
2018,GREENHOUSE SOFTWARE INC,"Professional, Scientific, and Technical Services",NEW YORK,NY,New Employment,1.0,0.0,1.0,1.0
2018,GREFE & SIDNEY P L C,"Professional, Scientific, and Technical Services",DES MOINES,IA,Amended,1.0,0.0,1.0,1.0
2018,GREINER BIO ONE NORTH AMERICA INC,33 - Manufacturing,MONROE,NC,Change of Employer,1.0,0.0,1.0,1.0
2018,GTL USA INC,Information,PLANO,TX,Continuation,1.0,0.0,1.0,1.0
2018,GUARDX INC,"Professional, Scientific, and Technical Services",FAIRFIELD,CT,Continuation,1.0,0.0,1.0,1.0
2018,GUNVOR USA LLC,Finance and Insurance,HOUSTON,TX,Change of Employer,1.0,0.0,1.0,1.0
2018,H J ENTERPRISES INC,33 - Manufacturing,HIGH RIDGE,MO,New Employment,1.0,0.0,1.0,1.0
2018,HALEY GUILIANO LLP,"Professional, Scientific, and Technical Services",NEW YORK,NY,Change of Employer,1.0,0.0,1.0,1.0
2018,HARPRO TECH INC,"Professional, Scientific, and Technical Services",RESTON,VA,Change of Employer,2.0,0.0,2.0,1.0
2018,HBK SERVICES LLC,Finance and Insurance,DALLAS,TX,Change of Employer,2.0,0.0,2.0,1.0
2018,HD CONSULTING SERVICE LLC,"Professional, Scientific, and Technical Services",JERSEY CITY,NJ,New Employment,1.0,0.0,1.0,1.0
2018,HEALTHTAP INC,"Professional, Scientific, and Technical Services",PALO ALTO,CA,Amended,1.0,0.0,1.0,1.0
2018,HEATCRAFT REFRIGERATION PRODUCTS L,33 - Manufacturing,RICHARDSON,TX,Continuation,2.0,0.0,2.0,1.0
2018,HENNEPIN HEALTHCARE SYSTEM INC,Health Care and Social Assistance,MINNEAPOLIS,MN,Change of Employer,1.0,1.0,2.0,0.5
2018,HI TECH SOLUTIONS INC,"Professional, Scientific, and Technical Services",MOKENA,IL,Continuation,2.0,0.0,2.0,1.0
2018,HINDSIGHT SOFTWARE SOLUTIONS INC,"Professional, Scientific, and Technical Services",FRISCO,TX,New Employment,9.0,1.0,10.0,0.9
2018,HOLSTEN MGMT CORPORATION,Real Estate and Rental and Leasing,CHICAGO,IL,New Employment,0.0,1.0,1.0,0.0
2018,HOME DEPOT PRODUCT AUTHORITY LLC,Wholesale Trade,ATLANTA,GA,Amended,3.0,0.0,3.0,1.0
2018,HOWARD HUGHES MEDICAL INST,"Professional, Scientific, and Technical Services",CHEVY CHASE,MD,New Employment,1.0,0.0,1.0,1.0
2018,HUTCHINSON AEROSPACE INDUSTRY INC,33 - Manufacturing,BURBANK,CA,New Employment,1.0,0.0,1.0,1.0
2018,I2 INFOTECH LLC,"Professional, Scientific, and Technical Services",DALLAS,TX,New Employment,4.0,3.0,7.0,0.5714285714285714
2018,IBM CORPORATION,"Professional, Scientific, and Technical Services",DURHAM,NC,New Employment,267.0,3.0,270.0,0.9888888888888888
2018,IBUSINESS SOLUTION LLC,"Professional, Scientific, and Technical Services",MECHANICSBURG,PA,Continuation,8.0,0.0,8.0,1.0
2018,ICERTIS INC,"Professional, Scientific, and Technical Services",BELLEVUE,WA,Change of Employer,3.0,0.0,3.0,1.0
2018,IMPINJ INC,33 - Manufacturing,SEATTLE,WA,Change of Employer,2.0,0.0,2.0,1.0
2018,INCON GEMS,Wholesale Trade,NEW YORK,NY,Continuation,1.0,0.0,1.0,1.0
2018,INGRAM MICRO INC,"Professional, Scientific, and Technical Services",IRVINE,CA,Amended,1.0,0.0,1.0,1.0
2018,INGREDION INCORPORATED,33 - Manufacturing,WESTCHESTER,IL,Continuation,1.0,0.0,1.0,1.0
2018,INSPIRIX TECHNOLOGIES LLC,"Professional, Scientific, and Technical Services",SAINT PETERS,MO,Amended,2.0,4.0,6.0,0.3333333333333333
2018,INSYST INC,"Professional, Scientific, and Technical Services",PARSIPPANY,NJ,Change of Employer,1.0,0.0,1.0,1.0
2018,INTERNATIONAL SCHOOL OF LOUISIANA,Educational Services,NEW ORLEANS,LA,Change with Same Employer,1.0,0.0,1.0,1.0
2018,INTL INITIATIVE FOR IMPACT,Public Administration,WASHINGTON,DC,Continuation,1.0,0.0,1.0,1.0
2018,INTUIT INC,"Professional, Scientific, and Technical Services",MOUNTAIN VIEW,CA,New Employment,83.0,4.0,87.0,0.9540229885057472
2018,ISITE TECHNOLOGIES INC,"Professional, Scientific, and Technical Services",CRANBURY,NJ,Continuation,10.0,1.0,11.0,0.9090909090909092
2018,IT KEYSOURCE INC,"Professional, Scientific, and Technical Services",CHARLOTTE,NC,Amended,5.0,8.0,13.0,0.3846153846153846
2018,ITCO SOLUTIONS INC,"Professional, Scientific, and Technical Services",SAN JOSE,CA,New Employment,1.0,0.0,1.0,1.0
2018,ITENTIAL LLC,Management of Companies and Enterprises,ATLANTA,GA,New Employment,0.0,1.0,1.0,0.0
2018,ITVORKS INC,"Professional, Scientific, and Technical Services",PRINCETON,NJ,New Employment,4.0,7.0,11.0,0.3636363636363636
2018,J D POWER,"Professional, Scientific, and Technical Services",COSTA MESA,CA,Change of Employer,2.0,1.0,3.0,0.6666666666666666
2018,JAPAN PLUS FOUR INC,45 - Retail Trade,ANNAPOLIS,MD,Continuation,1.0,0.0,1.0,1.0
2018,JAPANESE CHILDREN S SOCIETY INC,Educational Services,ENGLEWOOD CLIFFS,NJ,Change of Employer,1.0,0.0,1.0,1.0
2018,JETBLUE AIRWAYS,49 - Transportation and Warehousing,LONG ISLAND CITY,NY,Continuation,1.0,1.0,2.0,0.5
2018,JINMA AMERICA INC,33 - Manufacturing,HIALEAH,FL,New Employment,0.0,1.0,1.0,0.0
2018,JOHNSON CONTROLS INC,33 - Manufacturing,MILWAUKEE,WI,Continuation,35.0,0.0,35.0,1.0
2018,JUPITER CONSULTING SERVICES LLC,"Professional, Scientific, and Technical Services",BALLWIN,MO,Continuation,1.0,0.0,1.0,1.0
2018,KA DENTAL GROUP RPB PA,Health Care and Social Assistance,WEST PALM BEACH,FL,New Employment,2.0,0.0,2.0,1.0
2018,KABEER CONSULTING INC,"Professional, Scientific, and Technical Services",EDISON,NJ,Continuation,4.0,0.0,4.0,1.0
2018,KAKATIYA INFOTECH INC,"Professional, Scientific, and Technical Services",PALATINE,IL,Amended,1.0,0.0,1.0,1.0
2018,KALLIDUS INC DBA SKAVA,"Professional, Scientific, and Technical Services",PLANO,TX,Change of Employer,0.0,1.0,1.0,0.0
2018,KAPSTONE TECHNOLOGIES LLC,"Professional, Scientific, and Technical Services",SOMERSET,NJ,Change of Employer,2.0,0.0,2.0,1.0
2018,KAUTEX INC,33 - Manufacturing,TROY,MI,Change with Same Employer,1.0,0.0,1.0,1.0
2018,KELLER WILLIAMS REALTY INC,Real Estate and Rental and Leasing,AUSTIN,TX,New Employment,1.0,0.0,1.0,1.0
2018,KENTUCKYONE HEALTH MEDICAL GROUP I,Health Care and Social Assistance,LOUISVILLE,KY,Continuation,1.0,0.0,1.0,1.0
2018,KEYSIGHT TECHNOLOGIES INC,33 - Manufacturing,SANTA ROSA,CA,Amended,7.0,1.0,8.0,0.875
2018,KLD ENGINEERING PC,"Professional, Scientific, and Technical Services",ISLANDIA,NY,New Employment,0.0,1.0,1.0,0.0
2018,KNOWLEDGELINK GROUP INC,Educational Services,WALTHAM,MA,New Employment,2.0,1.0,3.0,0.6666666666666666
2018,KPIT INFOSYSTEMS INC,"Professional, Scientific, and Technical Services",EDISON,NJ,Continuation,26.0,2.0,28.0,0.9285714285714286
2018,KU L LLC,Health Care and Social Assistance,FRIENDSWOOD,TX,New Employment,0.0,1.0,1.0,0.0
2018,KUBERRE SYSTEMS INC,"Professional, Scientific, and Technical Services",WILMINGTON,MA,New Employment,1.0,0.0,1.0,1.0
2018,KUSHNER STUDIOS ARCHITECTURE & DES,"Professional, Scientific, and Technical Services",NEW YORK,NY,New Employment,1.0,0.0,1.0,1.0
2018,LAKE HILLS MONTESSORI-TULSA LLC,Health Care and Social Assistance,TULSA,OK,Change of Employer,0.0,1.0,1.0,0.0
2018,LAREDO SPORTS MEDICINE CLINIC PA,Health Care and Social Assistance,LAREDO,TX,Change with Same Employer,1.0,0.0,1.0,1.0
2018,LATHAM & WATKINS LLP,"Professional, Scientific, and Technical Services",NEW YORK,NY,Change of Employer,3.0,0.0,3.0,1.0
2018,LAVIDA MASSAGE FRANCHISE DEVELOPME,"Professional, Scientific, and Technical Services",BRIGHTON,MI,New Employment,0.0,1.0,1.0,0.0
2018,LAW OFFICES OF ARNEL B JALBUENA A,"Professional, Scientific, and Technical Services",LOS ANGELES,CA,New Employment,1.0,0.0,1.0,1.0
2018,LEADMAN FLOORING LLC,Wholesale Trade,PEACHTREE CORNERS,GA,Continuation,1.0,0.0,1.0,1.0
2018,LEE & CO CPA AN ACCOUNTANCY CORP,"Professional, Scientific, and Technical Services",IRVINE,CA,New Employment,1.0,0.0,1.0,1.0
2018,LEHIGH UNIVERSITY,Educational Services,BETHLEHEM,PA,Amended,1.0,0.0,1.0,1.0
2018,LENDINGCLUB CORPORATION,Finance and Insurance,SAN FRANCISCO,CA,New Employment,6.0,2.0,8.0,0.75
2018,LEVELS BEYOND INC,Information,DENVER,CO,Continuation,1.0,0.0,1.0,1.0
2018,LG CNS AMERICA INC,"Professional, Scientific, and Technical Services",ENGLEWOOD CLIFFS,NJ,Amended,1.0,0.0,1.0,1.0
2018,LG ELECTRONICS MOBILE RSCH USA LLC,Information,LINCOLNSHIRE,IL,Continuation,1.0,0.0,1.0,1.0
2018,LIAZON CORPORATION,"Professional, Scientific, and Technical Services",ARLINGTON,VA,New Employment,5.0,0.0,5.0,1.0
2018,LIBERTY ASSOCIATES INC,Finance and Insurance,NEW YORK,NY,New Employment,0.0,1.0,1.0,0.0
2018,LIFE SCIENCE NATION LLC,Information,BOSTON,MA,New Employment,1.0,0.0,1.0,1.0
2018,LOGICQUE INC,"Professional, Scientific, and Technical Services",CANTON,MI,Amended,1.0,2.0,3.0,0.3333333333333333
2018,LUCID TECHNOLOGIES INC,"Professional, Scientific, and Technical Services",GLEN ALLEN,VA,Amended,1.0,0.0,1.0,1.0
2018,LUCIDEUS INC,"Professional, Scientific, and Technical Services",PALO ALTO,CA,Change of Employer,1.0,0.0,1.0,1.0
2018,LUCILE SALTER PACKARD CHILDRENS HO,Health Care and Social Assistance,PALO ALTO,CA,Continuation,3.0,0.0,3.0,1.0
2018,LUTHER COLLEGE,Educational Services,DECORAH,IA,Continuation,1.0,0.0,1.0,1.0
2018,LYCEE INTL DE BOSTON INTL SCHOOL,Educational Services,CAMBRIDGE,MA,New Employment,1.0,0.0,1.0,1.0
2018,M SANTOLIQUIDO CORP DBA SAN SIGNS,"Professional, Scientific, and Technical Services",YONKERS,NY,Change of Employer,1.0,0.0,1.0,1.0
2018,MAINEGENERAL MEDICAL CENTER,Health Care and Social Assistance,AUGUSTA,ME,New Employment,1.0,0.0,1.0,1.0
2018,MANDO AMERICA CORPORATION,33 - Manufacturing,OPELIKA,AL,New Employment,8.0,3.0,11.0,0.7272727272727273
2018,MANIFEST MEDEX,"Professional, Scientific, and Technical Services",EMERYVILLE,CA,Change of Employer,1.0,0.0,1.0,1.0
2018,MARCHEX INC,"Professional, Scientific, and Technical Services",SEATTLE,WA,New Employment,1.0,0.0,1.0,1.0
2018,MARSHALL WACE NORTH AMERICA LP,Finance and Insurance,NEW YORK,NY,Change of Employer,1.0,0.0,1.0,1.0
2018,MARTIN DRUGS OF RIVERHEAD INC D/B/,45 - Retail Trade,RIVERHEAD,NY,Change of Employer,1.0,0.0,1.0,1.0
2018,MASONITE CORPORATION,33 - Manufacturing,TAMPA,FL,Change of Employer,1.0,0.0,1.0,1.0
2018,MATCH GROUP LLC,"Professional, Scientific, and Technical Services",DALLAS,TX,New Employment,3.0,0.0,3.0,1.0
2018,MAXIM HEALTHCARE SERVICES INC,"Professional, Scientific, and Technical Services",COLUMBIA,MD,Change of Employer,1.0,0.0,1.0,1.0
2018,MCDONALD S CORPORATION,Accommodation and Food Services,OAK BROOK,IL,Change of Employer,2.0,0.0,2.0,1.0
2018,MCGAW MEDICAL CTR OF NORTHWESTERN,Health Care and Social Assistance,CHICAGO,IL,Change of Employer,2.0,0.0,2.0,1.0
2018,MCI COMMUNICATIONS SERVICES INC,Information,HIGHLANDS RANCH,CO,Continuation,2.0,0.0,2.0,1.0
2018,MCSIGMA INC,"Professional, Scientific, and Technical Services",PRINCETON,NJ,Continuation,0.0,1.0,1.0,0.0
2018,MEG COMPANY INC,33 - Manufacturing,HERMOSA BEACH,CA,Continuation,1.0,0.0,1.0,1.0
2018,MEGA CIRCUIT INC,33 - Manufacturing,ADDISON,IL,Continuation,1.0,0.0,1.0,1.0
2018,MERKLE INC,"Professional, Scientific, and Technical Services",COLUMBIA,MD,Change of Employer,4.0,0.0,4.0,1.0
2018,METASOFTTECH SOLUTIONS LLC,"Professional, Scientific, and Technical Services",CHANDLER,AZ,Change with Same Employer,3.0,1.0,4.0,0.75
2018,MICROINFO INC,"Professional, Scientific, and Technical Services",PLANO,TX,Change with Same Employer,1.0,0.0,1.0,1.0
2018,MICROPORT ORTHOPEDICS INC,33 - Manufacturing,ARLINGTON,TN,Continuation,1.0,0.0,1.0,1.0
2018,MIDLAND CREDIT MANAGEMENT INC,Finance and Insurance,SAN DIEGO,CA,Change of Employer,1.0,0.0,1.0,1.0
2018,MIGHTYHIVE INC,"Professional, Scientific, and Technical Services",SAN FRANCISCO,CA,New Employment,1.0,0.0,1.0,1.0
2018,MINGHUA USA INC,33 - Manufacturing,GREER,SC,New Employment,0.0,1.0,1.0,0.0
2018,MIZUHO BANK LTD,Finance and Insurance,NEW YORK,NY,New Employment,3.0,0.0,3.0,1.0
2018,MODERN MEADOW INC,"Professional, Scientific, and Technical Services",NUTLEY,NJ,New Employment,3.0,0.0,3.0,1.0
2018,MOHAWK INDUSTRIES INC,33 - Manufacturing,CALHOUN,GA,Continuation,3.0,0.0,3.0,1.0
2018,MONROE COUNTY BOARD OF EDUCATION,Educational Services,UNION,WV,Continuation,1.0,0.0,1.0,1.0
2018,MORNINGSTAR INC,Finance and Insurance,CHICAGO,IL,Change with Same Employer,3.0,0.0,3.0,1.0
2018,MOTOR SERVICES HUGO STAMP INC,"Professional, Scientific, and Technical Services",FORT LAUDERDALE,FL,Change of Employer,1.0,0.0,1.0,1.0
2018,MU SIGMA INC,"Professional, Scientific, and Technical Services",NORTHBROOK,IL,Change with Same Employer,3.0,0.0,3.0,1.0
2018,MUSEUM OF FINE ARTS BOSTON,"Arts, Entertainment, and Recreation",BOSTON,MA,Change of Employer,1.0,0.0,1.0,1.0
2018,MUSIC OF OPUS 119,Educational Services,IRVINE,CA,Continuation,0.0,1.0,1.0,0.0
2018,MUSIFAI INC,Real Estate and Rental and Leasing,NEW YORK,NY,Change of Employer,0.0,1.0,1.0,0.0
2018,MY REHAB & WELLNESS LLC,Health Care and Social Assistance,INDIANAPOLIS,IN,New Concurrent,1.0,0.0,1.0,1.0
2018,MYRON L COMPANY,"Professional, Scientific, and Technical Services",CARLSBAD,CA,Continuation,1.0,0.0,1.0,1.0
2018,NAGASHIMA OHNO & TSUNEMATSU NY LLP,"Professional, Scientific, and Technical Services",NEW YORK,NY,Change with Same Employer,1.0,0.0,1.0,1.0
2018,NATIONAL HOSPITALIST SERVICES PC,"Professional, Scientific, and Technical Services",LAFAYETTE,LA,New Concurrent,1.0,0.0,1.0,1.0
2018,NATIVO INC,"Professional, Scientific, and Technical Services",EL SEGUNDO,CA,Continuation,2.0,0.0,2.0,1.0
2018,NAVIENCE HEALTHCARE SOLUTIONS LLC,"Professional, Scientific, and Technical Services",SKILLMAN,NJ,New Employment,1.0,0.0,1.0,1.0
2018,NAVSEEKER INC D/B/A THE EVOGI GROU,Wholesale Trade,SCOTTSDALE,AZ,New Employment,0.0,1.0,1.0,0.0
2018,NETRONOME SYSTEMS INC,"Professional, Scientific, and Technical Services",CRANBERRY TOWNSHIP,PA,Amended,1.0,0.0,1.0,1.0
2018,NEW YORK PREPATORY SCHOOL DBA DWIG,Educational Services,NEW YORK,NY,New Employment,1.0,0.0,1.0,1.0
2018,NLIGHT INC,33 - Manufacturing,VANCOUVER,WA,Change with Same Employer,1.0,0.0,1.0,1.0
2018,NMC INC,"Professional, Scientific, and Technical Services",LOS ALAMOS,NM,Amended,1.0,0.0,1.0,1.0
2018,NOMURA AMERICA SERVICES LLC,"Professional, Scientific, and Technical Services",NEW YORK,NY,Change of Employer,6.0,0.0,6.0,1.0
2018,NORSTAR SHIPPING USA LLC,49 - Transportation and Warehousing,WESTPORT,CT,Continuation,1.0,0.0,1.0,1.0
2018,NORVIC SHIPPING USA INC,49 - Transportation and Warehousing,SUGAR LAND,TX,Change of Employer,1.0,0.0,1.0,1.0
2018,NOVO LAW FIRM PC,"Professional, Scientific, and Technical Services",NEW YORK,NY,New Employment,1.0,0.0,1.0,1.0
2018,NUTONOMY INC,"Professional, Scientific, and Technical Services",BOSTON,MA,Change of Employer,3.0,0.0,3.0,1.0
2018,NUVENTO LLC,"Professional, Scientific, and Technical Services",OVERLAND PARK,KS,Change of Employer,1.0,1.0,2.0,0.5
2018,OAKTREE CAPITAL MANAGEMENT LP,Finance and Insurance,LOS ANGELES,CA,Continuation,1.0,0.0,1.0,1.0
2018,OCCIDENTAL COLLEGE,Educational Services,LOS ANGELES,CA,Continuation,2.0,0.0,2.0,1.0
2018,ODEBRECHT CONSTRUCTION INC,Construction,MIAMI,FL,Change with Same Employer,1.0,0.0,1.0,1.0
2018,OHIOHEALTH PHYSICIAN GRP INC,Health Care and Social Assistance,COLUMBUS,OH,Change of Employer,2.0,0.0,2.0,1.0
2018,OMNICELL INC,33 - Manufacturing,MOUNTAIN VIEW,CA,New Concurrent,1.0,0.0,1.0,1.0
2018,OMNIPLAN INC,"Professional, Scientific, and Technical Services",DALLAS,TX,Continuation,1.0,0.0,1.0,1.0
2018,OPENAI INC,"Professional, Scientific, and Technical Services",SAN FRANCISCO,CA,Change of Employer,3.0,0.0,3.0,1.0
2018,ORACLE AMERICA INC,Information,SAN FRANCISCO,CA,Continuation,55.0,2.0,57.0,0.9649122807017544
2018,ORPAK USA INC,"Professional, Scientific, and Technical Services",MIAMI,FL,New Employment,1.0,1.0,2.0,0.5
2018,OSS INTEGRATORS INC,"Professional, Scientific, and Technical Services",KIRKLAND,WA,Amended,0.0,1.0,1.0,0.0
2018,OTM LABS INC,"Professional, Scientific, and Technical Services",COLUMBIA,MD,New Employment,1.0,0.0,1.0,1.0
2018,P SQUARE SOLUTIONS LLC,"Professional, Scientific, and Technical Services",MOUNT LAUREL,NJ,Change of Employer,1.0,0.0,1.0,1.0
2018,PARALLEL MACHINES INC,"Professional, Scientific, and Technical Services",SUNNYVALE,CA,Change of Employer,2.0,0.0,2.0,1.0
2018,PARLI INC D/B/A SLANT,Information,SAN FRANCISCO,CA,Change of Employer,1.0,0.0,1.0,1.0
2018,PETRO CHEM DEVELOPMENT CO INC,"Professional, Scientific, and Technical Services",HOUSTON,TX,Continuation,1.0,0.0,1.0,1.0
2018,PFISTER ENERGY INC,"Professional, Scientific, and Technical Services",HAWTHORNE,NJ,New Employment,1.0,0.0,1.0,1.0
2018,PHD MEDIA LLC,"Professional, Scientific, and Technical Services",NEW YORK,NY,New Employment,1.0,0.0,1.0,1.0
2018,PHILIPS ULTRASOUND INC,33 - Manufacturing,ANDOVER,MA,New Employment,3.0,0.0,3.0,1.0
2018,PILLSBURY WINTHROP SHAW PITTMAN LL,"Professional, Scientific, and Technical Services",NASHVILLE,TN,Continuation,1.0,0.0,1.0,1.0
2018,PINELLAS COUNTY BOARD OF COUNTY CO,Public Administration,CLEARWATER,FL,Change of Employer,1.0,0.0,1.0,1.0
2018,POLYCARBON INDUSTRIES INC DBA PCI,33 - Manufacturing,NEWBURYPORT,MA,Continuation,2.0,0.0,2.0,1.0
2018,POPSOCKETS INC,33 - Manufacturing,BOULDER,CO,New Employment,1.0,0.0,1.0,1.0
2018,PREMIER CONSULTING GROUP INC,"Professional, Scientific, and Technical Services",HAMILTON,NJ,Continuation,2.0,0.0,2.0,1.0
2018,PREMIER IT SOLUTIONS INC,"Professional, Scientific, and Technical Services",RICHARDSON,TX,Amended,13.0,1.0,14.0,0.9285714285714286
2018,PRO SOFTWARE CONSULTING SVCS PSCS,"Professional, Scientific, and Technical Services",ALPHARETTA,GA,Amended,1.0,0.0,1.0,1.0
2018,PROPAGENIX INC,"Professional, Scientific, and Technical Services",ROCKVILLE,MD,Continuation,1.0,0.0,1.0,1.0
2018,PROSERVE CONSULTING INC,"Professional, Scientific, and Technical Services",NEW YORK,NY,Amended,3.0,0.0,3.0,1.0
2018,PT PLUS THERAPEUTIC RESOURCES INC,Health Care and Social Assistance,WYANDOTTE,MI,New Concurrent,1.0,0.0,1.0,1.0
2018,QUANTUM GRAVITY RESEARCH,"Professional, Scientific, and Technical Services",LOS ANGELES,CA,New Employment,1.0,0.0,1.0,1.0
2018,QUORA INC,Information,MOUNTAIN VIEW,CA,New Employment,1.0,0.0,1.0,1.0
2018,RACKTOP SYSTEMS INC,33 - Manufacturing,FULTON,MD,Continuation,1.0,0.0,1.0,1.0
2018,RADIANCE CHIROPRACTIC LLC,Health Care and Social Assistance,BRIDGEVILLE,PA,New Employment,1.0,0.0,1.0,1.0
2018,RADICLE INC,"Professional, Scientific, and Technical Services",CHICAGO,IL,Continuation,2.0,0.0,2.0,1.0
2018,RAYMOND JAMES & ASSOCIATES INC,Finance and Insurance,ST PETERSBURG,FL,Change with Same Employer,1.0,0.0,1.0,1.0
2018,RAYVIO CORP,33 - Manufacturing,HAYWARD,CA,Change of Employer,0.0,1.0,1.0,0.0
2018,REHABILITY CARE,Health Care and Social Assistance,INDIANAPOLIS,IN,New Employment,3.0,1.0,4.0,0.75
2018,REINHART BOERNER VAN DEUREN SC,"Professional, Scientific, and Technical Services",MILWAUKEE,WI,Continuation,1.0,0.0,1.0,1.0
2018,RHODE ISLAND HOSPITAL,"Professional, Scientific, and Technical Services",PROVIDENCE,RI,New Employment,4.0,0.0,4.0,1.0
2018,RICHLAND MEMORIAL HOSPITAL,Health Care and Social Assistance,OLNEY,IL,New Employment,2.0,0.0,2.0,1.0
2018,RIGHTEYE LLC,"Professional, Scientific, and Technical Services",BETHESDA,MD,New Employment,1.0,0.0,1.0,1.0
2018,RISK INSURANCE & REINSURANCE SOLUT,Finance and Insurance,MIAMI,FL,Amended,1.0,0.0,1.0,1.0
2018,RIVIERA CONSULTING LLC,"Professional, Scientific, and Technical Services",PARSIPPANY,NJ,Continuation,0.0,1.0,1.0,0.0
2018,RND PHARMACY INC CASA DE VIDA,45 - Retail Trade,BRONX,NY,Continuation,1.0,0.0,1.0,1.0
2018,ROBERTA ROLLER RABBIT LLC,45 - Retail Trade,NEW YORK,NY,Amended,1.0,0.0,1.0,1.0
2018,ROCKET SOFTWARE INC,"Professional, Scientific, and Technical Services",BOSTON,MA,Continuation,1.0,0.0,1.0,1.0
2018,RUTGERS THE STATE UNIV OF NJ,Educational Services,NEWARK,NJ,Amended,1.0,0.0,1.0,1.0
2018,RYDER SYSTEM INC,"Professional, Scientific, and Technical Services",MIAMI,FL,New Employment,3.0,0.0,3.0,1.0
2018,SAAS SOLUTIONS AGENCY LLC,"Professional, Scientific, and Technical Services",MEDIA,PA,New Employment,1.0,0.0,1.0,1.0
2018,SAGARSOFT INC,"Professional, Scientific, and Technical Services",GLASTONBURY,CT,Change of Employer,6.0,2.0,8.0,0.75
2018,SAGE SOFWARE INC,Information,ATLANTA,GA,Change of Employer,1.0,0.0,1.0,1.0
2018,SAINT PAUL CHRISTIAN SCHOOL,Educational Services,DEDEDO,GU,Amended,1.0,0.0,1.0,1.0
2018,SALTUS TECHNOLOGIES LLC,Information,TULSA,OK,New Employment,1.0,0.0,1.0,1.0
2018,SAMSUNG AUSTIN SEMICONDUCTOR LLC,33 - Manufacturing,AUSTIN,TX,Change of Employer,31.0,0.0,31.0,1.0
2018,SANHUA INTL INC,Wholesale Trade,HOUSTON,TX,New Employment,2.0,0.0,2.0,1.0
2018,SANNOVA ANALYTICAL INC,33 - Manufacturing,EAST BRUNSWICK,NJ,Continuation,4.0,0.0,4.0,1.0
2018,SARANSH INC,"Professional, Scientific, and Technical Services",PLAINSBORO,NJ,Change of Employer,5.0,0.0,5.0,1.0
2018,SAREPTA THERAPEUTICS INC,33 - Manufacturing,CAMBRIDGE,MA,Change of Employer,4.0,0.0,4.0,1.0
2018,SAVANNAH COLLEGE OF ART & DESIGN I,Educational Services,SAVANNAH,GA,Amended,3.0,0.0,3.0,1.0
2018,SCANE CORP,"Professional, Scientific, and Technical Services",PLEASANTON,CA,Amended,0.0,1.0,1.0,0.0
2018,SCHAEFER HPS US INC,Wholesale Trade,HOUSTON,TX,Change of Employer,1.0,0.0,1.0,1.0
2018,SCHNEIDER ELECTRIC SOFTWARE LLC,33 - Manufacturing,LAKE FOREST,CA,Change of Employer,2.0,0.0,2.0,1.0
2018,SCIENCELL RSCH LABORATORIES INC,"Professional, Scientific, and Technical Services",CARLSBAD,CA,Continuation,1.0,0.0,1.0,1.0
2018,SCRUMLINK INC,"Professional, Scientific, and Technical Services",SANTA CLARA,CA,Change of Employer,0.0,1.0,1.0,0.0
2018,SEBELLA BRANDS LLC,45 - Retail Trade,JAMAICA,NY,Continuation,1.0,0.0,1.0,1.0
2018,SELECTIVE INSURANCE CO OF AMERICA,Finance and Insurance,BRANCHVILLE,NJ,Change of Employer,2.0,0.0,2.0,1.0
2018,SENSE CORP,"Professional, Scientific, and Technical Services",SAINT LOUIS,MO,Change with Same Employer,1.0,0.0,1.0,1.0
2018,SENTIENT SCIENCE CORPORATION,"Professional, Scientific, and Technical Services",BUFFALO,NY,Change of Employer,1.0,0.0,1.0,1.0
2018,SEQUENT SOFTWARE INC,Information,SANTA CLARA,CA,Continuation,1.0,0.0,1.0,1.0
2018,SHARKDREAMS LLC,Information,RALEIGH,NC,Change of Employer,1.0,0.0,1.0,1.0
2018,SHIFTLEFT INC,"Professional, Scientific, and Technical Services",SANTA CLARA,CA,New Employment,1.0,0.0,1.0,1.0
2018,SITEL OPERATING CORPORATION,Administrative and Support and Waste Management and Remediation Services,MIAMI,FL,Continuation,2.0,0.0,2.0,1.0
2018,SKA INC DBA SOUTHEASTERN FOOD,"Professional, Scientific, and Technical Services",TAMPA,FL,Continuation,1.0,0.0,1.0,1.0
2018,SKILLSOFT CORPORATION,Educational Services,NASHUA,NH,New Employment,1.0,0.0,1.0,1.0
2018,SLOANE SQUARE GROUP LLC,Finance and Insurance,NATICK,MA,Change of Employer,0.0,1.0,1.0,0.0
2018,SM MANAGEMENT LLC,Real Estate and Rental and Leasing,LOS ANGELES,CA,New Employment,1.0,0.0,1.0,1.0
2018,SMART IT STAFFING INC DBA ONEBRIDG,"Professional, Scientific, and Technical Services",INDIANAPOLIS,IN,Continuation,1.0,0.0,1.0,1.0
2018,SMARTRAC TECHNOLOGY FLETCHER INC,33 - Manufacturing,FLETCHER,NC,New Employment,1.0,0.0,1.0,1.0
2018,SOCIETE GENERALE,Finance and Insurance,NEW YORK,NY,Continuation,4.0,0.0,4.0,1.0
2018,SOFTCORP INTERNATIONAL INC,"Professional, Scientific, and Technical Services",TROY,MI,Continuation,5.0,1.0,6.0,0.8333333333333334
2018,SOFTHQ,"Professional, Scientific, and Technical Services",SAN DIEGO,CA,Continuation,10.0,0.0,10.0,1.0
2018,SOFTWARE GENIUS INC,"Professional, Scientific, and Technical Services",ISELIN,NJ,New Employment,0.0,1.0,1.0,0.0
2018,SOLIS MAMMOGRAPHY,Health Care and Social Assistance,ADDISON,TX,Change of Employer,1.0,0.0,1.0,1.0
2018,SONORAN SCIENCE ACADEMY BROADWAY,Educational Services,TUCSON,AZ,Continuation,2.0,0.0,2.0,1.0
2018,SOUTH END COMMUNITY HEALTH CENTER,Health Care and Social Assistance,BOSTON,MA,Continuation,1.0,0.0,1.0,1.0
2018,SOUTHERN TELECOM INC,"Professional, Scientific, and Technical Services",BROOKLYN,NY,New Employment,1.0,0.0,1.0,1.0
2018,SOVOS COMPLIANCE LLC,Information,DALLAS,TX,Change of Employer,2.0,0.0,2.0,1.0
2018,SPECTRALINK CORPORATION,Information,BOULDER,CO,Change of Employer,1.0,0.0,1.0,1.0
2018,SSIT INC,"Professional, Scientific, and Technical Services",FREMONT,CA,Change of Employer,0.0,1.0,1.0,0.0
2018,ST ANTHONY MEDICAL CENTERS,Health Care and Social Assistance,LOS ANGELES,CA,New Employment,1.0,0.0,1.0,1.0
2018,STACK EXCHANGE INC,Information,NEW YORK,NY,Continuation,1.0,0.0,1.0,1.0
2018,STAT9 TECHNOLOGIES INC,"Professional, Scientific, and Technical Services",CARY,NC,New Employment,0.0,1.0,1.0,0.0
2018,STATE UNIV OF NEW YORK AT BUFFALO,Educational Services,POTSDAM,NY,New Employment,3.0,0.0,3.0,1.0
2018,STONE CHANNEL INC,Wholesale Trade,COPPELL,TX,Continuation,1.0,0.0,1.0,1.0
2018,STRABISMUS RESEARCH FOUNDATION,"Professional, Scientific, and Technical Services",SAN FRANCISCO,CA,New Employment,1.0,0.0,1.0,1.0
2018,STRIDE HEALTH INC,Finance and Insurance,SAN FRANCISCO,CA,Change with Same Employer,2.0,0.0,2.0,1.0
2018,STUDYGATE INC,Educational Services,PASADENA,CA,Change of Employer,0.0,1.0,1.0,0.0
2018,SUFFOLK CONSTRUCTION COMPANY INC,Construction,LOS ANGELES,CA,Continuation,1.0,0.0,1.0,1.0
2018,SUMITOMO MITSUI TRUST BANK USA LTD,Finance and Insurance,HOBOKEN,NJ,New Employment,1.0,0.0,1.0,1.0
2018,SUN DIAMOND INC BBA SUN SOURCE,Wholesale Trade,NEW YORK,NY,New Employment,0.0,1.0,1.0,0.0
2018,SUNNYSIDE UNIFIED SCHOOL DISTRICT,Educational Services,TUCSON,AZ,Change of Employer,1.0,0.0,1.0,1.0
2018,SUNWAY MECHANICAL & ELECTRICAL TEC,"Professional, Scientific, and Technical Services",ONTARIO,CA,New Employment,1.0,0.0,1.0,1.0
2018,SUSAN B ALLEN MEMORIAL HOSPITAL,Health Care and Social Assistance,EL DORADO,KS,Continuation,1.0,0.0,1.0,1.0
2018,SV IT INC,"Professional, Scientific, and Technical Services",FLUSHING,NY,New Employment,9.0,1.0,10.0,0.9
2018,SVB FINANCIAL GROUP,Finance and Insurance,SANTA CLARA,CA,Change of Employer,24.0,0.0,24.0,1.0
2018,SWIFT BEEF CO A JBS USA SUBSIDIARY,33 - Manufacturing,GREELEY,CO,Change with Same Employer,1.0,0.0,1.0,1.0
2018,SYNCHRONOSS TECHNOLOGIES INC,"Professional, Scientific, and Technical Services",BRIDGEWATER,NJ,Change of Employer,5.0,0.0,5.0,1.0
2018,SYSCONS CORPORATION,"Professional, Scientific, and Technical Services",PROVIDENCE,RI,Change of Employer,1.0,1.0,2.0,0.5
2018,TACHYON TECHNOLOGIES LLC,"Professional, Scientific, and Technical Services",IRVING,TX,Change with Same Employer,5.0,3.0,8.0,0.625
2018,TECH MAHINDRA TECHNOLOGIES INC,"Professional, Scientific, and Technical Services",SOUTH PLAINFIELD,NJ,New Employment,3.0,1.0,4.0,0.75
2018,TECHNICAL MICRO CONSULTANTS INC DB,"Professional, Scientific, and Technical Services",EL SEGUNDO,CA,New Employment,0.0,1.0,1.0,0.0
2018,TECHNOCRATS DOMAIN INC,"Professional, Scientific, and Technical Services",SPRING,TX,Change of Employer,1.0,0.0,1.0,1.0
2018,TECHORBIT INC,"Professional, Scientific, and Technical Services",IRVING,TX,Change with Same Employer,4.0,0.0,4.0,1.0
2018,TECO WESTINGHOUSE MOTOR COMPANY,33 - Manufacturing,ROUND ROCK,TX,Continuation,1.0,0.0,1.0,1.0
2018,TEKNAUX LLC,"Professional, Scientific, and Technical Services",SUWANEE,GA,Change with Same Employer,0.0,1.0,1.0,0.0
2018,TEKSYSTEMS INC,"Professional, Scientific, and Technical Services",HANOVER,MD,Change of Employer,15.0,2.0,17.0,0.8823529411764706
2018,TEKVANA INC,"Professional, Scientific, and Technical Services",MALVERN,PA,New Employment,1.0,0.0,1.0,1.0
2018,TELECOM TECHNOLOGY SERVICES INC,"Professional, Scientific, and Technical Services",PLEASANTON,CA,Continuation,36.0,0.0,36.0,1.0
2018,TERILLIUM INC,"Professional, Scientific, and Technical Services",CINCINNATI,OH,Amended,1.0,0.0,1.0,1.0
2018,THE NPD GROUP INC,"Professional, Scientific, and Technical Services",PORT WASHINGTON,NY,New Employment,3.0,0.0,3.0,1.0
2018,THE SOCIETY MODEL MANAGEMENT INC,"Arts, Entertainment, and Recreation",NEW YORK,NY,Amended,1.0,0.0,1.0,1.0
2018,THORN EWING SHARPE & CHRISTIAN,"Professional, Scientific, and Technical Services",SAN FRANCISCO,CA,New Employment,1.0,0.0,1.0,1.0
2018,TIGER PEAK CAPITAL HOLDINGS LLC,Finance and Insurance,NEW YORK,NY,New Employment,0.0,1.0,1.0,0.0
2018,TIVO SOLUTIONS INC F/K/A TIVO INC,"Professional, Scientific, and Technical Services",ALVISO,CA,Continuation,2.0,0.0,2.0,1.0
2018,TMT INTL OBSERVATORY LLC,"Professional, Scientific, and Technical Services",LOS ANGELES,CA,Continuation,2.0,0.0,2.0,1.0
2018,TOPCON HEALTHCARE SOLUTIONS INC,33 - Manufacturing,OAKLAND,NJ,Change of Employer,1.0,0.0,1.0,1.0
2018,TOTAL OUTSOURCE INC,Administrative and Support and Waste Management and Remediation Services,ELGIN,IL,Change with Same Employer,1.0,0.0,1.0,1.0
2018,TOWER MANAGEMENT OF NY INC,Public Administration,FORT LEE,NJ,New Employment,0.0,1.0,1.0,0.0
2018,TRANSFERWISE INC,"Professional, Scientific, and Technical Services",TAMPA,FL,Change of Employer,1.0,0.0,1.0,1.0
2018,TRICON ENERGY INC,Finance and Insurance,HOUSTON,TX,Continuation,1.0,0.0,1.0,1.0
2018,TRILLIUM ASSET MANAGEMENT LLC,Finance and Insurance,BOSTON,MA,New Employment,1.0,0.0,1.0,1.0
2018,TRUELITE TRACE INC DBA FLEETUP,"Professional, Scientific, and Technical Services",SAN JOSE,CA,Change of Employer,3.0,0.0,3.0,1.0
2018,TRUSTEES OF GRINNELL COLLEGE,Educational Services,GRINNELL,IA,Change of Employer,1.0,0.0,1.0,1.0
2018,TSR CONSULTING SERVICES INC,"Professional, Scientific, and Technical Services",EDISON,NJ,Continuation,3.0,0.0,3.0,1.0
2018,TTV ARCHITECTS INC,"Professional, Scientific, and Technical Services",JACKSONVILLE,FL,New Employment,1.0,0.0,1.0,1.0
2018,TURBONOMIC INC,"Professional, Scientific, and Technical Services",BOSTON,MA,Change with Same Employer,1.0,0.0,1.0,1.0
2018,TWIN CITIES GERMAN IMMERSION,Educational Services,SAINT PAUL,MN,Continuation,1.0,0.0,1.0,1.0
2018,UBS ASSET MANAGEMENT AMERICAS INC,Finance and Insurance,NASHVILLE,TN,Amended,1.0,0.0,1.0,1.0
2018,UMASS MEMORIAL MEDICAL CTR INC,Health Care and Social Assistance,WORCESTER,MA,Change of Employer,2.0,0.0,2.0,1.0
2018,UNICA GROUP INC,"Professional, Scientific, and Technical Services",MECHANICSBURG,PA,Change of Employer,2.0,1.0,3.0,0.6666666666666666
2018,UNITED SCOPE LLC,Wholesale Trade,IRVINE,CA,New Employment,1.0,0.0,1.0,1.0
2018,UNITEX AMERICA INC DBA SHINHAN IND,33 - Manufacturing,OAKLAND,CA,Continuation,1.0,0.0,1.0,1.0
2018,UNIV OF COLORADO FOUNDATION,Other Services (except Public Administration),DENVER,CO,Change of Employer,1.0,0.0,1.0,1.0
2018,UNIV OF KANSAS HOSPITAL AUTHORITY,Health Care and Social Assistance,KANSAS CITY,KS,Change of Employer,1.0,0.0,1.0,1.0
2018,UNIV OF MISSISSIPPI MEDICAL CENTER,Educational Services,JACKSON,MS,Change with Same Employer,14.0,0.0,14.0,1.0
2018,UNIV OF NORTHERN IOWA,Educational Services,CEDAR FALLS,IA,Continuation,1.0,0.0,1.0,1.0
2018,UNIV OF SOUTH ALABAMA,Educational Services,MOBILE,AL,Change of Employer,1.0,0.0,1.0,1.0
2018,UPTAKE TECHNOLOGIES INC,Information,CHICAGO,IL,Amended,1.0,1.0,2.0,0.5
2018,US SOFTWARE & CONSULTING INC,"Professional, Scientific, and Technical Services",STERLING,VA,Continuation,2.0,0.0,2.0,1.0
2018,UST GLOBAL INC,"Professional, Scientific, and Technical Services",ALISO VIEJO,CA,Continuation,398.0,40.0,438.0,0.908675799086758
2018,VALIDUS AMERICA INC,Finance and Insurance,NEW YORK,NY,New Employment,1.0,0.0,1.0,1.0
2018,VALSATECH CORP,"Professional, Scientific, and Technical Services",WINDSOR MILL,MD,Change of Employer,1.0,0.0,1.0,1.0
2018,VELA TRADING SYSTEMS LLC,"Professional, Scientific, and Technical Services",NEW YORK,NY,Continuation,1.0,0.0,1.0,1.0
2018,VERACITY SOFTWARE INC,"Professional, Scientific, and Technical Services",ISELIN,NJ,New Employment,8.0,0.0,8.0,1.0
2018,VIA CHRISTI HOSP MANHATTAN INC,Health Care and Social Assistance,MANHATTAN,KS,New Employment,1.0,0.0,1.0,1.0
2018,VIBRANT SCIENCES LLC,33 - Manufacturing,SAN CARLOS,CA,Continuation,2.0,0.0,2.0,1.0
2018,VIRTUAL GUARD INC,Administrative and Support and Waste Management and Remediation Services,SHERMAN OAKS,CA,New Employment,1.0,0.0,1.0,1.0
2018,VISKASE COMPANIES INC,33 - Manufacturing,LOMBARD,IL,Continuation,1.0,0.0,1.0,1.0
2018,VIZIO INC,33 - Manufacturing,IRVINE,CA,Change of Employer,2.0,0.0,2.0,1.0
2018,VOCERA COMMUNICATIONS INC,33 - Manufacturing,SAN JOSE,CA,Change of Employer,5.0,0.0,5.0,1.0
2018,VOLVO CAR USA LLC,33 - Manufacturing,ROCKLEIGH,NJ,New Employment,1.0,0.0,1.0,1.0
2018,WAL MART ASSOCIATES INC,45 - Retail Trade,BENTONVILLE,AR,Change of Employer,2.0,0.0,2.0,1.0
2018,WATERBURY PHARMACY LLC,45 - Retail Trade,WATERBURY,CT,New Employment,1.0,0.0,1.0,1.0
2018,WEBILENT TECHNOLOGY INC,"Professional, Scientific, and Technical Services",GRAPEVINE,TX,Change of Employer,4.0,1.0,5.0,0.8
2018,WELLS PLUMBING & HEATING SUPPLIES,Wholesale Trade,CHICAGO,IL,New Employment,2.0,0.0,2.0,1.0
2018,WENTWORTH DOUGLASS PHYSICIAN CORP,Health Care and Social Assistance,DOVER,NH,New Employment,4.0,0.0,4.0,1.0
2018,WESTAT,"Professional, Scientific, and Technical Services",ROCKVILLE,MD,Continuation,5.0,0.0,5.0,1.0
2018,WEYI INC,"Professional, Scientific, and Technical Services",DAVIE,FL,New Employment,1.0,0.0,1.0,1.0
2018,WHISKER LABS INC,"Professional, Scientific, and Technical Services",OAKLAND,CA,Change of Employer,0.0,1.0,1.0,0.0
2018,WHITE RIVER HEALTH SYSTEM INC D/B/,Health Care and Social Assistance,BATESVILLE,AR,Change of Employer,1.0,0.0,1.0,1.0
2018,WILCO SOURCE LLC,"Professional, Scientific, and Technical Services",SANTA CLARA,CA,New Employment,1.0,0.0,1.0,1.0
2018,WILLIAMS SONOMA INC,45 - Retail Trade,SAN FRANCISCO,CA,Continuation,12.0,0.0,12.0,1.0
2018,WOWKB INC,"Professional, Scientific, and Technical Services",SAN JOSE,CA,New Employment,0.0,2.0,2.0,0.0
2018,XEN MEDIA INC,"Professional, Scientific, and Technical Services",LOS ANGELES,CA,Continuation,1.0,0.0,1.0,1.0
2018,XLR LOGIC LLC,"Professional, Scientific, and Technical Services",HOUSTON,TX,New Employment,0.0,16.0,16.0,0.0
2018,XPERT TECHNOLOGIES INC,"Professional, Scientific, and Technical Services",CAMP HILL,PA,Continuation,6.0,1.0,7.0,0.8571428571428571
2018,Y PRIME INC,"Professional, Scientific, and Technical Services",MALVERN,PA,Continuation,1.0,0.0,1.0,1.0
2018,YES HARDSOFT SOLUTIONS INC,"Professional, Scientific, and Technical Services",WILMINGTON,DE,Amended,3.0,0.0,3.0,1.0
2018,YOSEF Y MANELA CPA A PRO CORP,"Professional, Scientific, and Technical Services",LOS ANGELES,CA,New Employment,1.0,0.0,1.0,1.0
2018,YOUNG T PYON CPA PC,"Professional, Scientific, and Technical Services",ANNANDALE,VA,New Employment,1.0,0.0,1.0,1.0
2018,YUGADY TECHS & SVCS INC DBA LIVEMI,"Professional, Scientific, and Technical Services",DALLAS,TX,Change of Employer,1.0,0.0,1.0,1.0
2018,ZIMMER INC,33 - Manufacturing,WARSAW,IN,Amended,8.0,1.0,9.0,0.8888888888888888
2018,ZIPPER INC,Information,BURLINGAME,CA,Change of Employer,1.0,0.0,1.0,1.0
2019,10BITS LLC,"Professional, Scientific, and Technical Services",IRVING,TX,New Employment,2.0,2.0,4.0,0.5
2019,A A COMPANY INC DBA A A COATINGS,33 - Manufacturing,SOUTH PLAINFIELD,NJ,Continuation,1.0,0.0,1.0,1.0
2019,ABILITY COMMERCE INC,Information,WILLMAR,MN,Change of Employer,1.0,0.0,1.0,1.0
2019,ACADEMIC PARTNERSHIPS LLC,Public Administration,DALLAS,TX,New Employment,1.0,0.0,1.0,1.0
2019,ACCELIRATE INC,"Professional, Scientific, and Technical Services",FORT LAUDERDALE,FL,New Employment,1.0,0.0,1.0,1.0
2019,ACCESS CAREERS TRAINING INC,Public Administration,BROOKLYN,NY,Change with Same Employer,1.0,0.0,1.0,1.0
2019,ADAM JAMES LLC D/B/A CARTER MACKEN,Administrative and Support and Waste Management and Remediation Services,GREENWOOD VILLAGE,CO,Change of Employer,1.0,0.0,1.0,1.0
2019,ADDFORCE INC,"Professional, Scientific, and Technical Services",CONCORD,CA,New Employment,2.0,2.0,4.0,0.5
2019,ADEMCO INC,"Professional, Scientific, and Technical Services",MELVILLE,NY,Change of Employer,2.0,1.0,3.0,0.6666666666666666
2019,ADEPT SCRIPTS INC,"Professional, Scientific, and Technical Services",FRISCO,TX,Change of Employer,0.0,2.0,2.0,0.0
2019,ADP TECHNOLOGY SERVICES INC,Information,ROSELAND,NJ,Change of Employer,98.0,3.0,101.0,0.9702970297029704
2019,ADROIX CORP DBA CODEFORCE 360,"Professional, Scientific, and Technical Services",ALPHARETTA,GA,Amended,27.0,15.0,42.0,0.6428571428571429
2019,ADVANCED ICU CARE INC,Health Care and Social Assistance,SAINT LOUIS,MO,Amended,1.0,0.0,1.0,1.0
2019,AEGIS MEDIA AMERICAS LLC,"Professional, Scientific, and Technical Services",NEW YORK,NY,Change of Employer,1.0,1.0,2.0,0.5
2019,AEROTEK INC,"Professional, Scientific, and Technical Services",HANOVER,MD,Continuation,3.0,1.0,4.0,0.75
2019,AETION INC,"Professional, Scientific, and Technical Services",NEW YORK,NY,New Employment,4.0,0.0,4.0,1.0
2019,AGRANEE TECH INC,"Professional, Scientific, and Technical Services",NASHVILLE,TN,New Employment,1.0,0.0,1.0,1.0
2019,AKUNA CAPITAL LLC,Finance and Insurance,CHICAGO,IL,Amended,1.0,0.0,1.0,1.0
2019,ALASKA NATIVE TRIBAL HEALTH CONSOR,Health Care and Social Assistance,ANCHORAGE,AK,Change with Same Employer,1.0,0.0,1.0,1.0
2019,ALIXPARTNERS LLP,"Professional, Scientific, and Technical Services",SOUTHFIELD,MI,Change of Employer,19.0,0.0,19.0,1.0
2019,ALPHA FIRST CLINIC P A DBA KINDLE,Health Care and Social Assistance,LONGVIEW,TX,New Employment,1.0,0.0,1.0,1.0
2019,ALTOS PHOTONICS INC,33 - Manufacturing,BOZEMAN,MT,New Employment,1.0,0.0,1.0,1.0
2019,AMERICAN HAVAL MOTOR TECH LLC,33 - Manufacturing,TORRANCE,CA,New Employment,2.0,0.0,2.0,1.0
2019,AMERICAN REG CTR FOR ENTREPRENEURS,Finance and Insurance,LONG ISLAND CITY,NY,Change with Same Employer,1.0,0.0,1.0,1.0
2019,AMOBEE INC,"Professional, Scientific, and Technical Services",REDWOOD CITY,CA,Amended,1.0,0.0,1.0,1.0
2019,ANALYSIS EXPRESS LLC,"Professional, Scientific, and Technical Services",WEST CHESTER,OH,New Employment,1.0,0.0,1.0,1.0
2019,ANAYA TECHNOLOGIES INC,"Professional, Scientific, and Technical Services",NEWARK,CA,Change of Employer,6.0,0.0,6.0,1.0
2019,ANCIENT ART L P D/B/A TETON CAPITA,Finance and Insurance,AUSTIN,TX,Change of Employer,1.0,0.0,1.0,1.0
2019,ANDELA INC,Educational Services,NEW YORK,NY,New Employment,1.0,0.0,1.0,1.0
2019,ANSCO & ASSOCIATES LLC,Construction,PEACHTREE CORNERS,GA,New Employment,1.0,0.0,1.0,1.0
2019,ANTRA INC,"Professional, Scientific, and Technical Services",STERLING,VA,Amended,7.0,1.0,8.0,0.875
2019,AON SERVICE CORPORATION,Finance and Insurance,CHICAGO,IL,Change of Employer,1.0,0.0,1.0,1.0
2019,APEX INDUSTRIES INC,33 - Manufacturing,TIGARD,OR,New Employment,1.0,0.0,1.0,1.0
2019,ARC BIO LLC,"Professional, Scientific, and Technical Services",CAMBRIDGE,MA,New Employment,1.0,0.0,1.0,1.0
2019,ARC DOCUMENT SOLUTIONS LLC,"Professional, Scientific, and Technical Services",FREMONT,CA,Change with Same Employer,1.0,0.0,1.0,1.0
2019,ARCESIUM LLC,Information,NEW YORK,NY,Amended,1.0,0.0,1.0,1.0
2019,ARSPHERE INFOTEK INC,"Professional, Scientific, and Technical Services",DALLAS,TX,Amended,1.0,0.0,1.0,1.0
2019,ARTECH LLC AKA ARTECH INFO SYSS LL,"Professional, Scientific, and Technical Services",MORRISTOWN,NJ,Continuation,4.0,0.0,4.0,1.0
2019,ASHLAND UNIVERSITY,Educational Services,ASHLAND,OH,New Employment,1.0,1.0,2.0,0.5
2019,ASP ENTERPRISES INC,33 - Manufacturing,MIAMI,FL,Continuation,1.0,0.0,1.0,1.0
2019,ASURION LLC,Finance and Insurance,NASHVILLE,TN,Change with Same Employer,3.0,0.0,3.0,1.0
2019,ATIVO CAPITAL MGMT LLC,Finance and Insurance,CHICAGO,IL,Change of Employer,1.0,0.0,1.0,1.0
2019,ATRIA MANAGEMENT COMPANY LLC,Management of Companies and Enterprises,LOUISVILLE,KY,New Employment,1.0,0.0,1.0,1.0
2019,AUSTIN COMMUNITY COLLEGE DISTRICT,Educational Services,AUSTIN,TX,New Employment,0.0,1.0,1.0,0.0
2019,AUTO INVESTMENT ENTERPRISES CORP,45 - Retail Trade,SOUTH EL MONTE,CA,New Employment,0.0,1.0,1.0,0.0
2019,AUTOMATION NATION INC,"Professional, Scientific, and Technical Services",HOUSTON,TX,New Employment,0.0,1.0,1.0,0.0
2019,AVANADE INC,"Professional, Scientific, and Technical Services",SEATTLE,WA,Continuation,5.0,1.0,6.0,0.8333333333333334
2019,AVICENNA TECH INC,33 - Manufacturing,MONTEVIDEO,MN,Change of Employer,1.0,0.0,1.0,1.0
2019,AVID DESIGN INC,"Professional, Scientific, and Technical Services",ROSWELL,GA,Continuation,3.0,0.0,3.0,1.0
2019,BANK OF AMERICA CORPORATION,Finance and Insurance,CHARLOTTE,NC,New Employment,2.0,0.0,2.0,1.0
2019,BARCEL USA LLC,Wholesale Trade,COPPELL,TX,New Employment,2.0,0.0,2.0,1.0
2019,BELDEN TOOLS INC,"Professional, Scientific, and Technical Services",HILLSIDE,IL,Amended,1.0,0.0,1.0,1.0
2019,BELKIN INTERNATIONAL INC,Wholesale Trade,PLAYA VISTA,CA,Change with Same Employer,1.0,0.0,1.0,1.0
2019,BENEFITFOCUS.COM INC,Finance and Insurance,CHARLESTON,SC,Amended,1.0,0.0,1.0,1.0
2019,BERRY APPLEMAN & LEIDEN LLP,"Professional, Scientific, and Technical Services",RICHARDSON,TX,Change of Employer,1.0,0.0,1.0,1.0
2019,BESTSELF BEHAVIORAL HEALTH INC,Health Care and Social Assistance,BUFFALO,NY,New Employment,1.0,0.0,1.0,1.0
2019,BIGDATA DIMENSION INC,"Professional, Scientific, and Technical Services",STERLING,VA,Change of Employer,2.0,2.0,4.0,0.5
2019,BIOVENTUS LLC,33 - Manufacturing,DURHAM,NC,New Employment,0.0,1.0,1.0,0.0
2019,BISCO INC,33 - Manufacturing,SCHAUMBURG,IL,Continuation,1.0,0.0,1.0,1.0
2019,BLACK & VEATCH MGMT CONSULTING LLC,"Professional, Scientific, and Technical Services",OVERLAND PARK,KS,New Employment,1.0,1.0,2.0,0.5
2019,BLACKROCK INVESTMENT MGT LLC,Finance and Insurance,WILMINGTON,DE,Continuation,15.0,0.0,15.0,1.0
2019,BLOOMREACH INC,"Professional, Scientific, and Technical Services",MOUNTAIN VIEW,CA,New Employment,2.0,0.0,2.0,1.0
2019,BLUE FUSION ENTERPRISE TECHNOLOGIE,"Professional, Scientific, and Technical Services",ROSWELL,GA,Continuation,1.0,0.0,1.0,1.0
2019,BLUME GLOBAL INC,"Professional, Scientific, and Technical Services",WELLESLEY HILLS,MA,Change of Employer,3.0,1.0,4.0,0.75
2019,BOVIE MEDICAL CORP,33 - Manufacturing,CLEARWATER,FL,Change of Employer,1.0,0.0,1.0,1.0
2019,BOYZ NEW YORK INC,45 - Retail Trade,LOS ANGELES,CA,New Employment,2.0,0.0,2.0,1.0
2019,BRANDON ADVANCED DENTAL CARE P A,Health Care and Social Assistance,BRANDON,FL,New Employment,1.0,0.0,1.0,1.0
2019,BREG INC,33 - Manufacturing,CARLSBAD,CA,Change of Employer,2.0,0.0,2.0,1.0
2019,BROWARD COMMUNITY & FAMILY HEALTH,Health Care and Social Assistance,HOLLYWOOD,FL,Continuation,1.0,0.0,1.0,1.0
2019,BROWSE INFO SOLUTIONS INC,"Professional, Scientific, and Technical Services",CANTON,MI,Change with Same Employer,0.0,1.0,1.0,0.0
2019,BWI NORTH AMERICA INC,33 - Manufacturing,KETTERING,OH,New Employment,3.0,0.0,3.0,1.0
2019,BYER CALIFORNIA,33 - Manufacturing,SAN FRANCISCO,CA,Continuation,2.0,0.0,2.0,1.0
2019,CADWALADER WICKERSHAM TAFT LLP,"Professional, Scientific, and Technical Services",NEW YORK,NY,Continuation,2.0,0.0,2.0,1.0
2019,CALHOUN APPAREL CO INC,33 - Manufacturing,CALHOUN CITY,MS,New Employment,1.0,0.0,1.0,1.0
2019,CALYPSO SOFTWARE INC,"Professional, Scientific, and Technical Services",SAN RAMON,CA,Change of Employer,0.0,1.0,1.0,0.0
2019,CAMPBELL SOUP COMPANY,33 - Manufacturing,CAMDEN,NJ,Change of Employer,2.0,0.0,2.0,1.0
2019,CAPILARITY INC,"Professional, Scientific, and Technical Services",UPLAND,CA,Change with Same Employer,0.0,1.0,1.0,0.0
2019,CAPTIVE AIRE SYSTEMS INC,"Professional, Scientific, and Technical Services",RALEIGH,NC,Continuation,1.0,0.0,1.0,1.0
2019,CARDIOVASCULAR RESEARCH FOUNDATION,"Professional, Scientific, and Technical Services",NEW YORK,NY,Change with Same Employer,1.0,0.0,1.0,1.0
2019,CAROLINA TRACTOR & EQUIPMENT COMPA,Other Services (except Public Administration),CHARLOTTE,NC,Change of Employer,1.0,0.0,1.0,1.0
2019,CASENET LLC,Information,BEDFORD,MA,Continuation,3.0,0.0,3.0,1.0
2019,CATHOLIC CHARITIES OF THE ARCHDIOC,Health Care and Social Assistance,WASHINGTON,DC,Change with Same Employer,1.0,0.0,1.0,1.0
2019,CELIGO INC,"Professional, Scientific, and Technical Services",SAN MATEO,CA,Change of Employer,1.0,0.0,1.0,1.0
2019,CELLCO PARTNERSHIP DBA VERIZON,Finance and Insurance,BASKING RIDGE,NJ,Continuation,1.0,0.0,1.0,1.0
2019,CGCC FOUNDATION INC,Other Services (except Public Administration),NEW YORK,NY,New Employment,0.0,1.0,1.0,0.0
2019,CH2M HILL ENGINEERS INC,Construction,RICHARDSON,TX,Amended,1.0,0.0,1.0,1.0
2019,CHAMPIONS MARTIAL ARTS & FITNESS I,Other Services (except Public Administration),EAST MEADOW,NY,New Employment,1.0,0.0,1.0,1.0
2019,CHARLES SCHWAB & COMPANY INC,33 - Manufacturing,LONE TREE,CO,Continuation,1.0,0.0,1.0,1.0
2019,CHICAGO MERCANTILE EXCHANGE INC,Finance and Insurance,CHICAGO,IL,Change with Same Employer,3.0,0.0,3.0,1.0
2019,CHOICE HOTELS INTL SVCS CORP,Accommodation and Food Services,PHOENIX,AZ,Change of Employer,9.0,0.0,9.0,1.0
2019,CHRISTIE DIGITAL SYSTEMS USA INC,33 - Manufacturing,CYPRESS,CA,Amended,1.0,0.0,1.0,1.0
2019,CIVENTICHEM LLC,33 - Manufacturing,CARY,NC,Continuation,1.0,0.0,1.0,1.0
2019,CIVIL & ENVIRONMENTAL CONSULTANTS,"Professional, Scientific, and Technical Services",PITTSBURGH,PA,New Employment,2.0,0.0,2.0,1.0
2019,CLICK TO CLIENT LLC DBA MARKETING,"Professional, Scientific, and Technical Services",DALLAS,TX,New Employment,0.0,1.0,1.0,0.0
2019,CLOUD SOURCE INC,"Professional, Scientific, and Technical Services",EXTON,PA,Change with Same Employer,3.0,0.0,3.0,1.0
2019,CLOUDERA INC,"Professional, Scientific, and Technical Services",PALO ALTO,CA,New Employment,17.0,0.0,17.0,1.0
2019,CMG STRATEGY CO LLC,Accommodation and Food Services,COLUMBUS,OH,Change of Employer,1.0,0.0,1.0,1.0
2019,COGNIER INC,"Professional, Scientific, and Technical Services",BUFORD,GA,Change with Same Employer,2.0,0.0,2.0,1.0
2019,COLOR AD INC,"Professional, Scientific, and Technical Services",MANASSAS,VA,Continuation,1.0,0.0,1.0,1.0
2019,COMERICA MANAGEMENT COMPANY,Finance and Insurance,DALLAS,TX,Amended,2.0,1.0,3.0,0.6666666666666666
2019,COMMUNITA ATELIER LLC,"Professional, Scientific, and Technical Services",SEATTLE,WA,New Employment,1.0,0.0,1.0,1.0
2019,COMPUTER & ENGINEERING SVCS INC D/,"Professional, Scientific, and Technical Services",ROCHESTER HILLS,MI,New Employment,1.0,0.0,1.0,1.0
2019,CONCRETE STRATEGIES LLC,Construction,SAINT LOUIS,MO,Change of Employer,1.0,0.0,1.0,1.0
2019,CONNECTEDX INC,"Professional, Scientific, and Technical Services",DALLAS,TX,New Employment,4.0,2.0,6.0,0.6666666666666666
2019,CONNOR GROUP INC,"Professional, Scientific, and Technical Services",RENO,NV,Continuation,1.0,0.0,1.0,1.0
2019,CONSTELLIUM ROLLED PRODUCTS,33 - Manufacturing,RAVENSWOOD,WV,Continuation,1.0,0.0,1.0,1.0
2019,CORTEX MGMT LLC,Finance and Insurance,ADDISON,TX,Change of Employer,1.0,0.0,1.0,1.0
2019,COSTCO WHOLESALE CORPORATION,45 - Retail Trade,ISSAQUAH,WA,Change with Same Employer,1.0,0.0,1.0,1.0
2019,COTIVITI USA LLC,"Professional, Scientific, and Technical Services",ATLANTA,GA,Amended,2.0,1.0,3.0,0.6666666666666666
2019,COUNCIL ON FOREIGN RELATIONS INC,Information,NEW YORK,NY,New Employment,1.0,0.0,1.0,1.0
2019,COUNCIL ON THE ENVIRONMENT INC DBA,Other Services (except Public Administration),NEW YORK,NY,New Employment,1.0,0.0,1.0,1.0
2019,COUNTY OF ALAMEDA ITD,Public Administration,OAKLAND,CA,Continuation,0.0,1.0,1.0,0.0
2019,CREAMOS SOLUTIONS INC,"Professional, Scientific, and Technical Services",FREMONT,CA,Continuation,2.0,0.0,2.0,1.0
2019,CROSS RIVER BANK INC,Finance and Insurance,FORT LEE,NJ,New Employment,1.0,0.0,1.0,1.0
2019,CRYPTOWARE TECHNOLOGIES INC,Information,SUNNYVALE,CA,Change of Employer,2.0,0.0,2.0,1.0
2019,CUREBASE INC,Information,SAN FRANCISCO,CA,Change of Employer,1.0,0.0,1.0,1.0
2019,CYBERSOFT TECHNOLOGIES INC,"Professional, Scientific, and Technical Services",HOUSTON,TX,New Employment,8.0,2.0,10.0,0.8
2019,DATA SYSTEMS INTEGRATION GROUP INC,"Professional, Scientific, and Technical Services",DUBLIN,OH,Amended,8.0,9.0,17.0,0.4705882352941176
2019,DAVOS CHEMICAL CORPORATION,Wholesale Trade,SADDLE RIVER,NJ,New Employment,1.0,0.0,1.0,1.0
2019,DBC GROUP LLC,Wholesale Trade,INGLEWOOD,CA,New Employment,1.0,0.0,1.0,1.0
2019,DECIPHER SOFTWARE SOLUTIONS LLC,"Professional, Scientific, and Technical Services",CLEARWATER,FL,Continuation,1.0,0.0,1.0,1.0
2019,DECISIONWAVE TECHNOLOGIES INC,"Professional, Scientific, and Technical Services",BEDFORD,NH,Change of Employer,3.0,0.0,3.0,1.0
2019,DEEPMILE NETWORKS LLC,"Professional, Scientific, and Technical Services",ARLINGTON,VA,Change of Employer,1.0,0.0,1.0,1.0
2019,DEERE & COMPANY,33 - Manufacturing,MOLINE,IL,New Employment,10.0,0.0,10.0,1.0
2019,DELICATESSEN SERVICES COMPANY LLC,Wholesale Trade,SARASOTA,FL,Change of Employer,1.0,0.0,1.0,1.0
2019,DELOITTE & TOUCHE LLP,"Professional, Scientific, and Technical Services",BOSTON,MA,Amended,10.0,7.0,17.0,0.5882352941176471
2019,DELTA DENTAL OF VIRGINIA,Finance and Insurance,ROANOKE,VA,Change with Same Employer,1.0,0.0,1.0,1.0
2019,DEMARIA BUILDING COMPANY,Construction,NOVI,MI,New Employment,1.0,0.0,1.0,1.0
2019,DESERVE INC,Finance and Insurance,MENLO PARK,CA,Continuation,1.0,0.0,1.0,1.0
2019,DESIMONE CONS ENGRG GR LLC DBA DES,"Professional, Scientific, and Technical Services",NEW YORK,NY,New Employment,3.0,0.0,3.0,1.0
2019,DIASPARK INC,"Professional, Scientific, and Technical Services",EDISON,NJ,Amended,45.0,12.0,57.0,0.7894736842105263
2019,DISCO HI TEC AMERICA INC,Wholesale Trade,SANTA CLARA,CA,Change of Employer,1.0,0.0,1.0,1.0
2019,DOMINION ENERGY COVE POINT LNG LP,"Mining, Quarrying, and Oil and Gas Extraction",RICHMOND,VA,New Employment,1.0,0.0,1.0,1.0
2019,DOTPHASE INC,"Professional, Scientific, and Technical Services",GLENDALE HEIGHTS,IL,Change of Employer,1.0,0.0,1.0,1.0
2019,DREAMWEAR INC,45 - Retail Trade,NEW YORK,NY,Amended,1.0,0.0,1.0,1.0
2019,DURA OPERATING LLC,33 - Manufacturing,AUBURN HILLS,MI,Change of Employer,4.0,0.0,4.0,1.0
2019,DYNAPAR CORP D/B/A SPECIALTY PROD,33 - Manufacturing,ELIZABETHTOWN,NC,New Employment,1.0,0.0,1.0,1.0
2019,EAGLE NUTRITIONALS INC,33 - Manufacturing,CARLSTADT,NJ,New Employment,1.0,0.0,1.0,1.0
2019,EAGLE ROCK ADVISORS LLC,Real Estate and Rental and Leasing,NEW YORK,NY,Continuation,1.0,0.0,1.0,1.0
2019,EALYTEX GLOBAL INC,Wholesale Trade,NEW YORK,NY,New Employment,1.0,0.0,1.0,1.0
2019,EBS DEALING RESOURCES INC,Wholesale Trade,NEW YORK,NY,New Employment,1.0,0.0,1.0,1.0
2019,ECHO GLOBAL LOGISTICS INC,49 - Transportation and Warehousing,CHICAGO,IL,Continuation,1.0,0.0,1.0,1.0
2019,EDISQUARE INC,"Professional, Scientific, and Technical Services",GERMANTOWN,MD,Continuation,2.0,0.0,2.0,1.0
2019,EIGHT PARTNERS VC LLC D B A 8VC,Finance and Insurance,SAN FRANCISCO,CA,Amended,0.0,1.0,1.0,0.0
2019,ELIZABETH R BLANDON PA D/B/A BLAND,"Professional, Scientific, and Technical Services",WESTON,FL,New Employment,1.0,0.0,1.0,1.0
2019,EMERGENCY SERVICE PARTNERS LLC,Health Care and Social Assistance,AUSTIN,TX,Continuation,1.0,0.0,1.0,1.0
2019,EMPIRE MERCHANTS NORTH LLC,Wholesale Trade,KINGSTON,NY,New Employment,1.0,0.0,1.0,1.0
2019,ENCORE REHABILITATION SERVICES LLC,Health Care and Social Assistance,FARMINGTON,MI,Amended,3.0,0.0,3.0,1.0
2019,ENEXUS GLOBAL INC,"Professional, Scientific, and Technical Services",FREMONT,CA,Continuation,2.0,0.0,2.0,1.0
2019,ENFOCUS CONSULTING GROUP LLC,"Professional, Scientific, and Technical Services",BETHESDA,MD,New Employment,1.0,0.0,1.0,1.0
2019,ENFUSION LTD LLC D/B/A ENFUSION LL,"Professional, Scientific, and Technical Services",CHICAGO,IL,Amended,1.0,0.0,1.0,1.0
2019,ENKO CHEM INC,"Professional, Scientific, and Technical Services",WOBURN,MA,New Employment,1.0,0.0,1.0,1.0
2019,ENTRINSIK INC,"Professional, Scientific, and Technical Services",RALEIGH,NC,Continuation,1.0,0.0,1.0,1.0
2019,ENVENTURE GLOBAL TECH INC,"Mining, Quarrying, and Oil and Gas Extraction",HOUSTON,TX,Continuation,1.0,0.0,1.0,1.0
2019,ETELLIGENT GROUP LLC,"Professional, Scientific, and Technical Services",MAHWAH,NJ,Amended,1.0,0.0,1.0,1.0
2019,EVERLANE INC,45 - Retail Trade,SAN FRANCISCO,CA,Change of Employer,1.0,0.0,1.0,1.0
2019,EVOKE HEALTH LLC,"Professional, Scientific, and Technical Services",PHILADELPHIA,PA,Amended,0.0,1.0,1.0,0.0
2019,EXCEED OILFIELD EQUIPMENT INC,33 - Manufacturing,HOUSTON,TX,Continuation,1.0,0.0,1.0,1.0
2019,EXELA ENTERPRISE SOLUTIONS INC,"Professional, Scientific, and Technical Services",IRVING,TX,New Employment,1.0,0.0,1.0,1.0
2019,EXELIQ CONSULTING INC,"Professional, Scientific, and Technical Services",SCHAUMBURG,IL,New Employment,1.0,0.0,1.0,1.0
2019,EXPEDIA INC,"Agriculture, Forestry, Fishing and Hunting",BELLEVUE,WA,Continuation,1.0,0.0,1.0,1.0
2019,EXPRESS SCRIPTS ADMINISTRATORS LLC,"Professional, Scientific, and Technical Services",SAINT LOUIS,MO,Amended,1.0,0.0,1.0,1.0
2019,EYEFINITY INC,Finance and Insurance,RANCHO CORDOVA,CA,Continuation,2.0,0.0,2.0,1.0
2019,FAURECIA INTERIOR SYSTEMS INC,33 - Manufacturing,AUBURN HILLS,MI,Amended,1.0,0.0,1.0,1.0
2019,FAURECIA INTERIOR SYSTEMS INC,33 - Manufacturing,AUBURN HILLS,MI,New Employment,2.0,0.0,2.0,1.0
2019,FEDERAL MOGUL POWERTRAIN LLC,33 - Manufacturing,PLYMOUTH,MI,New Employment,2.0,0.0,2.0,1.0
2019,FELTON GROUP INC,"Professional, Scientific, and Technical Services",ARLINGTON HEIGHTS,IL,New Employment,0.0,11.0,11.0,0.0
2019,FIBREBOND CORPORATION,"Professional, Scientific, and Technical Services",MINDEN,LA,New Employment,1.0,0.0,1.0,1.0
2019,FIRST EAGLE INVESTMENT MGMT LLC,Finance and Insurance,NEW YORK,NY,Change of Employer,1.0,0.0,1.0,1.0
2019,FIVE STAR HOME HEALTH CARE LLC,Health Care and Social Assistance,CHANTILLY,VA,Continuation,1.0,0.0,1.0,1.0
2019,FLEXTRONICS INTERNATIONAL USA INC,"Professional, Scientific, and Technical Services",ALVISO,CA,Amended,2.0,0.0,2.0,1.0
2019,FLYSOFT INC,"Professional, Scientific, and Technical Services",MONROE TOWNSHIP,NJ,New Employment,4.0,1.0,5.0,0.8
2019,FMC CORPORATION,33 - Manufacturing,PHILADELPHIA,PA,Continuation,3.0,0.0,3.0,1.0
2019,FORMATION INC,"Professional, Scientific, and Technical Services",BOSTON,MA,Amended,1.0,0.0,1.0,1.0
2019,FORT MADISON COMMUNITY HOSP,Health Care and Social Assistance,FORT MADISON,IA,New Employment,1.0,0.0,1.0,1.0
2019,FORTRESS PROPRIETAS PC,"Professional, Scientific, and Technical Services",NORFOLK,VA,New Employment,1.0,0.0,1.0,1.0
2019,FRAZIER SERVICES COMPANY,Construction,ATLANTA,GA,Continuation,1.0,0.0,1.0,1.0
2019,FRONT STUDIO ARCHITECTS LLC,"Professional, Scientific, and Technical Services",PITTSBURGH,PA,New Employment,0.0,1.0,1.0,0.0
2019,FSI HOLDINGS LLC DBA FLUID SYS INC,"Professional, Scientific, and Technical Services",HOUSTON,TX,Continuation,2.0,0.0,2.0,1.0
2019,GBG USA INC,Wholesale Trade,GREENSBORO,NC,Continuation,1.0,0.0,1.0,1.0
2019,GDC HOLDINGS INC D/B/A NDX NATL DE,33 - Manufacturing,PALM BEACH GARDENS,FL,New Employment,2.0,0.0,2.0,1.0
2019,GENERAL ELECTRIC COMPANY,33 - Manufacturing,SAN RAMON,CA,Change of Employer,13.0,0.0,13.0,1.0
2019,GENIUS SPORTS MEDIA INC,Information,SANTA MONICA,CA,New Employment,2.0,0.0,2.0,1.0
2019,GEORGIA SURGICARE,Health Care and Social Assistance,LOGANVILLE,GA,Continuation,1.0,0.0,1.0,1.0
2019,GIC SPECIAL INVESTMENTS PTE LTD,Finance and Insurance,NEW YORK,NY,Continuation,1.0,0.0,1.0,1.0
2019,GLOBAL INFORMATION TECHNOLOGY INC,"Professional, Scientific, and Technical Services",SOUTH PLAINFIELD,NJ,Continuation,15.0,0.0,15.0,1.0
2019,GLOBAL PAYMENT HOLDING COMPANY,Finance and Insurance,ATLANTA,GA,Change of Employer,5.0,0.0,5.0,1.0
2019,GOLARS LLC,"Professional, Scientific, and Technical Services",NOBLESVILLE,IN,Change of Employer,1.0,0.0,1.0,1.0
2019,GOLENBOCK EISEMAN ASSOR BELL PESKO,"Professional, Scientific, and Technical Services",NEW YORK,NY,Change of Employer,1.0,0.0,1.0,1.0
2019,GRANUBE SYSTEMS CORPORATION,"Professional, Scientific, and Technical Services",FRISCO,TX,Continuation,1.0,0.0,1.0,1.0
2019,GREAT LAKES CHEMICAL CORP PART OF,33 - Manufacturing,EL DORADO,AR,New Employment,3.0,0.0,3.0,1.0
2019,GREAT LOGICS INC,"Professional, Scientific, and Technical Services",FARMINGTON HILLS,MI,New Employment,0.0,1.0,1.0,0.0
2019,GREATBATCH LTD,33 - Manufacturing,PLANO,TX,Continuation,1.0,0.0,1.0,1.0
2019,GRESHAM SMITH & PARTNERS,"Professional, Scientific, and Technical Services",NASHVILLE,TN,Change of Employer,2.0,0.0,2.0,1.0
2019,GRID DYNAMICS INTERNATIONAL INC,"Professional, Scientific, and Technical Services",SAN RAMON,CA,Change of Employer,0.0,1.0,1.0,0.0
2019,GRIDSPAN CORPORATION,Construction,NEW BRUNSWICK,NJ,New Employment,0.0,1.0,1.0,0.0
2019,GRIFFIN SOLUTIONS GROUP LLC,"Professional, Scientific, and Technical Services",ALPHARETTA,GA,New Employment,1.0,0.0,1.0,1.0
2019,GUARDANT HEALTH INC,"Professional, Scientific, and Technical Services",REDWOOD CITY,CA,Amended,1.0,0.0,1.0,1.0
2019,HAND HELD PRODUCTS INC,"Professional, Scientific, and Technical Services",MASON,OH,Amended,1.0,0.0,1.0,1.0
2019,HARRY R FELDMAN INC DBA FELDMAN,"Professional, Scientific, and Technical Services",BOSTON,MA,Continuation,1.0,0.0,1.0,1.0
2019,HAYAT PHARMACY 1 LLC,45 - Retail Trade,MILWAUKEE,WI,Change of Employer,1.0,0.0,1.0,1.0
2019,HAZELETT STRIP CASTING CORPORATION,33 - Manufacturing,COLCHESTER,VT,Continuation,1.0,0.0,1.0,1.0
2019,HEALTH CARE FOR SPECIAL POPULATION,"Professional, Scientific, and Technical Services",HOUSTON,TX,Continuation,1.0,0.0,1.0,1.0
2019,HEALTH SVCS OF CENTRAL GEORGIA INC,Health Care and Social Assistance,MACON,GA,Continuation,2.0,0.0,2.0,1.0
2019,HEALTHSOURCE OF OHIO,Health Care and Social Assistance,LOVELAND,OH,Continuation,1.0,0.0,1.0,1.0
2019,HELMERICH & PAYNE INC,"Mining, Quarrying, and Oil and Gas Extraction",TULSA,OK,Change with Same Employer,1.0,0.0,1.0,1.0
2019,HI TECH SOLUTIONS INC,"Professional, Scientific, and Technical Services",MOKENA,IL,Amended,1.0,0.0,1.0,1.0
2019,HOME AMBASSADORS LLC,Real Estate and Rental and Leasing,NEW YORK,NY,New Employment,1.0,0.0,1.0,1.0
2019,HOMEBRIDGE FINANCIAL SERVICES INC,Finance and Insurance,ISELIN,NJ,Amended,0.0,1.0,1.0,0.0
2019,HORIZON EDUCATIONAL SERVICES OF CO,Educational Services,COLUMBUS,OH,New Employment,2.0,0.0,2.0,1.0
2019,HORIZON SYSTEMS INC,"Professional, Scientific, and Technical Services",NEW CASTLE,DE,Change of Employer,1.0,0.0,1.0,1.0
2019,HOTCHALK INC,Educational Services,CAMPBELL,CA,Amended,1.0,0.0,1.0,1.0
2019,HOUGHTON MIFFLIN HARCOURT PUBLISHI,Information,BOSTON,MA,Change of Employer,5.0,1.0,6.0,0.8333333333333334
2019,HOVERSTATE 2 0 INC,"Professional, Scientific, and Technical Services",WOODLAND HILLS,CA,New Employment,4.0,0.0,4.0,1.0
2019,HUGHES HUBBARD REED LLP,"Professional, Scientific, and Technical Services",NEW YORK,NY,Change of Employer,1.0,0.0,1.0,1.0
2019,HUMAN RIGHTS WATCH,Other Services (except Public Administration),NEW YORK,NY,New Employment,0.0,1.0,1.0,0.0
2019,HYBRIS US CORP,"Professional, Scientific, and Technical Services",NEWTOWN SQUARE,PA,Amended,2.0,0.0,2.0,1.0
2019,IDATALABS INCORPORATED,"Professional, Scientific, and Technical Services",SAMMAMISH,WA,New Employment,1.0,0.0,1.0,1.0
2019,IKASYSTEMS A DELAWARE COMPANY,Finance and Insurance,GLEN ALLEN,VA,Continuation,1.0,0.0,1.0,1.0
2019,IMAGINE COMMUNICATIONS CORP,33 - Manufacturing,PLANO,TX,Continuation,1.0,0.0,1.0,1.0
2019,IMAGINE SOFTWARE INC,"Professional, Scientific, and Technical Services",NEW YORK,NY,Continuation,1.0,0.0,1.0,1.0
2019,IMCS GROUP INC,"Professional, Scientific, and Technical Services",IRVING,TX,New Employment,25.0,24.0,49.0,0.5102040816326531
2019,IMIDIA LLC,"Professional, Scientific, and Technical Services",CYPRESS,TX,New Employment,1.0,0.0,1.0,1.0
2019,INDEED INC,Information,AUSTIN,TX,Continuation,2.0,0.0,2.0,1.0
2019,INDEGENE ENCIMA INC,"Professional, Scientific, and Technical Services",PRINCETON,NJ,Change of Employer,0.0,1.0,1.0,0.0
2019,INDEGENE INC,"Professional, Scientific, and Technical Services",PRINCETON,NJ,Continuation,2.0,0.0,2.0,1.0
2019,INDUS VALLEY CONSULTANTS INC,"Professional, Scientific, and Technical Services",MIAMISBURG,OH,Amended,4.0,0.0,4.0,1.0
2019,INFO TRAN ENGINEERS PC,"Professional, Scientific, and Technical Services",EAST ORANGE,NJ,New Employment,9.0,0.0,9.0,1.0
2019,INFYSHINE INC,"Professional, Scientific, and Technical Services",GRAND RAPIDS,MI,New Employment,1.0,0.0,1.0,1.0
2019,INITIALYZE INC,"Professional, Scientific, and Technical Services",SAN RAMON,CA,Change of Employer,1.0,0.0,1.0,1.0
2019,INOVA HEALTH SYSTEM,Health Care and Social Assistance,FALLS CHURCH,VA,Continuation,3.0,0.0,3.0,1.0
2019,INTERACTIVE COMMUNICATIONS INTERNA,"Professional, Scientific, and Technical Services",ATLANTA,GA,Change with Same Employer,1.0,0.0,1.0,1.0
2019,INTERGLOBE TECHNOLOGIES INC,"Professional, Scientific, and Technical Services",MARIETTA,GA,New Employment,2.0,5.0,7.0,0.2857142857142857
2019,INTERSOFT DATA LABS INC,"Professional, Scientific, and Technical Services",COLUMBIA,MD,Continuation,6.0,0.0,6.0,1.0
2019,IQVIA INC,"Professional, Scientific, and Technical Services",MARIETTA,GA,New Employment,1.0,0.0,1.0,1.0
2019,IT MINDS LLC,Information,LAGUNA HILLS,CA,Change of Employer,2.0,1.0,3.0,0.6666666666666666
2019,ITEANS AMERICA LLC,"Professional, Scientific, and Technical Services",CHERRY HILL,NJ,Change of Employer,3.0,0.0,3.0,1.0
2019,J FRANKL C MALLEA Y STERN ASSOCS A,"Professional, Scientific, and Technical Services",BROOKLYN,NY,New Employment,1.0,0.0,1.0,1.0
2019,JOHNSON MATTHEY PROCESS TECHNOLOGI,33 - Manufacturing,SAVANNAH,GA,Amended,1.0,0.0,1.0,1.0
2019,JPC MERGER SUB LLC DBA JERSEY PREC,33 - Manufacturing,TRENTON,NJ,Change with Same Employer,1.0,0.0,1.0,1.0
2019,JUSTICE RESOURCE INSTITUTE,Health Care and Social Assistance,NEEDHAM HEIGHTS,MA,New Employment,1.0,0.0,1.0,1.0
2019,K RISE SYSTEMS INC,"Professional, Scientific, and Technical Services",AURORA,IL,New Employment,2.0,1.0,3.0,0.6666666666666666
2019,KANRAD TECHNOLOGIES INC DBA KANRAD,"Professional, Scientific, and Technical Services",SAN JOSE,CA,New Employment,1.0,0.0,1.0,1.0
2019,KANSAS STATE UNIVERSITY,Educational Services,MANHATTAN,KS,Change with Same Employer,1.0,0.0,1.0,1.0
2019,KARLIN & PEEBLES LLP,"Professional, Scientific, and Technical Services",LOS ANGELES,CA,New Employment,1.0,0.0,1.0,1.0
2019,KARSUN SOLUTIONS LLC,"Professional, Scientific, and Technical Services",HERNDON,VA,New Employment,1.0,1.0,2.0,0.5
2019,KATERRA INC,Construction,SANTA CLARA,CA,Change of Employer,1.0,0.0,1.0,1.0
2019,KAYNE ANDERSON CAPITAL ADVISORS L,"Professional, Scientific, and Technical Services",LOS ANGELES,CA,Change of Employer,1.0,0.0,1.0,1.0
2019,KEEN INFO TEK INC,"Professional, Scientific, and Technical Services",TAMPA,FL,Change of Employer,1.0,5.0,6.0,0.1666666666666666
2019,KEEP TRUCKIN INC,Information,SAN FRANCISCO,CA,Amended,1.0,0.0,1.0,1.0
2019,KESHAV CONSULTING SOLUTIONS LLC,"Professional, Scientific, and Technical Services",ALPHARETTA,GA,Continuation,2.0,0.0,2.0,1.0
2019,KIMBERLY CLARK CORP,33 - Manufacturing,NEENAH,WI,Amended,2.0,0.0,2.0,1.0
2019,KIRKLAND & ELLIS LLP,"Professional, Scientific, and Technical Services",NEW YORK,NY,New Employment,36.0,4.0,40.0,0.9
2019,KK MEHTA CPA ASSOCIATES PLLC,"Professional, Scientific, and Technical Services",GARDEN CITY,NY,Continuation,3.0,0.0,3.0,1.0
2019,KMC INC,"Professional, Scientific, and Technical Services",MC LEAN,VA,Continuation,1.0,0.0,1.0,1.0
2019,KOHLER COMPANY,33 - Manufacturing,KOHLER,WI,Change with Same Employer,2.0,2.0,4.0,0.5
2019,KVN RAMANI INC,Accommodation and Food Services,DOVER,DE,New Employment,1.0,0.0,1.0,1.0
2019,L A BILINGUAL SCHOOL INC,Educational Services,ALHAMBRA,CA,New Employment,1.0,0.0,1.0,1.0
2019,L NUTRA INC,"Professional, Scientific, and Technical Services",LOS ANGELES,CA,New Employment,1.0,0.0,1.0,1.0
2019,LACTALIS AMERICAN GROUP INC,33 - Manufacturing,NEW YORK,NY,Change of Employer,1.0,0.0,1.0,1.0
2019,LEDGEX SYSTEMS LLC,"Professional, Scientific, and Technical Services",WALTHAM,MA,Change of Employer,1.0,0.0,1.0,1.0
2019,LEDVANCE LLC,33 - Manufacturing,WILMINGTON,MA,New Employment,3.0,0.0,3.0,1.0
2019,LEETCODE LLC,"Professional, Scientific, and Technical Services",PALO ALTO,CA,New Employment,3.0,1.0,4.0,0.75
2019,LEVEL LABS L P D/B/A UNSHACKLED,"Professional, Scientific, and Technical Services",PALO ALTO,CA,Amended,0.0,1.0,1.0,0.0
2019,LEVEMENTUM LLC,"Professional, Scientific, and Technical Services",CHANDLER,AZ,Change with Same Employer,1.0,0.0,1.0,1.0
2019,LEVITON MANUFACTURING CO INC,33 - Manufacturing,TUALATIN,OR,Change with Same Employer,1.0,0.0,1.0,1.0
2019,LG ELECTRONICS VEHICLE COMPONENTS,Wholesale Trade,LINCOLNSHIRE,IL,New Employment,6.0,0.0,6.0,1.0
2019,LGT CAPITAL PARTNERS USA INC,Finance and Insurance,NEW YORK,NY,Continuation,1.0,0.0,1.0,1.0
2019,LITTLE SCHOLARS OF ARKANSAS FDN,Educational Services,LITTLE ROCK,AR,Change of Employer,7.0,0.0,7.0,1.0
2019,LLX SOLUTIONS LLC,"Professional, Scientific, and Technical Services",WALTHAM,MA,Change with Same Employer,1.0,0.0,1.0,1.0
2019,LOESCHE AMERICA INC,33 - Manufacturing,PEMBROKE PINES,FL,New Employment,1.0,0.0,1.0,1.0
2019,LOON LLC,"Professional, Scientific, and Technical Services",MOUNTAIN VIEW,CA,Change of Employer,13.0,0.0,13.0,1.0
2019,LTG LASALLE TRADING GROUP LLC,Finance and Insurance,CHICAGO,IL,New Employment,1.0,0.0,1.0,1.0
2019,LUSSOTECH LLC,"Professional, Scientific, and Technical Services",RESTON,VA,New Employment,2.0,101.0,103.0,0.0194174757281553
2019,LUXON FINANCIAL LLC,Finance and Insurance,RICHMOND,VA,Amended,1.0,0.0,1.0,1.0
2019,MAHONEYS ROCKY LEDGE LLC,"Agriculture, Forestry, Fishing and Hunting",LEXINGTON,MA,Amended,1.0,0.0,1.0,1.0
2019,MANCHAC TECHNOLOGIES LLC,33 - Manufacturing,ALEXANDRIA,LA,Change of Employer,1.0,0.0,1.0,1.0
2019,MARKABLE INC,"Professional, Scientific, and Technical Services",NEW YORK,NY,New Employment,1.0,0.0,1.0,1.0
2019,MASSDROP INC,Information,SAN FRANCISCO,CA,Change with Same Employer,1.0,0.0,1.0,1.0
2019,MASTECH DIGITAL ALLIANCES INC A MA,"Professional, Scientific, and Technical Services",MOON TOWNSHIP,PA,Continuation,11.0,3.0,14.0,0.7857142857142857
2019,MASTECH DIGITAL CONS INC A MASTECH,"Professional, Scientific, and Technical Services",CORAOPOLIS,PA,New Employment,2.0,0.0,2.0,1.0
2019,MAVEN WORKFORCE LLC,"Professional, Scientific, and Technical Services",JERSEY CITY,NJ,Change of Employer,0.0,1.0,1.0,0.0
2019,MCCANN RELATIONSHIP MARKETING LLC,"Professional, Scientific, and Technical Services",NEW YORK,NY,New Employment,1.0,0.0,1.0,1.0
2019,MCKENZIE MEMORIAL HOSPITAL D/B/A M,Health Care and Social Assistance,SANDUSKY,MI,New Employment,1.0,0.0,1.0,1.0
2019,MEDSTAR MED GRP SOUTHERN MD LLC D/,Health Care and Social Assistance,HOLLYWOOD,MD,New Employment,2.0,0.0,2.0,1.0
2019,MEDUSIND INC FORMERLY MEDUSIND SOL,"Professional, Scientific, and Technical Services",ORLANDO,FL,Amended,1.0,0.0,1.0,1.0
2019,MEMCOMPUTING INC,"Professional, Scientific, and Technical Services",LA JOLLA,CA,Continuation,1.0,0.0,1.0,1.0
2019,MERCATOR XXI LLC,"Professional, Scientific, and Technical Services",WASHINGTON,DC,New Employment,2.0,0.0,2.0,1.0
2019,MERCON CONTRUCTION CO,Construction,WINTER SPRINGS,FL,New Employment,1.0,0.0,1.0,1.0
2019,MEREDITH CORPORATION,Information,DES MOINES,IA,New Employment,3.0,0.0,3.0,1.0
2019,MERRICK BANK CORPORATION,Finance and Insurance,SOUTH JORDAN,UT,Change of Employer,1.0,0.0,1.0,1.0
2019,METROBI INC,"Professional, Scientific, and Technical Services",BOSTON,MA,New Employment,1.0,0.0,1.0,1.0
2019,MEXICAYOTL ACADEMY INC,Educational Services,NOGALES,AZ,Continuation,1.0,0.0,1.0,1.0
2019,MIDAMERICAN ENERGY COMPANY,Utilities,URBANDALE,IA,Change of Employer,1.0,0.0,1.0,1.0
2019,MILFORD DENTIST OFC PC DBA MILFORD,Health Care and Social Assistance,IRVINE,CA,Change of Employer,1.0,0.0,1.0,1.0
2019,MKSP LLP,"Professional, Scientific, and Technical Services",COLUMBIA,MD,Continuation,1.0,0.0,1.0,1.0
2019,ML AND CHEN PC,"Professional, Scientific, and Technical Services",FLUSHING,NY,New Employment,0.0,1.0,1.0,0.0
2019,MODA LLC DBA MARC FISHER FOOTWEAR,45 - Retail Trade,GREENWICH,CT,Continuation,1.0,0.0,1.0,1.0
2019,MODULAR SOFTWARE CONSULTING LLC,"Professional, Scientific, and Technical Services",MOUNT LAUREL,NJ,New Employment,1.0,0.0,1.0,1.0
2019,MOESIF INC,Information,SAN FRANCISCO,CA,Change of Employer,1.0,0.0,1.0,1.0
2019,MONTEFIORE INFORMATION TECH LLC,"Professional, Scientific, and Technical Services",YONKERS,NY,Continuation,4.0,0.0,4.0,1.0
2019,N3N INC,"Professional, Scientific, and Technical Services",FOSTER CITY,CA,Amended,1.0,0.0,1.0,1.0
2019,NASDAQ PHLX LLC,Finance and Insurance,NEW YORK,NY,New Employment,1.0,0.0,1.0,1.0
2019,NEOPOST USA INC,33 - Manufacturing,MILFORD,CT,New Employment,2.0,0.0,2.0,1.0
2019,NEWMAN UNIVERSITY,Educational Services,WICHITA,KS,Continuation,1.0,0.0,1.0,1.0
2019,NIC SOLUTIONS LLC,"Professional, Scientific, and Technical Services",OLATHE,KS,Change of Employer,1.0,0.0,1.0,1.0
2019,NICHOLS COLLEGE OF BUSINESS ADMIN,Educational Services,DUDLEY,MA,New Employment,1.0,0.0,1.0,1.0
2019,NORTH ATLANTIC IMPORTS LLC,Wholesale Trade,LOGAN,UT,New Employment,1.0,0.0,1.0,1.0
2019,NORTHEASTERN ILLINOIS UNIVERSITY,Educational Services,CHICAGO,IL,New Employment,2.0,0.0,2.0,1.0
2019,NUSCALE POWER LLC,Utilities,PORTLAND,OR,New Employment,1.0,0.0,1.0,1.0
2019,NUVECTOR LLC,Information,MARIETTA,GA,Change with Same Employer,1.0,0.0,1.0,1.0
2019,NYPRO INC A JABIL COMPANY,"Professional, Scientific, and Technical Services",CLINTON,MA,Change of Employer,2.0,0.0,2.0,1.0
2019,OATH HOLDINGS INC,Information,RICHARDSON,TX,Change of Employer,1.0,0.0,1.0,1.0
2019,OLD DOMINION FREIGHT LINE INC,Wholesale Trade,THOMASVILLE,NC,Continuation,2.0,0.0,2.0,1.0
2019,OPEN SYSTEMS INC,"Professional, Scientific, and Technical Services",ALPHARETTA,GA,New Employment,11.0,3.0,14.0,0.7857142857142857
2019,OPENDOOR LABS INC,Real Estate and Rental and Leasing,SAN FRANCISCO,CA,Change of Employer,10.0,0.0,10.0,1.0
2019,OPPENHEIMERFUNDS DISTRIBUTOR INC D,Finance and Insurance,NEW YORK,NY,Change with Same Employer,1.0,0.0,1.0,1.0
2019,OPTIV SECURITY INC,"Professional, Scientific, and Technical Services",DENVER,CO,New Employment,1.0,1.0,2.0,0.5
2019,OPUS GLOBAL INC,"Professional, Scientific, and Technical Services",NEW YORK,NY,New Employment,0.0,1.0,1.0,0.0
2019,ORACLE AMERICA INC,Information,REDWOOD CITY,CA,New Concurrent,1.0,0.0,1.0,1.0
2019,PA SOLUTIONS INC,"Professional, Scientific, and Technical Services",WARREN,MI,New Employment,1.0,0.0,1.0,1.0
2019,PANDORA MEDIA LLC,Information,OAKLAND,CA,New Employment,16.0,1.0,17.0,0.9411764705882352
2019,PARSONS TRANSPORTATION GROUP INC,"Professional, Scientific, and Technical Services",HOUSTON,TX,Continuation,1.0,0.0,1.0,1.0
2019,PARTNERS INFORMATION TECH INC,"Professional, Scientific, and Technical Services",BUENA PARK,CA,New Employment,6.0,1.0,7.0,0.8571428571428571
2019,PARTNERS OF THE AMERICAS INC,Other Services (except Public Administration),WASHINGTON,DC,New Employment,1.0,0.0,1.0,1.0
2019,PATOLUS OPERATIONS LLC DBA WELLFIT,Finance and Insurance,IRVINE,CA,Change of Employer,1.0,0.0,1.0,1.0
2019,PAXATA INC,Information,REDWOOD CITY,CA,New Employment,1.0,0.0,1.0,1.0
2019,PAYCENT INC,Finance and Insurance,SANTA CLARA,CA,New Employment,1.0,0.0,1.0,1.0
2019,PAYETTE ASSOCIATES INC,"Professional, Scientific, and Technical Services",BOSTON,MA,New Employment,6.0,0.0,6.0,1.0
2019,PEACE DENTAL PC,Health Care and Social Assistance,GLENSHAW,PA,Change with Same Employer,1.0,0.0,1.0,1.0
2019,PEAK17 CONSULTING INC,"Professional, Scientific, and Technical Services",CENTENNIAL,CO,Change of Employer,3.0,2.0,5.0,0.6
2019,PEI COBB FREED PARTNERS ARCHITECTS,"Professional, Scientific, and Technical Services",NEW YORK,NY,New Employment,1.0,0.0,1.0,1.0
2019,PENOBSCOT RESPIRATORY,Health Care and Social Assistance,BANGOR,ME,Continuation,1.0,0.0,1.0,1.0
2019,PERRY ELLIS INTERNATIONAL INC,Wholesale Trade,MIAMI,FL,New Employment,1.0,0.0,1.0,1.0
2019,PERSONIFY INC,"Professional, Scientific, and Technical Services",AUSTIN,TX,New Employment,0.0,1.0,1.0,0.0
2019,PHAROS SYSTEMS INTERNATIONAL INC,Information,WEST HENRIETTA,NY,New Employment,1.0,0.0,1.0,1.0
2019,PHILIPS ULTRASOUND INC,33 - Manufacturing,BOTHELL,WA,Amended,2.0,0.0,2.0,1.0
2019,PHILLIP TOWNSEND ASSOCIATES INC,"Professional, Scientific, and Technical Services",HOUSTON,TX,Continuation,1.0,0.0,1.0,1.0
2019,PIONEER CHARTER SCHOOL OF SCIENCE,Educational Services,SAUGUS,MA,Continuation,1.0,0.0,1.0,1.0
2019,PLATINUM INFOSYS INC,"Professional, Scientific, and Technical Services",IRVING,TX,Amended,0.0,1.0,1.0,0.0
2019,PLAYA MGMT USA LLC,Accommodation and Food Services,FORT LAUDERDALE,FL,Change of Employer,1.0,0.0,1.0,1.0
2019,PLUSAI INC,"Professional, Scientific, and Technical Services",LOS ALTOS,CA,New Employment,3.0,0.0,3.0,1.0
2019,POPLI ARCHITECTURE ENGRG & LS DPC,"Professional, Scientific, and Technical Services",PENFIELD,NY,Amended,1.0,0.0,1.0,1.0
2019,PRAYOSHA BRGR LLC,Accommodation and Food Services,VIRGINIA BEACH,VA,Change with Same Employer,1.0,0.0,1.0,1.0
2019,PREMIUM PEOPLE GROUP LLC,"Professional, Scientific, and Technical Services",CARY,NC,New Employment,2.0,0.0,2.0,1.0
2019,PROMANTUS INC,"Professional, Scientific, and Technical Services",RALEIGH,NC,Change with Same Employer,0.0,4.0,4.0,0.0
2019,PROXIM SYSTEMS INC,"Professional, Scientific, and Technical Services",CHARLOTTE,NC,Continuation,1.0,0.0,1.0,1.0
2019,QAD INC,Information,SANTA BARBARA,CA,Continuation,4.0,0.0,4.0,1.0
2019,QUIGLEY INDUSTRIES INC,33 - Manufacturing,FARMINGTON,MI,New Employment,1.0,0.0,1.0,1.0
2019,RAKUTEN USA INC,"Professional, Scientific, and Technical Services",SAN MATEO,CA,Change of Employer,12.0,2.0,14.0,0.8571428571428571
2019,RBUS INC A RED VENTURES COMPANY,"Professional, Scientific, and Technical Services",FORT MILL,SC,Amended,1.0,0.0,1.0,1.0
2019,RCI LLC,Real Estate and Rental and Leasing,PARSIPPANY,NJ,Amended,6.0,0.0,6.0,1.0
2019,REAL INTENT INC,"Professional, Scientific, and Technical Services",SUNNYVALE,CA,New Employment,1.0,0.0,1.0,1.0
2019,RECYCLEREWARDS PBC DBA RECYCLEBANK,Administrative and Support and Waste Management and Remediation Services,NEW YORK,NY,New Employment,1.0,0.0,1.0,1.0
2019,RESIDE REAL ESTATE INC,Real Estate and Rental and Leasing,SAN FRANCISCO,CA,New Employment,1.0,0.0,1.0,1.0
2019,RESOLUTE BUILDING INTELLIGENCE INC,Information,BIRMINGHAM,MI,New Employment,0.0,1.0,1.0,0.0
2019,RESOLUTION CONSULTING GROUP INC,"Professional, Scientific, and Technical Services",TARRYTOWN,NY,New Employment,1.0,0.0,1.0,1.0
2019,RESULTS EDUCATIONAL FUND INC,Other Services (except Public Administration),WASHINGTON,DC,Amended,1.0,0.0,1.0,1.0
2019,RHP SOFT INC,"Professional, Scientific, and Technical Services",PLEASANTON,CA,Change of Employer,1.0,1.0,2.0,0.5
2019,RIPKURRENT LLC,"Professional, Scientific, and Technical Services",BOCA RATON,FL,New Employment,0.0,1.0,1.0,0.0
2019,ROSHANIAN & ASSOCIATES INC,"Professional, Scientific, and Technical Services",LOS ANGELES,CA,Change of Employer,1.0,0.0,1.0,1.0
2019,SAFE HORIZON,Other Services (except Public Administration),NEW YORK,NY,New Employment,1.0,0.0,1.0,1.0
2019,SAGE PARTS PLUS INC,49 - Transportation and Warehousing,MELVILLE,NY,New Employment,0.0,1.0,1.0,0.0
2019,SAINT GOBAIN PERFORMANCE PLASTICS,33 - Manufacturing,SOLON,OH,Continuation,3.0,0.0,3.0,1.0
2019,SALEM & SOLIMAN DENTAL CORP DBA KI,Health Care and Social Assistance,TURLOCK,CA,New Employment,1.0,0.0,1.0,1.0
2019,SANDTON HOLDINGS CORP,33 - Manufacturing,SAN BERNARDINO,CA,New Employment,0.0,1.0,1.0,0.0
2019,SANFORD CLINIC NORTH,Health Care and Social Assistance,SIOUX FALLS,SD,Change of Employer,4.0,0.0,4.0,1.0
2019,SBTS SYSTEMS LLC,"Professional, Scientific, and Technical Services",NEW ORLEANS,LA,New Employment,1.0,0.0,1.0,1.0
2019,SCHINDLER HOMES,Real Estate and Rental and Leasing,SAN FRANCISCO,CA,New Employment,0.0,1.0,1.0,0.0
2019,SEATTLE WUNDERMAN NETWORK LLC,"Professional, Scientific, and Technical Services",SEATTLE,WA,New Employment,1.0,1.0,2.0,0.5
2019,SELECT RESOURCES LLC,"Professional, Scientific, and Technical Services",CHICAGO,IL,Amended,0.0,1.0,1.0,0.0
2019,SELMAN GEO SERVICES INC SELMAN AND,"Mining, Quarrying, and Oil and Gas Extraction",MIDLAND,TX,New Employment,1.0,0.0,1.0,1.0
2019,SERVICE NET WARRANTY LLC,Finance and Insurance,NEW YORK,NY,Continuation,1.0,0.0,1.0,1.0
2019,SHAH SMITH & ASSOCIATES INC,"Professional, Scientific, and Technical Services",HOUSTON,TX,New Employment,1.0,0.0,1.0,1.0
2019,SHERMAN/GRAYSON HOSPITAL LLC DBA W,Health Care and Social Assistance,SHERMAN,TX,Change with Same Employer,1.0,0.0,1.0,1.0
2019,SHOPPERTRAK RCT CORPORATION,"Professional, Scientific, and Technical Services",CHICAGO,IL,Amended,1.0,0.0,1.0,1.0
2019,SIMMONS ROCKECHARLIE & PRINCE INC,"Professional, Scientific, and Technical Services",HENRICO,VA,New Employment,1.0,0.0,1.0,1.0
2019,SIMPLIPHI POWER INC,33 - Manufacturing,OXNARD,CA,Amended,1.0,0.0,1.0,1.0
2019,SIVALTECH INC,"Professional, Scientific, and Technical Services",SAN DIEGO,CA,Continuation,2.0,0.0,2.0,1.0
2019,SL AMERICA CORPORATION,33 - Manufacturing,CLINTON,TN,Change of Employer,2.0,0.0,2.0,1.0
2019,SMART SOURCE TECHNOLOGIES INC,"Professional, Scientific, and Technical Services",NORTH BRUNSWICK,NJ,Amended,8.0,0.0,8.0,1.0
2019,SMITHSONIAN INSTITUTION,"Professional, Scientific, and Technical Services",CAMBRIDGE,MA,New Employment,2.0,0.0,2.0,1.0
2019,SOLUTELIA LLC,"Professional, Scientific, and Technical Services",AURORA,CO,New Employment,2.0,0.0,2.0,1.0
2019,SOUND INPATIENT PHYSICIANS INC,Health Care and Social Assistance,TACOMA,WA,New Employment,3.0,1.0,4.0,0.75
2019,SOUTH BAY SOLUTIONS INC,33 - Manufacturing,FREMONT,CA,New Employment,1.0,0.0,1.0,1.0
2019,SPH PHILILAB INC,"Professional, Scientific, and Technical Services",PLYMOUTH MEETING,PA,New Employment,1.0,0.0,1.0,1.0
2019,ST FRANCIS PHYSICIAN NETWORK LLC,Health Care and Social Assistance,MEMPHIS,TN,Change of Employer,1.0,0.0,1.0,1.0
2019,ST LUKE S PHYSICIAN GROUP INC,Health Care and Social Assistance,BETHLEHEM,PA,Amended,3.0,0.0,3.0,1.0
2019,STATMINDS LLC,"Professional, Scientific, and Technical Services",KING OF PRUSSIA,PA,Change with Same Employer,3.0,0.0,3.0,1.0
2019,STELLAR SOFTWARE NETWORK INC,"Professional, Scientific, and Technical Services",COLUMBUS,OH,New Employment,0.0,3.0,3.0,0.0
2019,STEVENS INSTITUTE OF TECHNOLOGY,Educational Services,HOBOKEN,NJ,Continuation,6.0,0.0,6.0,1.0
2019,STG INC,"Professional, Scientific, and Technical Services",EDISON,NJ,Change of Employer,1.0,0.0,1.0,1.0
2019,STRYKER CORPORATION,33 - Manufacturing,PORTAGE,MI,Change of Employer,7.0,0.0,7.0,1.0
2019,STV CONSTRUCTION INCORPORATED,"Professional, Scientific, and Technical Services",DOUGLASSVILLE,PA,Change with Same Employer,1.0,0.0,1.0,1.0
2019,SUHAS AHUJA COMPUTER CONSULTANTS I,"Professional, Scientific, and Technical Services",SANTA CLARA,CA,Continuation,1.0,1.0,2.0,0.5
2019,SUMMITWORKS TECHNOLOGIES INC,"Professional, Scientific, and Technical Services",SOUTH PLAINFIELD,NJ,New Employment,15.0,2.0,17.0,0.8823529411764706
2019,SUNPREME INC,Utilities,SUNNYVALE,CA,New Employment,1.0,0.0,1.0,1.0
2019,SUPRASOFT INC,Administrative and Support and Waste Management and Remediation Services,SCHAUMBURG,IL,New Employment,8.0,2.0,10.0,0.8
2019,SV IT INC,"Professional, Scientific, and Technical Services",FLUSHING,NY,Continuation,6.0,0.0,6.0,1.0
2019,SVK SOLUTIONS LLC,"Professional, Scientific, and Technical Services",WESTERVILLE,OH,Continuation,0.0,2.0,2.0,0.0
2019,SYSDIG INC,"Professional, Scientific, and Technical Services",SAN FRANCISCO,CA,Change of Employer,6.0,1.0,7.0,0.8571428571428571
2019,SYSTEMS PLUS INC,"Professional, Scientific, and Technical Services",ROCKVILLE,MD,Change of Employer,1.0,0.0,1.0,1.0
2019,SYTE CORPORATION,Construction,CHICAGO,IL,Change of Employer,1.0,0.0,1.0,1.0
2019,TAP ADVISORS LLC,Finance and Insurance,NEW YORK,NY,New Employment,1.0,0.0,1.0,1.0
2019,TAP/QA LLC,"Professional, Scientific, and Technical Services",MINNEAPOLIS,MN,New Employment,1.0,0.0,1.0,1.0
2019,TECHTOP SOLUTIONS INC,"Professional, Scientific, and Technical Services",NEWARK,CA,Change of Employer,0.0,1.0,1.0,0.0
2019,TEKREANT INC,"Professional, Scientific, and Technical Services",IRVING,TX,Amended,1.0,1.0,2.0,0.5
2019,TENDER TOUCH REHAB SERVICES LLC,Health Care and Social Assistance,LAKEWOOD,NJ,Amended,2.0,0.0,2.0,1.0
2019,THALES TRANSPORT & SECURITY INC,"Professional, Scientific, and Technical Services",PITTSBURGH,PA,Change of Employer,1.0,0.0,1.0,1.0
2019,THE AND PARTNERSHIP HOLDINGS INC,"Professional, Scientific, and Technical Services",NEW YORK,NY,New Employment,1.0,0.0,1.0,1.0
2019,THE BROOKINGS INSTITUTION,"Professional, Scientific, and Technical Services",WASHINGTON,DC,New Employment,4.0,0.0,4.0,1.0
2019,THE CARTOON NETWORK INC,Information,ATLANTA,GA,Continuation,1.0,0.0,1.0,1.0
2019,THE CURATORS OF THE UNIV OF MO,Educational Services,ROLLA,MO,Change with Same Employer,1.0,0.0,1.0,1.0
2019,THE LAW OFFICE OF JASON S MATUSKIE,"Professional, Scientific, and Technical Services",BROOKLYN,NY,New Employment,0.0,1.0,1.0,0.0
2019,THE LUCKS COMPANY,33 - Manufacturing,TACOMA,WA,New Employment,1.0,0.0,1.0,1.0
2019,THE NOEL POINTER FOUNDATION INC,Educational Services,BROOKLYN,NY,New Employment,1.0,0.0,1.0,1.0
2019,THE OHIO STATE UNIVERSITY,Educational Services,COLUMBUS,OH,Change with Same Employer,6.0,0.0,6.0,1.0
2019,THE RED HOT ORGANIZATION,Other Services (except Public Administration),NEW YORK,NY,New Employment,1.0,0.0,1.0,1.0
2019,THE UNIV OF TX M D ANDERSON CANCER,Educational Services,HOUSTON,TX,New Employment,58.0,0.0,58.0,1.0
2019,THOMAS HYON SIM CPA PLLC,"Professional, Scientific, and Technical Services",DALLAS,TX,New Employment,1.0,0.0,1.0,1.0
2019,THOUGHTFOCUS INC,"Professional, Scientific, and Technical Services",BROOKFIELD,WI,New Employment,3.0,1.0,4.0,0.75
2019,THS GROUP LLC,Finance and Insurance,EDISON,NJ,New Employment,0.0,1.0,1.0,0.0
2019,THUMBTACK INC,"Professional, Scientific, and Technical Services",TULSA,OK,Continuation,1.0,0.0,1.0,1.0
2019,TIPSY MONK MANAGEMENT GROUP INC,Information,NEW YORK,NY,New Employment,0.0,1.0,1.0,0.0
2019,TMH PHYSICIAN ORGANIZATION,Health Care and Social Assistance,HOUSTON,TX,Change of Employer,1.0,0.0,1.0,1.0
2019,TOURO COLLEGE,Educational Services,NEW YORK,NY,New Employment,6.0,0.0,6.0,1.0
2019,TOWERDATA INC,Information,EAST BRUNSWICK,NJ,Continuation,1.0,0.0,1.0,1.0
2019,TRINITI CORPORATION,"Professional, Scientific, and Technical Services",SAN JOSE,CA,Amended,4.0,1.0,5.0,0.8
2019,TRINITY MED CTR D/B/A UNITYPOINT H,Health Care and Social Assistance,ROCK ISLAND,IL,New Employment,1.0,0.0,1.0,1.0
2019,TRISYNC TECHNOLOGIES INC,"Professional, Scientific, and Technical Services",SOUTH PLAINFIELD,NJ,Change of Employer,3.0,0.0,3.0,1.0
2019,TRUSS HOLDINGS INC,Real Estate and Rental and Leasing,EVANSTON,IL,New Employment,1.0,0.0,1.0,1.0
2019,U HAUL INTERNATIONAL,Real Estate and Rental and Leasing,PHOENIX,AZ,Continuation,0.0,1.0,1.0,0.0
2019,U S DEPT OF VETERANS AFFAIRS/OK CI,Health Care and Social Assistance,OKLAHOMA CITY,OK,Continuation,1.0,0.0,1.0,1.0
2019,UBS AG,Finance and Insurance,NASHVILLE,TN,New Employment,0.0,1.0,1.0,0.0
2019,UBS FINANCIAL SERVICES INC,Finance and Insurance,NASHVILLE,TN,Change of Employer,1.0,0.0,1.0,1.0
2019,UKIAH ADVENTIST HOSPITAL DBA ADVEN,Health Care and Social Assistance,UKIAH,CA,Change with Same Employer,1.0,0.0,1.0,1.0
2019,ULTRA CLEAN TECH SYSTEMS & SVC INC,33 - Manufacturing,HAYWARD,CA,Change of Employer,1.0,0.0,1.0,1.0
2019,UMASS MEMORIAL MEDICAL CENTER INC,Health Care and Social Assistance,WORCESTER,MA,New Employment,1.0,0.0,1.0,1.0
2019,UNC MANAGEMENT CO INC,Finance and Insurance,CHAPEL HILL,NC,Change with Same Employer,2.0,0.0,2.0,1.0
2019,UNICODE SYSTEMS INC,"Professional, Scientific, and Technical Services",HERNDON,VA,New Employment,0.0,1.0,1.0,0.0
2019,UNITED FOOTWEAR GROUP INC,Wholesale Trade,NEW YORK,NY,Change of Employer,1.0,0.0,1.0,1.0
2019,UNITED SOFTWARE GROUP INC,"Professional, Scientific, and Technical Services",DUBLIN,OH,Amended,10.0,6.0,16.0,0.625
2019,UNIV OF MIAMI,Educational Services,MIAMI,FL,New Employment,1.0,0.0,1.0,1.0
2019,UNIVERSITY OF CALIFORNIA RIVERSIDE,Educational Services,RIVERSIDE,CA,Change of Employer,12.0,0.0,12.0,1.0
2019,UNIVERSITY OF MARYLAND,Educational Services,CAMBRIDGE,MD,New Employment,3.0,0.0,3.0,1.0
2019,UNIVERSITY OF ROCHESTER,Educational Services,ROCHESTER,NY,New Employment,37.0,1.0,38.0,0.9736842105263158
2019,UNIVERSITY PHYSICIAN GROUP,Health Care and Social Assistance,TROY,MI,Change of Employer,3.0,0.0,3.0,1.0
2019,URBAN GRID SOLAR PROJECTS LLC,Utilities,STEVENSVILLE,MD,Change of Employer,1.0,0.0,1.0,1.0
2019,USAA REAL ESTATE COMPANY,Real Estate and Rental and Leasing,SAN ANTONIO,TX,New Employment,1.0,0.0,1.0,1.0
2019,UTILITY DATA CONTRACTORS INC D/B/A,"Professional, Scientific, and Technical Services",ENGLEWOOD,CO,Change of Employer,1.0,0.0,1.0,1.0
2019,VAJRASOFT LLC,"Professional, Scientific, and Technical Services",BIRMINGHAM,AL,Continuation,1.0,0.0,1.0,1.0
2019,VALLEY HEALTH & ACUPUNCTURE INC,Health Care and Social Assistance,SAN JOSE,CA,New Employment,1.0,0.0,1.0,1.0
2019,VALUE GLOBAL LLC,"Professional, Scientific, and Technical Services",TOMBALL,TX,Continuation,1.0,0.0,1.0,1.0
2019,VARIAN MEDICAL SYSTEMS INC,33 - Manufacturing,PALO ALTO,CA,Change with Same Employer,3.0,0.0,3.0,1.0
2019,VARUNAVI IT CONSULTANTS INC,"Professional, Scientific, and Technical Services",MORRISVILLE,NC,Amended,2.0,0.0,2.0,1.0
2019,VENTOIS INC,"Professional, Scientific, and Technical Services",SHREWSBURY,MA,Continuation,26.0,1.0,27.0,0.9629629629629628
2019,VEONEER US INC,"Professional, Scientific, and Technical Services",SOUTHFIELD,MI,New Employment,14.0,2.0,16.0,0.875
2019,VERITE INC,"Professional, Scientific, and Technical Services",AMHERST,MA,Continuation,1.0,0.0,1.0,1.0
2019,VERITY SOLUTIONS,"Professional, Scientific, and Technical Services",SUGAR LAND,TX,Amended,1.0,0.0,1.0,1.0
2019,VIRAL PATEL DENTAL PC DBA KERMIT S,Health Care and Social Assistance,KERMIT,TX,New Concurrent,1.0,0.0,1.0,1.0
2019,VIRAL PATEL DENTAL PC DBA KERMIT S,Health Care and Social Assistance,KERMIT,TX,New Employment,1.0,0.0,1.0,1.0
2019,VISION INTEGRATION TECH INC,"Professional, Scientific, and Technical Services",DETROIT,MI,Continuation,1.0,0.0,1.0,1.0
2019,VIZVA TECH SOLUTIONS LLC,"Professional, Scientific, and Technical Services",CHESTERFIELD,MO,New Employment,5.0,7.0,12.0,0.4166666666666667
2019,VOLANT HOLDING LLC,Finance and Insurance,NEW YORK,NY,New Employment,1.0,0.0,1.0,1.0
2019,VROOM INC,45 - Retail Trade,NEW YORK,NY,New Employment,1.0,0.0,1.0,1.0
2019,WAYNE FUELING SYSTEMS LLC,33 - Manufacturing,AUSTIN,TX,New Employment,2.0,0.0,2.0,1.0
2019,WELLMONT MEDICAL ASSO,Health Care and Social Assistance,KINGSPORT,TN,Change with Same Employer,1.0,0.0,1.0,1.0
2019,WESTERN MICHIGAN UNIVERSITY,Educational Services,KALAMAZOO,MI,Amended,1.0,0.0,1.0,1.0
2019,WESTROCK SERVICES INC,"Professional, Scientific, and Technical Services",ATLANTA,GA,Continuation,5.0,0.0,5.0,1.0
2019,WHITE OPS INC,Administrative and Support and Waste Management and Remediation Services,NEW YORK,NY,New Employment,1.0,1.0,2.0,0.5
2019,WHITNEY BAILEY COX & MAGNANI LLC D,"Professional, Scientific, and Technical Services",TOWSON,MD,New Employment,1.0,0.0,1.0,1.0
2019,WILDCARD LLC,"Professional, Scientific, and Technical Services",NEW YORK,NY,New Employment,1.0,0.0,1.0,1.0
2019,WILSHIRE ASSOCIATES INCORPORATED,Finance and Insurance,SANTA MONICA,CA,New Employment,3.0,0.0,3.0,1.0
2019,WOLFRAM RESEARCH INC,Information,CHAMPAIGN,IL,Change of Employer,1.0,0.0,1.0,1.0
2019,WORKERS COMPENSATION LAW CTR A PRO,"Professional, Scientific, and Technical Services",REDDING,CA,New Employment,0.0,1.0,1.0,0.0
2019,WUXI APPTEC INC,"Professional, Scientific, and Technical Services",EAST BRUNSWICK,NJ,New Employment,1.0,1.0,2.0,0.5
2019,WYNDHAM HOTEL GROUP LLC,Accommodation and Food Services,PARSIPPANY,NJ,Continuation,4.0,0.0,4.0,1.0
2019,XAVIER UNIVERSITY,Educational Services,CINCINNATI,OH,New Employment,1.0,0.0,1.0,1.0
2019,XINGYUUN LLC,Administrative and Support and Waste Management and Remediation Services,MOUNTAIN VIEW,CA,New Employment,0.0,1.0,1.0,0.0
2019,YANFENG USA AUTOMOTIVE TRIM SYSTEM,"Professional, Scientific, and Technical Services",HARRISON TOWNSHIP,MI,Continuation,1.0,0.0,1.0,1.0
2019,ZAIS GROUP LLC,Finance and Insurance,HOLMDEL,NJ,Continuation,1.0,0.0,1.0,1.0
2019,ZAPLABS LLC,Real Estate and Rental and Leasing,MADISON,NJ,Continuation,2.0,0.0,2.0,1.0
2019,ZESTRON CORPORATION,Wholesale Trade,MANASSAS,VA,Continuation,1.0,0.0,1.0,1.0
2019,ZF GAINESVILLE LLC,33 - Manufacturing,GAINESVILLE,GA,Change of Employer,1.0,0.0,1.0,1.0
2020,3D TECHNOLOGIES LLC,"Professional, Scientific, and Technical Services",DURANT,OK,New Employment,1.0,0.0,1.0,1.0
2020,3NT MEDICAL INC,33 - Manufacturing,SHORT HILLS,NJ,New Employment,1.0,0.0,1.0,1.0
2020,650 INDUSTRIES INC,Information,PALO ALTO,CA,New Employment,1.0,0.0,1.0,1.0
2020,ABERCROMBIE & FITCH MANAGEMENT CO,45 - Retail Trade,NEW ALBANY,OH,Continuation,2.0,0.0,2.0,1.0
2020,ABOTTS CONSULTING INC,"Professional, Scientific, and Technical Services",IRVINE,CA,Amended,0.0,1.0,1.0,0.0
2020,ACAI INVESTMENTS LLC DBA DIE-VAC P,33 - Manufacturing,HIALEAH,FL,New Employment,1.0,0.0,1.0,1.0
2020,AG&Y ENTERPRISES INC DBA OWL WESTE,45 - Retail Trade,COVINA,CA,New Employment,1.0,0.0,1.0,1.0
2020,AGITECH SOLUTIONS INC,"Professional, Scientific, and Technical Services",ALTAMONTE SPRINGS,FL,New Employment,1.0,0.0,1.0,1.0
2020,AIRLINES REPORTING CORPORATION,"Professional, Scientific, and Technical Services",ARLINGTON,VA,Change of Employer,1.0,0.0,1.0,1.0
2020,ALL IN 1 INC,Other Services (except Public Administration),GLENDALE,CA,Continuation,1.0,0.0,1.0,1.0
2020,ALSAC/ST JUDE CHILDRENS RESEARCH H,Administrative and Support and Waste Management and Remediation Services,MEMPHIS,TN,Continuation,0.0,1.0,1.0,0.0
2020,ALTA ENVIRONMENTAL LP,"Professional, Scientific, and Technical Services",LONG BEACH,CA,New Employment,1.0,0.0,1.0,1.0
2020,AMAZON ROBOTICS LLC,33 - Manufacturing,SEATTLE,WA,Amended,2.0,0.0,2.0,1.0
2020,AMAZON WEB SERVICES INC,Wholesale Trade,SEATTLE,WA,Amended,5.0,0.0,5.0,1.0
2020,AMCOR RIGID PACKAGING USA LLC,33 - Manufacturing,ANN ARBOR,MI,New Employment,1.0,0.0,1.0,1.0
2020,AMERICAN EDUCATION & TRANSLATION S,"Professional, Scientific, and Technical Services",PALMETTO BAY,FL,New Employment,2.0,0.0,2.0,1.0
2020,AMERICAN EXPRESS NATIONAL BANK,Finance and Insurance,NEW YORK,NY,Amended,1.0,0.0,1.0,1.0
2020,AMERICAN FAMILY MUTUAL INSURANCE,Finance and Insurance,MADISON,WI,Amended,3.0,0.0,3.0,1.0
2020,AMERICAN MEDICAL ASSOCIATION,Other Services (except Public Administration),CHICAGO,IL,New Employment,1.0,0.0,1.0,1.0
2020,AMERICAN ORTHOPEDIC FOUNDATION,"Professional, Scientific, and Technical Services",DES PLAINES,IL,New Employment,2.0,0.0,2.0,1.0
2020,AMERIHEALTH CARITAS SERVICES LLC,Finance and Insurance,PHILADELPHIA,PA,Change with Same Employer,2.0,0.0,2.0,1.0
2020,AMKOR TECHNOLOGY INC,33 - Manufacturing,TEMPE,AZ,Change of Employer,3.0,0.0,3.0,1.0
2020,AMPAM PARKS MECHANICAL INC,"Professional, Scientific, and Technical Services",CARSON,CA,Change of Employer,1.0,0.0,1.0,1.0
2020,AMZETTA TECHNOLOGIES LLC,"Professional, Scientific, and Technical Services",NORCROSS,GA,New Employment,0.0,1.0,1.0,0.0
2020,ANB SYSTEMS INC,"Professional, Scientific, and Technical Services",SUGAR LAND,TX,New Employment,0.0,1.0,1.0,0.0
2020,ANCHEN PAHRMACEUTICALS INC,33 - Manufacturing,IRVINE,CA,Continuation,1.0,0.0,1.0,1.0
2020,ANCHOR BAY SCHOOL DISTRICT,Educational Services,CASCO,MI,Change with Same Employer,1.0,0.0,1.0,1.0
2020,ANTECH OILFIELD SERVICES INC,"Mining, Quarrying, and Oil and Gas Extraction",SEGUIN,TX,Change with Same Employer,1.0,0.0,1.0,1.0
2020,ANU SOFTWARE CONSULTANTS INC,"Professional, Scientific, and Technical Services",ANN ARBOR,MI,Continuation,4.0,0.0,4.0,1.0
2020,ARBORSYS GROUP LLC,"Professional, Scientific, and Technical Services",LAWRENCEVILLE,NJ,Change of Employer,2.0,0.0,2.0,1.0
2020,ARC DOCUMENT SOLUTIONS LLC,"Professional, Scientific, and Technical Services",SAN RAMON,CA,Continuation,1.0,0.0,1.0,1.0
2020,ARCHER WESTERN CONSTRUCTION LLC,Construction,CHICAGO,IL,New Employment,1.0,0.0,1.0,1.0
2020,ARIIX LLC,45 - Retail Trade,BOUNTIFUL,UT,New Employment,0.0,1.0,1.0,0.0
2020,ARRAY TECHNOLOGIES INC,33 - Manufacturing,ALBUQUERQUE,NM,Change with Same Employer,1.0,0.0,1.0,1.0
2020,ARTHUR LAWRENCE US LLC,"Professional, Scientific, and Technical Services",PEARLAND,TX,Continuation,1.0,0.0,1.0,1.0
2020,ARVATO SYSTEMS NORTH AMERICA INC,Information,NEW YORK,NY,Change with Same Employer,1.0,0.0,1.0,1.0
2020,ASG RENAISSANCE,"Professional, Scientific, and Technical Services",DEARBORN,MI,New Employment,1.0,0.0,1.0,1.0
2020,ASHLEY FURNITURE INDUSTRIES INC,33 - Manufacturing,ADVANCE,NC,Change of Employer,2.0,0.0,2.0,1.0
2020,ASSOCIATION OF AMERICAN MEDICAL CO,Other Services (except Public Administration),WASHINGTON,DC,Change with Same Employer,3.0,1.0,4.0,0.75
2020,ATLANTIS IT CONSULTING GROUP LLC,"Professional, Scientific, and Technical Services",ALBANY,NY,Change of Employer,13.0,2.0,15.0,0.8666666666666667
2020,ATRICURE IMC,33 - Manufacturing,MASON,OH,Change of Employer,1.0,0.0,1.0,1.0
2020,AUTOMATION ANYWHERE INC,Information,CLEARWATER,FL,Continuation,1.0,0.0,1.0,1.0
2020,AVANTGARDE LLC,"Professional, Scientific, and Technical Services",PFLUGERVILLE,TX,New Employment,0.0,1.0,1.0,0.0
2020,AVL POWERTRAIN ENGINEERING INC,33 - Manufacturing,PLYMOUTH,MI,Amended,1.0,0.0,1.0,1.0
2020,AXELON SERVICES CORPORATION,"Professional, Scientific, and Technical Services",NEW YORK,NY,Continuation,4.0,0.0,4.0,1.0
2020,AXIS GROUP LLC,"Professional, Scientific, and Technical Services",BERKELEY HEIGHTS,NJ,Amended,2.0,0.0,2.0,1.0
2020,AXON ENTERPRISE INC,33 - Manufacturing,SCOTTSDALE,AZ,Change of Employer,10.0,0.0,10.0,1.0
2020,BAE SYS APPLIED INTELLIGENCE INC,"Professional, Scientific, and Technical Services",MC LEAN,VA,New Employment,1.0,0.0,1.0,1.0
2020,BALBOA BAY PARTNERS LLC,"Professional, Scientific, and Technical Services",SAN JUAN CAPISTRANO,CA,Continuation,1.0,0.0,1.0,1.0
2020,BARNWELL SCHOOL DISTRICT 19,Educational Services,BLACKVILLE,SC,Continuation,2.0,0.0,2.0,1.0
2020,"BATON FINANCIAL SERVICES, INC.","Professional, Scientific, and Technical Services",NEW ORLEANS,LA,New Employment,1.0,0.0,1.0,1.0
2020,BDO USA LLP,"Professional, Scientific, and Technical Services",CHICAGO,IL,Change of Employer,39.0,0.0,39.0,1.0
2020,BETSOL LLC,"Professional, Scientific, and Technical Services",BROOMFIELD,CO,Amended,1.0,1.0,2.0,0.5
2020,BGRS,"Professional, Scientific, and Technical Services",BURR RIDGE,IL,Continuation,1.0,0.0,1.0,1.0
2020,BIG SWITCH NETWORKS INC,Information,SANTA CLARA,CA,Continuation,4.0,0.0,4.0,1.0
2020,BILL ME LATER INC,Finance and Insurance,LUTHERVILLE TIMONIUM,MD,Change of Employer,13.0,0.0,13.0,1.0
2020,BIOCONJUGATE TECHNOLOGIES LLC,"Professional, Scientific, and Technical Services",SCOTTSDALE,AZ,Amended,1.0,0.0,1.0,1.0
2020,BIOMET MICROFIXATION LLC,33 - Manufacturing,WARSAW,IN,Continuation,1.0,0.0,1.0,1.0
2020,BIONPHARMA INC,33 - Manufacturing,PRINCETON,NJ,Continuation,1.0,0.0,1.0,1.0
2020,BLUEOWL LLC,Finance and Insurance,SAN FRANCISCO,CA,New Employment,1.0,0.0,1.0,1.0
2020,BMC SOFTWARE INC,"Professional, Scientific, and Technical Services",HOUSTON,TX,Continuation,10.0,0.0,10.0,1.0
2020,BOMBARDIER TRANSPORTATION HOLDINGS,33 - Manufacturing,PITTSBURGH,PA,Continuation,1.0,0.0,1.0,1.0
2020,BOTHE ASSOCIATES INC,33 - Manufacturing,KENOSHA,WI,New Employment,1.0,0.0,1.0,1.0
2020,BRIGHAM & WOMEN S HOSPITAL,Health Care and Social Assistance,SOMERVILLE,MA,New Employment,62.0,1.0,63.0,0.984126984126984
2020,BRIGHTECH INTERNATIONAL LLC,"Professional, Scientific, and Technical Services",SOMERSET,NJ,New Employment,8.0,0.0,8.0,1.0
2020,BRONSON METHODIST HOSPITAL,Health Care and Social Assistance,KALAMAZOO,MI,Continuation,2.0,0.0,2.0,1.0
2020,BSI CONSULTING SERVICES INC,Construction,MASPETH,NY,New Employment,1.0,0.0,1.0,1.0
2020,BSW GENERAL CONSTRUCTION CORP,"Professional, Scientific, and Technical Services",SOUTH OZONE PARK,NY,New Employment,1.0,0.0,1.0,1.0
2020,C3 IOT INC,"Professional, Scientific, and Technical Services",REDWOOD CITY,CA,Change of Employer,1.0,0.0,1.0,1.0
2020,CACI INC - FEDERAL,"Professional, Scientific, and Technical Services",ARLINGTON,VA,Continuation,1.0,0.0,1.0,1.0
2020,CALIFORNIA BUSINESS BUREAU INC,"Professional, Scientific, and Technical Services",MONROVIA,CA,Continuation,1.0,0.0,1.0,1.0
2020,CALLIDUS SOFTWARE INC,"Professional, Scientific, and Technical Services",NEWTOWN SQUARE,PA,New Employment,1.0,0.0,1.0,1.0
2020,CALUMET SPECIALTY PRODUCTS,33 - Manufacturing,INDIANAPOLIS,IN,New Employment,1.0,0.0,1.0,1.0
2020,CAREMARK LLC,Wholesale Trade,PLAISTOW,NH,Change of Employer,1.0,0.0,1.0,1.0
2020,CAROLINAS PHYSICIANS NETWORK INC,Health Care and Social Assistance,CHARLOTTE,NC,Change of Employer,1.0,0.0,1.0,1.0
2020,CBS CORPORATE SERVICES INC,"Professional, Scientific, and Technical Services",NEW YORK,NY,Change with Same Employer,1.0,0.0,1.0,1.0
2020,CEDAR POINT DENTISTRY PA,Health Care and Social Assistance,RICHFIELD,MN,New Concurrent,1.0,0.0,1.0,1.0
2020,CEPTUA IT INC,"Professional, Scientific, and Technical Services",HOUSTON,TX,New Employment,2.0,1.0,3.0,0.6666666666666666
2020,CHART IO INC,Information,SAN FRANCISCO,CA,Change of Employer,1.0,0.0,1.0,1.0
2020,CHEETAH EXPRESS INC,"Professional, Scientific, and Technical Services",ELK GROVE VILLAGE,IL,New Employment,0.0,2.0,2.0,0.0
2020,CHILDRENS PHYSICIAN SVCS OF SO,Health Care and Social Assistance,CORPUS CHRISTI,TX,Change of Employer,1.0,0.0,1.0,1.0
2020,CHILDRESS COUNTY HOSP DIST DBA CHI,Health Care and Social Assistance,CHILDRESS,TX,New Employment,2.0,0.0,2.0,1.0
2020,CLARIANT CORPORATION,33 - Manufacturing,CHARLOTTE,NC,New Employment,2.0,0.0,2.0,1.0
2020,CLARIOS LLC,33 - Manufacturing,MILWAUKEE,WI,Change of Employer,6.0,0.0,6.0,1.0
2020,CLARIS INTERNATIONAL INC,Information,SANTA CLARA,CA,Continuation,1.0,0.0,1.0,1.0
2020,CLASS ADVISORS GP,"Professional, Scientific, and Technical Services",SAN DIEGO,CA,New Employment,1.0,0.0,1.0,1.0
2020,CLINICAL RESEARCH ASSOCIATES PC DB,Health Care and Social Assistance,SAINT LOUIS,MO,Continuation,1.0,0.0,1.0,1.0
2020,COGENT INFOTECH CORPORATION,"Professional, Scientific, and Technical Services",PITTSBURGH,PA,Change with Same Employer,7.0,1.0,8.0,0.875
2020,COGNOWIZ LLC,"Professional, Scientific, and Technical Services",HERNDON,VA,New Employment,3.0,0.0,3.0,1.0
2020,COLLIBRA INC,Information,NEW YORK,NY,Change of Employer,3.0,0.0,3.0,1.0
2020,COMMVAULT SYSTEMS INC,"Professional, Scientific, and Technical Services",TINTON FALLS,NJ,Change with Same Employer,16.0,0.0,16.0,1.0
2020,COMPROBASE INC,"Professional, Scientific, and Technical Services",STERLING,VA,Change with Same Employer,1.0,0.0,1.0,1.0
2020,COMPUTEK SOLUTIONS INC,"Professional, Scientific, and Technical Services",FARMINGTON HILLS,MI,Change with Same Employer,2.0,0.0,2.0,1.0
2020,COMPUTER TECHNOLOGY SERVICES INC,"Professional, Scientific, and Technical Services",ALBANY,NY,Continuation,2.0,0.0,2.0,1.0
2020,COMPUTERSUPPORT LLC,"Professional, Scientific, and Technical Services",NATICK,MA,Change with Same Employer,1.0,0.0,1.0,1.0
2020,COMTEK GLOBAL INC DBA CENTILLIONZ,"Professional, Scientific, and Technical Services",PISCATAWAY,NJ,Change of Employer,3.0,1.0,4.0,0.75
2020,COMTOP CONNECTIVITY SOLUTIONS INC,Wholesale Trade,CHINO HILLS,CA,New Employment,1.0,1.0,2.0,0.5
2020,CONSIGN INC,"Professional, Scientific, and Technical Services",MIAMI,FL,Continuation,1.0,0.0,1.0,1.0
2020,CONTESSA HEALTH MANAGEMENT LLC,Health Care and Social Assistance,NASHVILLE,TN,Change of Employer,1.0,0.0,1.0,1.0
2020,COOPER TIRE AND RUBBER COMPANY,33 - Manufacturing,FINDLAY,OH,Amended,1.0,0.0,1.0,1.0
2020,COUGAR TECH DBA BREVITII,"Professional, Scientific, and Technical Services",PLEASANTON,CA,Change with Same Employer,1.0,0.0,1.0,1.0
2020,COULOIR TECHNOLOGY GROUP INC,"Professional, Scientific, and Technical Services",EXTON,PA,New Employment,4.0,0.0,4.0,1.0
2020,COUPA SOFTWARE INC,Information,SAN MATEO,CA,Continuation,6.0,0.0,6.0,1.0
2020,CRIMSON BUILDING COMPANY LLC,Construction,NORTH RICHLAND HILLS,TX,New Employment,2.0,0.0,2.0,1.0
2020,CRYSTAL EQUATION CORPORATION,"Professional, Scientific, and Technical Services",CHICAGO,IL,Continuation,2.0,0.0,2.0,1.0
2020,CSC COVANSYS CORPORATION,"Professional, Scientific, and Technical Services",MC LEAN,VA,Change with Same Employer,1.0,0.0,1.0,1.0
2020,CSX TRANSPORTATION INC,49 - Transportation and Warehousing,JACKSONVILLE,FL,Continuation,12.0,0.0,12.0,1.0
2020,CYXTERA CYBERSECURITY INC DBA APPG,Information,MIAMI,FL,New Employment,0.0,1.0,1.0,0.0
2020,DATA ANALYSIS INC,Finance and Insurance,LOS ANGELES,CA,Continuation,1.0,0.0,1.0,1.0
2020,DATANET SYSTEMS CORPORATION,"Professional, Scientific, and Technical Services",WASHINGTON,DC,Change with Same Employer,1.0,0.0,1.0,1.0
2020,DATAVAIL CORPORATION,"Professional, Scientific, and Technical Services",BROOMFIELD,CO,New Employment,7.0,1.0,8.0,0.875
2020,DATAVAIL CORPORATION,"Professional, Scientific, and Technical Services",BROOMFIELD,CO,Amended,4.0,1.0,5.0,0.8
2020,DC SVCS OF AMERICA INC DBA PRIMO W,33 - Manufacturing,TAMPA,FL,Change of Employer,1.0,0.0,1.0,1.0
2020,DEEPMIRROR INC DBA GAME INDUSTRY,Information,MOUNTAIN VIEW,CA,Change of Employer,1.0,0.0,1.0,1.0
2020,DEFI AUTO LLC,Information,KING OF PRUSSIA,PA,Amended,2.0,0.0,2.0,1.0
2020,DEIBEL LABORATORIES INC,"Professional, Scientific, and Technical Services",MADISON,WI,New Employment,0.0,1.0,1.0,0.0
2020,DELOITTE FIN ADVISORY SVCS LLP,"Professional, Scientific, and Technical Services",BOSTON,MA,Change with Same Employer,1.0,0.0,1.0,1.0
2020,DELOITTE TRANSACTIONS & BUS ANALYT,"Professional, Scientific, and Technical Services",PHILADELPHIA,PA,Amended,16.0,10.0,26.0,0.6153846153846154
2020,DESKNET INC,"Professional, Scientific, and Technical Services",JERSEY CITY,NJ,Continuation,1.0,0.0,1.0,1.0
2020,DIGITAL TECHNOLOGY SOLUTIONS LLC,"Professional, Scientific, and Technical Services",FARMINGTON,MI,Continuation,2.0,0.0,2.0,1.0
2020,DIGNITY HEALTH,Health Care and Social Assistance,BAKERSFIELD,CA,Continuation,1.0,0.0,1.0,1.0
2020,DOLI SYSTEMS INC,"Professional, Scientific, and Technical Services",JERSEY CITY,NJ,Continuation,5.0,0.0,5.0,1.0
2020,DRESSER-RAND COMPANY,Other Services (except Public Administration),ORLANDO,FL,Change with Same Employer,1.0,0.0,1.0,1.0
2020,DYNACHEM RESEARCH CENTER LLC,"Professional, Scientific, and Technical Services",FRISCO,TX,Continuation,2.0,0.0,2.0,1.0
2020,DYNAMIC TECHNOLOGY INC,"Professional, Scientific, and Technical Services",PLANO,TX,New Employment,4.0,0.0,4.0,1.0
2020,E FLUSHING PHYSICAL THERAPY PC DBA,Health Care and Social Assistance,NEW YORK,NY,Continuation,1.0,0.0,1.0,1.0
2020,E I DU PONT DE NEMOURS AND COMPANY,33 - Manufacturing,WILMINGTON,DE,Change with Same Employer,3.0,0.0,3.0,1.0
2020,E PRO TECHNOLOGIES LLC,"Professional, Scientific, and Technical Services",ISELIN,NJ,New Concurrent,1.0,0.0,1.0,1.0
2020,EAGLE CONSTRUCTION OF VA LLC,Construction,GLEN ALLEN,VA,New Employment,1.0,0.0,1.0,1.0
2020,EAST COAST NURSERIES INC,"Agriculture, Forestry, Fishing and Hunting",RIVERHEAD,NY,Continuation,1.0,0.0,1.0,1.0
2020,EASTMAN KODAK COMPANY,33 - Manufacturing,ROCHESTER,NY,Continuation,0.0,1.0,1.0,0.0
2020,ECOM USA LLC,Wholesale Trade,DALLAS,TX,New Employment,1.0,0.0,1.0,1.0
2020,ED TECH SOFT INC,"Professional, Scientific, and Technical Services",DULUTH,GA,New Employment,0.0,1.0,1.0,0.0
2020,EDUCATIONAL TESTING SERVICE,"Professional, Scientific, and Technical Services",PRINCETON,NJ,Continuation,3.0,0.0,3.0,1.0
2020,EFCO PRODUCTS INC,33 - Manufacturing,POUGHKEEPSIE,NY,Continuation,1.0,0.0,1.0,1.0
2020,EFORCE TECHNOLOGIES INC,"Professional, Scientific, and Technical Services",IRVINE,CA,Amended,1.0,0.0,1.0,1.0
2020,ELECTRIFAI LLC,"Professional, Scientific, and Technical Services",JERSEY CITY,NJ,Change with Same Employer,1.0,0.0,1.0,1.0
2020,ELEVATE INNOVATION PARTNERS LLC,Finance and Insurance,NEW YORK,NY,New Employment,1.0,0.0,1.0,1.0
2020,ELLINGTON MANAGEMENT GROUP LLC,Finance and Insurance,OLD GREENWICH,CT,Amended,1.0,0.0,1.0,1.0
2020,ELS ARCHITECTURE URBAN DESIGN,"Professional, Scientific, and Technical Services",BERKELEY,CA,New Employment,1.0,0.0,1.0,1.0
2020,EMD MILLIPORE CORPORATION,"Professional, Scientific, and Technical Services",BURLINGTON,MA,Continuation,3.0,0.0,3.0,1.0
2020,EMERGTECH BUSINESS SOLUTIONS INC,"Professional, Scientific, and Technical Services",FARMINGTON HILLS,MI,Amended,1.0,1.0,2.0,0.5
2020,ENDURANCE SERVICES LIMITED,Finance and Insurance,NEW YORK,NY,New Employment,2.0,0.0,2.0,1.0
2020,ENGINEERING MATERIALS TECH INC,"Professional, Scientific, and Technical Services",MANASSAS,VA,Change of Employer,1.0,0.0,1.0,1.0
2020,ENSOCARE INC,Finance and Insurance,OMAHA,NE,Continuation,1.0,0.0,1.0,1.0
2020,EPAY WORLD LLC,Finance and Insurance,NEW YORK,NY,New Employment,1.0,0.0,1.0,1.0
2020,ETEAM SOLUTIONS INC,"Professional, Scientific, and Technical Services",IRVING,TX,New Employment,2.0,1.0,3.0,0.6666666666666666
2020,EVOLENT HEALTH LLC,Health Care and Social Assistance,ARLINGTON,VA,Continuation,6.0,0.0,6.0,1.0
2020,EXIDE TECHNOLOGIES INC,33 - Manufacturing,ALPHARETTA,GA,Change of Employer,1.0,0.0,1.0,1.0
2020,EXO GROUP LLC,"Professional, Scientific, and Technical Services",MAGNOLIA,TX,New Employment,2.0,0.0,2.0,1.0
2020,EZOIC INC,Information,CARLSBAD,CA,New Employment,2.0,0.0,2.0,1.0
2020,FAHRENHEIT IT,"Professional, Scientific, and Technical Services",LITTLETON,CO,New Employment,1.0,0.0,1.0,1.0
2020,FAREPORTAL INC DBA CHEAPOAIR,Administrative and Support and Waste Management and Remediation Services,NEW YORK,NY,Continuation,3.0,0.0,3.0,1.0
2020,FARMERS INSURANCE EXCHANGE,Finance and Insurance,WOODLAND HILLS,CA,Change of Employer,1.0,0.0,1.0,1.0
2020,FDRC LLC DBA NOTHING BUNDT CAKES,33 - Manufacturing,PLEASANTON,CA,New Employment,1.0,0.0,1.0,1.0
2020,FEDEX GROUND PACKAGE SYSTEM INC,49 - Transportation and Warehousing,CORAOPOLIS,PA,New Employment,1.0,0.0,1.0,1.0
2020,FIRST DATA RESOURCES LLC,Finance and Insurance,BROOKFIELD,WI,Amended,1.0,0.0,1.0,1.0
2020,FISK UNIVERSITY,Educational Services,NASHVILLE,TN,Change of Employer,1.0,0.0,1.0,1.0
2020,FLOOR AND DECOR OUTLETS OF AMERICA,Wholesale Trade,ATLANTA,GA,Continuation,1.0,0.0,1.0,1.0
2020,FLORIDA INSTITUTE OF TECHNOLOGY,Educational Services,HIALEAH,FL,New Concurrent,1.0,0.0,1.0,1.0
2020,FLYHIGH GROUP INC,"Professional, Scientific, and Technical Services",SANTA CLARA,CA,New Employment,2.0,1.0,3.0,0.6666666666666666
2020,FLYSOFT INC,"Professional, Scientific, and Technical Services",JAMESBURG,NJ,Amended,2.0,0.0,2.0,1.0
2020,FMC CORPORATION,33 - Manufacturing,PHILADELPHIA,PA,Change with Same Employer,3.0,0.0,3.0,1.0
2020,FORTEMEDIA INC,33 - Manufacturing,SANTA CLARA,CA,New Employment,1.0,0.0,1.0,1.0
2020,FPM TECHNOLOGIES INC,"Professional, Scientific, and Technical Services",SAYREVILLE,NJ,Change of Employer,2.0,0.0,2.0,1.0
2020,FRESH AMERICAN PRODUCE INC,Wholesale Trade,VERNON,CA,Continuation,1.0,0.0,1.0,1.0
2020,FRUGAL SOLUTIONS INC,"Professional, Scientific, and Technical Services",FREMONT,CA,Change of Employer,1.0,0.0,1.0,1.0
2020,FUBO TV INC,Information,NEW YORK,NY,Continuation,2.0,0.0,2.0,1.0
2020,FUNCTIONAL SOFTWARE INC DBA SENTRY,Information,SAN FRANCISCO,CA,Change with Same Employer,1.0,0.0,1.0,1.0
2020,G2 TECHNOLOGIES INC,"Professional, Scientific, and Technical Services",MORRISVILLE,NC,New Employment,1.0,0.0,1.0,1.0
2020,GALAXY MARKETS CORP DBA UMBRELLA T,"Professional, Scientific, and Technical Services",SAN FRANCISCO,CA,New Employment,0.0,1.0,1.0,0.0
2020,GARMIN INTERNATIONAL INC,33 - Manufacturing,OLATHE,KS,Change of Employer,31.0,1.0,32.0,0.96875
2020,GATECHINA INC,Information,FREMONT,CA,New Employment,1.0,0.0,1.0,1.0
2020,GDH CONSULTING INC,Administrative and Support and Waste Management and Remediation Services,TULSA,OK,Continuation,1.0,0.0,1.0,1.0
2020,GENADYNE BIOTECHNOLOGIES INC,33 - Manufacturing,HICKSVILLE,NY,New Employment,1.0,0.0,1.0,1.0
2020,GEORG JENSEN INC,45 - Retail Trade,NEW YORK,NY,New Employment,1.0,0.0,1.0,1.0
2020,GEORGIA PACIFIC CHEMICALS LLC,33 - Manufacturing,ATLANTA,GA,Continuation,1.0,0.0,1.0,1.0
2020,GERIATRIC PRACTICE MANAGEMENT CORP,Information,ASHEVILLE,NC,New Employment,1.0,0.0,1.0,1.0
2020,GHG SYSTEMS INC,"Professional, Scientific, and Technical Services",MILPITAS,CA,Change of Employer,1.0,0.0,1.0,1.0
2020,GIANT EAGLE INC,45 - Retail Trade,PITTSBURGH,PA,Change of Employer,2.0,0.0,2.0,1.0
2020,GLOBAL DATA MANAGEMENT INC,"Professional, Scientific, and Technical Services",WOODBRIDGE,NJ,Change of Employer,4.0,0.0,4.0,1.0
2020,GLOBAL GEOTECHNICAL CONSULTANTS,"Professional, Scientific, and Technical Services",WOODBRIDGE,VA,New Employment,1.0,0.0,1.0,1.0
2020,GLOBAL PHARMATEK LLC,"Professional, Scientific, and Technical Services",EDISON,NJ,Continuation,16.0,0.0,16.0,1.0
2020,GLOBAL TURN KEY SERVICES CORP,"Professional, Scientific, and Technical Services",WESTMINSTER,CO,New Employment,1.0,0.0,1.0,1.0
2020,GLOBAL VILLAGE ACADEMY AURORA,Educational Services,AURORA,CO,Continuation,1.0,0.0,1.0,1.0
2020,GREAT GRACE CARE CORP DBA SUNSHINE,Health Care and Social Assistance,FLUSHING,NY,Continuation,1.0,0.0,1.0,1.0
2020,GREENSVILLE COUNTY PUBLIC SCHOOLS,Educational Services,EMPORIA,VA,Continuation,1.0,0.0,1.0,1.0
2020,GRID DYNAMICS INTL INC,"Professional, Scientific, and Technical Services",SAN RAMON,CA,Amended,1.0,0.0,1.0,1.0
2020,GS INTEGRATED HEALTHCARE SYS LLC,Health Care and Social Assistance,HENDERSON,NV,New Employment,1.0,0.0,1.0,1.0
2020,GUIDEWIRE SOFTWARE INC,Information,SAN MATEO,CA,Continuation,53.0,0.0,53.0,1.0
2020,GUNDERSON DETTMER STOUGH VILLENEUV,"Professional, Scientific, and Technical Services",REDWOOD CITY,CA,Change of Employer,5.0,1.0,6.0,0.8333333333333334
2020,GUNJAN CUTTING EDGE SOLUTIONS INC,"Professional, Scientific, and Technical Services",BLOOMINGTON,IL,Change with Same Employer,0.0,1.0,1.0,0.0
2020,HANDEL ARCHITECTS LLP,"Professional, Scientific, and Technical Services",NEW YORK,NY,Change with Same Employer,1.0,0.0,1.0,1.0
2020,HANDS ON PHYSICAL THERAPY INC,Health Care and Social Assistance,FUQUAY VARINA,NC,Continuation,1.0,0.0,1.0,1.0
2020,HARBAR LLC,33 - Manufacturing,CANTON,MA,Continuation,1.0,0.0,1.0,1.0
2020,HARTREE PARTNERS LP,Finance and Insurance,NEW YORK,NY,Change of Employer,4.0,0.0,4.0,1.0
2020,HENKEL CORPORATION,33 - Manufacturing,ROCKY HILL,CT,Change of Employer,3.0,0.0,3.0,1.0
2020,HIAWATHA COMMUNITY HOSPITAL,Health Care and Social Assistance,HIAWATHA,KS,Continuation,1.0,0.0,1.0,1.0
2020,HILL ROM SERVICES INC,Wholesale Trade,BATESVILLE,IN,Amended,4.0,0.0,4.0,1.0
2020,HLTH PROFESSIONALS OF HOLMES COUNT,Health Care and Social Assistance,MILLERSBURG,OH,Continuation,1.0,0.0,1.0,1.0
2020,HOME DEPOT USA INC,45 - Retail Trade,ATLANTA,GA,Amended,1.0,0.0,1.0,1.0
2020,HOMEAWAY COM INC,"Professional, Scientific, and Technical Services",SEATTLE,WA,Continuation,1.0,0.0,1.0,1.0
2020,HOUGHTON COLLEGE,Educational Services,HOUGHTON,NY,Change of Employer,1.0,0.0,1.0,1.0
2020,HUA GAO CPA LLC,"Professional, Scientific, and Technical Services",METUCHEN,NJ,New Employment,1.0,0.0,1.0,1.0
2020,HUEY Q TRAN DDS INC DBA LIMONITE D,Health Care and Social Assistance,MURRIETA,CA,New Employment,1.0,0.0,1.0,1.0
2020,HUMA AI INC,Information,SAMMAMISH,WA,New Employment,1.0,0.0,1.0,1.0
2020,HUMACAR INC,45 - Retail Trade,CITY OF INDUSTRY,CA,Change with Same Employer,1.0,0.0,1.0,1.0
2020,HYGIENE TECHNOLOGIES INTL INC,"Professional, Scientific, and Technical Services",TORRANCE,CA,Continuation,1.0,0.0,1.0,1.0
2020,I2DATA SYSTEMS INC,"Professional, Scientific, and Technical Services",SANTA CLARA,CA,Continuation,4.0,0.0,4.0,1.0
2020,ICONMA LLC,"Professional, Scientific, and Technical Services",TROY,MI,Amended,5.0,1.0,6.0,0.8333333333333334
2020,IDP INC DBA INTL DOOR PRODUCTS,33 - Manufacturing,SOUTHFIELD,MI,New Employment,1.0,0.0,1.0,1.0
2020,IKCON TECHNOLOGIES INC,"Professional, Scientific, and Technical Services",SOUTH PLAINFIELD,NJ,Continuation,8.0,0.0,8.0,1.0
2020,IKON SYSTEMS LLC,"Professional, Scientific, and Technical Services",FRISCO,TX,Change of Employer,2.0,0.0,2.0,1.0
2020,IMAGEXPERT INC,"Professional, Scientific, and Technical Services",NASHUA,NH,Continuation,1.0,0.0,1.0,1.0
2020,IMC HOSPITALISTS LLC,Health Care and Social Assistance,MOBILE,AL,Continuation,1.0,0.0,1.0,1.0
2020,IMPRIMISRX LLC,33 - Manufacturing,SAN DIEGO,CA,Amended,1.0,0.0,1.0,1.0
2020,INDEPENDENT HOSPITALIST PHYSICIANS,Health Care and Social Assistance,JACKSON,MI,Continuation,2.0,0.0,2.0,1.0
2020,INDEPENDENT PROJECT ANALYSIS INC,"Professional, Scientific, and Technical Services",ASHBURN,VA,New Employment,3.0,0.0,3.0,1.0
2020,INFINITE COMPUTING SYSTEMS INC,"Professional, Scientific, and Technical Services",CEDAR RAPIDS,IA,Change with Same Employer,3.0,0.0,3.0,1.0
2020,INFOGROUP INC,Information,PAPILLION,NE,New Employment,2.0,0.0,2.0,1.0
2020,INFOTECH SPECTRUM INC,"Professional, Scientific, and Technical Services",SANTA CLARA,CA,New Employment,1.0,1.0,2.0,0.5
2020,INNOPPL INC,"Professional, Scientific, and Technical Services",ATLANTA,GA,Change with Same Employer,1.0,0.0,1.0,1.0
2020,INPHENIX INC,33 - Manufacturing,LIVERMORE,CA,Amended,1.0,0.0,1.0,1.0
2020,INSPIRISYS SOLUTIONS N AMERICA INC,"Professional, Scientific, and Technical Services",SANTA CLARA,CA,New Employment,3.0,0.0,3.0,1.0
2020,INTEGRATED MECHANICAL CARE INC,Health Care and Social Assistance,TALLAHASSEE,FL,New Employment,1.0,0.0,1.0,1.0
2020,INTEGRATED STATISTICS INCORPORATED,"Professional, Scientific, and Technical Services",WOODS HOLE,MA,New Employment,1.0,0.0,1.0,1.0
2020,INTELI PLATFORMS INC,"Professional, Scientific, and Technical Services",PRINCETON JUNCTION,NJ,Amended,4.0,3.0,7.0,0.5714285714285714
2020,INTELITY INC,"Professional, Scientific, and Technical Services",LOS ANGELES,CA,Amended,1.0,0.0,1.0,1.0
2020,INTENT DESIGN LTD,"Professional, Scientific, and Technical Services",FARMINGTON,MI,Continuation,1.0,0.0,1.0,1.0
2020,INTERNATIONAL SCHOOL OF LOS ANGELE,Educational Services,BURBANK,CA,Continuation,1.0,0.0,1.0,1.0
2020,INTERNATIONAL SYSTEMS TECHS INC,"Professional, Scientific, and Technical Services",CRANBURY,NJ,Continuation,1.0,0.0,1.0,1.0
2020,INTL INGREDIENT CORP,33 - Manufacturing,FENTON,MO,New Employment,1.0,0.0,1.0,1.0
2020,INTRALOX LLC,33 - Manufacturing,HARAHAN,LA,Change with Same Employer,1.0,0.0,1.0,1.0
2020,INTUIT INC,"Professional, Scientific, and Technical Services",MOUNTAIN VIEW,CA,Change with Same Employer,5.0,0.0,5.0,1.0
2020,IPOINT INC,Information,ANN ARBOR,MI,Continuation,1.0,0.0,1.0,1.0
2020,IT BUSINESS MGMT SOLUTIONS INC,"Professional, Scientific, and Technical Services",EDISON,NJ,Change of Employer,1.0,1.0,2.0,0.5
2020,IT RYSOURCES INC,"Professional, Scientific, and Technical Services",FARMINGTON,MI,Change of Employer,1.0,0.0,1.0,1.0
2020,ITCA ISUZU TECHNICAL CENTER OF AME,33 - Manufacturing,PLYMOUTH,MI,Change of Employer,1.0,0.0,1.0,1.0
2020,ITCAPS LLC,"Professional, Scientific, and Technical Services",MONTVILLE,NJ,New Employment,1.0,0.0,1.0,1.0
2020,ITCONSULTING SERVICES INC,"Professional, Scientific, and Technical Services",FAIRLESS HILLS,PA,Continuation,2.0,0.0,2.0,1.0
2020,ITRON INC,33 - Manufacturing,LIBERTY LAKE,WA,Continuation,8.0,0.0,8.0,1.0
2020,IVY ARCHWAY LLC,Health Care and Social Assistance,IRVINE,CA,Change of Employer,1.0,0.0,1.0,1.0
2020,J B HUNT TRANSPORT INC,49 - Transportation and Warehousing,LOWELL,AR,Amended,14.0,1.0,15.0,0.9333333333333332
2020,J CREW GROUP INC,45 - Retail Trade,NEW YORK,NY,Continuation,6.0,0.0,6.0,1.0
2020,JACKSONVILLE UNIVERSITY,Educational Services,JACKSONVILLE,FL,Continuation,3.0,0.0,3.0,1.0
2020,JENAVALVE TECHNOLOGY INC,"Professional, Scientific, and Technical Services",IRVINE,CA,Change of Employer,1.0,0.0,1.0,1.0
2020,JIA GLOBAL LLC,"Professional, Scientific, and Technical Services",ADA,MI,Change of Employer,3.0,0.0,3.0,1.0
2020,JOHN MORIARTY & ASSO OF FL INC,Construction,HOLLYWOOD,FL,New Employment,1.0,0.0,1.0,1.0
2020,JOURNEY TO WELLNESS COUNSELING,Health Care and Social Assistance,LOS LUNAS,NM,Change of Employer,1.0,0.0,1.0,1.0
2020,KARMAHUB INC,"Professional, Scientific, and Technical Services",REDMOND,WA,New Employment,1.0,0.0,1.0,1.0
2020,KEANE SOFT INC,"Professional, Scientific, and Technical Services",NEWARK,DE,New Employment,2.0,5.0,7.0,0.2857142857142857
2020,KEYPATH EDUCATION LLC,"Professional, Scientific, and Technical Services",SCHAUMBURG,IL,Change with Same Employer,1.0,0.0,1.0,1.0
2020,KF TEA MASSACHUSETTS INC,Wholesale Trade,BOSTON,MA,New Employment,1.0,0.0,1.0,1.0
2020,KIDS DENTAL OF DAYTON JOAN FLORENC,Health Care and Social Assistance,DAYTON,OH,Change of Employer,1.0,0.0,1.0,1.0
2020,KILBURN & STRODE US P C,"Professional, Scientific, and Technical Services",SAN FRANCISCO,CA,Change with Same Employer,1.0,0.0,1.0,1.0
2020,KMK CONSULTING INC,"Professional, Scientific, and Technical Services",MORRISTOWN,NJ,Amended,2.0,0.0,2.0,1.0
2020,KONCENTURE GROUP LLC,"Professional, Scientific, and Technical Services",IRVING,TX,New Employment,0.0,4.0,4.0,0.0
2020,KONICA MINOLTA BUSINESS SOLUTIONS,Wholesale Trade,SAN MATEO,CA,New Employment,1.0,0.0,1.0,1.0
2020,KORLEY ENGINEERING CONSULTANTS LLC,"Professional, Scientific, and Technical Services",NEW YORK,NY,New Employment,1.0,0.0,1.0,1.0
2020,KPG P S,"Professional, Scientific, and Technical Services",SEATTLE,WA,Continuation,1.0,0.0,1.0,1.0
2020,KRISH SERVICES GROUP INC,"Professional, Scientific, and Technical Services",BRECKSVILLE,OH,Change with Same Employer,1.0,0.0,1.0,1.0
2020,KSM CONSULTING LLC,"Professional, Scientific, and Technical Services",INDIANAPOLIS,IN,Change of Employer,5.0,0.0,5.0,1.0
2020,KUS USA INC,Other Services (except Public Administration),FORT LAUDERDALE,FL,New Employment,1.0,0.0,1.0,1.0
2020,L A BILINGUAL SCH INC DBA BELL TOW,Educational Services,ALHAMBRA,CA,Change of Employer,1.0,0.0,1.0,1.0
2020,LAGUARDA LOW ARCHITECTS LLC,"Professional, Scientific, and Technical Services",NEW YORK,NY,New Employment,5.0,0.0,5.0,1.0
2020,LAK SOFTWARE SOLUTIONS INC,"Professional, Scientific, and Technical Services",PRINCETON,NJ,Change of Employer,3.0,0.0,3.0,1.0
2020,LANKENAU HOSPITAL,Health Care and Social Assistance,WYNNEWOOD,PA,Change of Employer,1.0,0.0,1.0,1.0
2020,LARGETON INC,"Professional, Scientific, and Technical Services",HERNDON,VA,Amended,1.0,0.0,1.0,1.0
2020,LAS VEGAS CONSTRUCTION MATERIALS I,45 - Retail Trade,LAS VEGAS,NV,New Employment,1.0,0.0,1.0,1.0
2020,LATENTVIEW ANALYTICS CORPORATION,"Professional, Scientific, and Technical Services",PRINCETON,NJ,Amended,17.0,2.0,19.0,0.8947368421052632
2020,LAW OFFICES OF RAMIN YOUNESSI A P,"Professional, Scientific, and Technical Services",LOS ANGELES,CA,Continuation,1.0,0.0,1.0,1.0
2020,LEARNINGMATE SOLUTIONS INC,"Professional, Scientific, and Technical Services",NEW YORK,NY,Amended,2.0,0.0,2.0,1.0
2020,LEPRO IT LLC,"Professional, Scientific, and Technical Services",HERNDON,VA,Change of Employer,2.0,0.0,2.0,1.0
2020,LEVEL 3 COMMUNICATIONS LLC,Information,DENVER,CO,New Employment,0.0,1.0,1.0,0.0
2020,LEVIO CONSULTING INC,"Professional, Scientific, and Technical Services",CHICAGO,IL,New Employment,3.0,0.0,3.0,1.0
2020,LIN ENGINEERING LTD,"Professional, Scientific, and Technical Services",SPRINGFIELD,IL,New Employment,1.0,0.0,1.0,1.0
2020,LINEAGE LOGISTICS LLC,49 - Transportation and Warehousing,NOVI,MI,New Employment,2.0,0.0,2.0,1.0
2020,LINKEDIN CORPORATION,Information,RICHARDSON,TX,New Employment,1.0,0.0,1.0,1.0
2020,LOADSMART,"Professional, Scientific, and Technical Services",NEW YORK,NY,Continuation,1.0,0.0,1.0,1.0
2020,LOYOLA UNIVERSITY NEW ORLEANS,Educational Services,NEW ORLEANS,LA,Continuation,1.0,0.0,1.0,1.0
2020,MA PARTNERS LLC,Real Estate and Rental and Leasing,DALLAS,TX,Change of Employer,1.0,0.0,1.0,1.0
2020,MAGELLAN HEALTH SERVICES INC,Finance and Insurance,AVON,CT,Change of Employer,3.0,0.0,3.0,1.0
2020,MAGNA POWERTRAIN OF AMERICA INC,33 - Manufacturing,TROY,MI,Change of Employer,4.0,0.0,4.0,1.0
2020,MARKETING CARD TECHNOLOGY LLC,"Professional, Scientific, and Technical Services",DARIEN,IL,Change with Same Employer,1.0,0.0,1.0,1.0
2020,MARQETA INC,Finance and Insurance,OAKLAND,CA,Continuation,2.0,0.0,2.0,1.0
2020,MATERIALS RESOURCES LLC,"Professional, Scientific, and Technical Services",BEAVERCREEK,OH,New Employment,2.0,0.0,2.0,1.0
2020,MATRIX STRUCTURAL ENGINEERS INC,"Professional, Scientific, and Technical Services",HOUSTON,TX,New Employment,1.0,0.0,1.0,1.0
2020,MCACONNECT,"Professional, Scientific, and Technical Services",DENVER,CO,Continuation,3.0,0.0,3.0,1.0
2020,MEDCO HEALTH SERVICES INC,Finance and Insurance,SAINT LOUIS,MO,Change of Employer,2.0,0.0,2.0,1.0
2020,MEDICAL MARKETING ECONOMICS LLC,"Professional, Scientific, and Technical Services",OXFORD,MS,Continuation,3.0,0.0,3.0,1.0
2020,MEDICAL MGMT INTL INC DBA BANFIELD,"Professional, Scientific, and Technical Services",VANCOUVER,WA,Change of Employer,2.0,0.0,2.0,1.0
2020,MERASTAR INSURANCE COMPANY,Finance and Insurance,CHICAGO,IL,Change of Employer,3.0,0.0,3.0,1.0
2020,MERITIOUS SERVICES INC,"Professional, Scientific, and Technical Services",PLANO,TX,Amended,1.0,0.0,1.0,1.0
2020,METRIX IT SOLUTIONS INC,"Professional, Scientific, and Technical Services",ROCK HILL,SC,New Employment,25.0,0.0,25.0,1.0
2020,MEXUS SOLUTIONS INC,"Professional, Scientific, and Technical Services",DIAMOND BAR,CA,Change of Employer,1.0,0.0,1.0,1.0
2020,MODERN DENTAL PROFESSIONALS DALLAS,Health Care and Social Assistance,IRVINE,CA,Change of Employer,1.0,0.0,1.0,1.0
2020,MOMENT INST INC,"Professional, Scientific, and Technical Services",PETALUMA,CA,New Employment,1.0,0.0,1.0,1.0
2020,MONTEFIORE MOUNT VERNON HOSPITAL,Health Care and Social Assistance,MOUNT VERNON,NY,Continuation,1.0,0.0,1.0,1.0
2020,MOTIFWORKS INC,"Professional, Scientific, and Technical Services",TOWSON,MD,Continuation,2.0,0.0,2.0,1.0
2020,MOTOROLA MOBILITY LLC,33 - Manufacturing,CHICAGO,IL,Continuation,15.0,2.0,17.0,0.8823529411764706
2020,MOTOROLA MOBILITY LLC,33 - Manufacturing,CHICAGO,IL,New Employment,12.0,1.0,13.0,0.9230769230769232
2020,MOVILITAS CONSULTING LLC,"Professional, Scientific, and Technical Services",COLUMBIA,MD,Continuation,2.0,0.0,2.0,1.0
2020,"MSLGROUP AMERICAS, LLC","Professional, Scientific, and Technical Services",NEW YORK,NY,New Employment,1.0,0.0,1.0,1.0
2020,MSYS INC,"Professional, Scientific, and Technical Services",WASHINGTON,DC,Change of Employer,4.0,0.0,4.0,1.0
2020,MUREX NORTH AMERICA INC,"Professional, Scientific, and Technical Services",NEW YORK,NY,Change of Employer,2.0,0.0,2.0,1.0
2020,MUSKINGUM UNIVERSITY,Educational Services,NEW CONCORD,OH,New Employment,1.0,1.0,2.0,0.5
2020,NANOCUBE TECHNOLOGIES LLC,"Professional, Scientific, and Technical Services",FRANKFORT,KY,Change of Employer,1.0,0.0,1.0,1.0
2020,NAVISTAR INC,33 - Manufacturing,AURORA,IL,Change with Same Employer,1.0,0.0,1.0,1.0
2020,NBBJ LP,"Professional, Scientific, and Technical Services",SEATTLE,WA,Amended,1.0,0.0,1.0,1.0
2020,NESHER PHARMACEUTICALS USA LLC,33 - Manufacturing,BRIDGETON,MO,New Employment,1.0,0.0,1.0,1.0
2020,NEXIEN INC,"Professional, Scientific, and Technical Services",RIDGEFIELD PARK,NJ,Change of Employer,2.0,1.0,3.0,0.6666666666666666
2020,NEXT SPHERE TECHNOLOGIES INC,"Professional, Scientific, and Technical Services",CLEARWATER,FL,New Employment,3.0,0.0,3.0,1.0
2020,NIMBL WORLDWIDE INC,"Professional, Scientific, and Technical Services",DENVER,CO,Change of Employer,2.0,1.0,3.0,0.6666666666666666
2020,NIVID INFOTECH INC,"Professional, Scientific, and Technical Services",STERLING,VA,Change of Employer,1.0,0.0,1.0,1.0
2020,NORGREN KLOEHN INC,33 - Manufacturing,LAS VEGAS,NV,Change of Employer,1.0,0.0,1.0,1.0
2020,NORTHWEST IA HOSP CORP DBA UNITYPO,Health Care and Social Assistance,SIOUX CITY,IA,New Employment,4.0,0.0,4.0,1.0
2020,NOVA HEALTH THERAPIES INC,Health Care and Social Assistance,SAN JOSE,CA,Continuation,1.0,0.0,1.0,1.0
2020,NOVARTIS INSTITUTES FOR BIOMEDICAL,"Professional, Scientific, and Technical Services",EAST HANOVER,NJ,Change of Employer,16.0,0.0,16.0,1.0
2020,NOVUS PARTNERS INC,Finance and Insurance,NEW YORK,NY,Continuation,1.0,0.0,1.0,1.0
2020,NSF INTERNATIONAL,"Professional, Scientific, and Technical Services",ANN ARBOR,MI,Change with Same Employer,1.0,0.0,1.0,1.0
2020,NSIGHT INC,"Professional, Scientific, and Technical Services",SANTA CLARA,CA,Continuation,2.0,0.0,2.0,1.0
2020,NUVEEN SERVICES LLC,Finance and Insurance,PROVIDENCE,RI,New Employment,1.0,0.0,1.0,1.0
2020,NYU GROSSMAN SCHOOL OF MEDICINE,Educational Services,NEW YORK,NY,New Employment,85.0,0.0,85.0,1.0
2020,NYX LLC,33 - Manufacturing,LIVONIA,MI,New Employment,1.0,0.0,1.0,1.0
2020,OB3 NETWORKS USA LLC,"Professional, Scientific, and Technical Services",WASHINGTON,DC,Continuation,1.0,0.0,1.0,1.0
2020,OCEANX LLC,"Professional, Scientific, and Technical Services",EL SEGUNDO,CA,Change of Employer,2.0,0.0,2.0,1.0
2020,ONENECK IT SOLUTIONS LLC,Information,MIDDLETON,WI,Continuation,2.0,0.0,2.0,1.0
2020,ONEWORLD APPAREL LLC,"Professional, Scientific, and Technical Services",CITY OF INDUSTRY,CA,Continuation,1.0,0.0,1.0,1.0
2020,OREGON LUNG SPECIALISTS LLC,Health Care and Social Assistance,SPRINGFIELD,OR,New Employment,1.0,0.0,1.0,1.0
2020,P C GROUP I INC,33 - Manufacturing,FARMINGTON HILLS,MI,New Employment,1.0,0.0,1.0,1.0
2020,PANAGORA ASSET MANAGEMENT INC,Finance and Insurance,BOSTON,MA,New Employment,2.0,0.0,2.0,1.0
2020,PARADISE ADULT DAY HEALTHCARE LLC,Health Care and Social Assistance,SOMERSET,NJ,Change of Employer,1.0,0.0,1.0,1.0
2020,PARAMOUNT GLOBAL SOLUTIONS INC,"Professional, Scientific, and Technical Services",COPPELL,TX,Change with Same Employer,2.0,0.0,2.0,1.0
2020,PARKIA INC,Construction,SANTA FE SPRINGS,CA,Continuation,1.0,1.0,2.0,0.5
2020,PARSONS TRANSPORTATION GROUP INC,"Professional, Scientific, and Technical Services",PASADENA,CA,New Employment,15.0,0.0,15.0,1.0
2020,PATHOGEN SYSTEMS INC DBA CRYSTAL D,"Professional, Scientific, and Technical Services",ROOTSTOWN,OH,Change with Same Employer,1.0,0.0,1.0,1.0
2020,PAYMENTUS GROUP INC,Finance and Insurance,CHARLOTTE,NC,New Employment,1.0,0.0,1.0,1.0
2020,PEARL CONSULTING SERVICES INC,"Professional, Scientific, and Technical Services",CHANTILLY,VA,New Employment,2.0,0.0,2.0,1.0
2020,PEDIATRIC SPEECH AND LANGUAGE SVCS,Health Care and Social Assistance,GREENSBORO,NC,New Employment,1.0,0.0,1.0,1.0
2020,PFU AMERICA INC,"Professional, Scientific, and Technical Services",SUNNYVALE,CA,Change of Employer,1.0,0.0,1.0,1.0
2020,PI SOFTWARE SOLUTIONS INC,"Professional, Scientific, and Technical Services",CUMMING,GA,Amended,1.0,0.0,1.0,1.0
2020,PLASMA BUSINESS INTELLIGENCE INC,"Professional, Scientific, and Technical Services",DALLAS,TX,New Employment,3.0,0.0,3.0,1.0
2020,POWER HOME REMODELING GROUP LLC,Construction,CHESTER,PA,Amended,1.0,0.0,1.0,1.0
2020,PRAGMAEDGE INC,"Professional, Scientific, and Technical Services",BUFFALO GROVE,IL,New Employment,3.0,0.0,3.0,1.0
2020,PRAXISIFM USA INC,"Professional, Scientific, and Technical Services",NEW YORK,NY,Change of Employer,1.0,0.0,1.0,1.0
2020,PREFERRED HOSPITAL LEASING HEMPHIL,Health Care and Social Assistance,SHAWNEE,OK,New Employment,1.0,0.0,1.0,1.0
2020,PRESBYTERIAN HEALTHCARE SERVICES,Finance and Insurance,ALBUQUERQUE,NM,Continuation,22.0,0.0,22.0,1.0
2020,PRIMORIS SYSTEMS LLC,"Professional, Scientific, and Technical Services",SUGAR LAND,TX,New Employment,8.0,1.0,9.0,0.8888888888888888
2020,PRINCESS CRUISE LINES LTD DBA PRIN,49 - Transportation and Warehousing,SANTA CLARITA,CA,Amended,1.0,0.0,1.0,1.0
2020,PROCONEX INC,Wholesale Trade,ROYERSFORD,PA,Continuation,1.0,0.0,1.0,1.0
2020,PROCOPIO CORY HARGREAVES & SAVITCH,Public Administration,SAN DIEGO,CA,Amended,1.0,0.0,1.0,1.0
2020,PROSSER PUBLIC HOSPITAL DISTRICT O,Health Care and Social Assistance,PROSSER,WA,New Employment,1.0,0.0,1.0,1.0
2020,PSI PHARMA SUPPORT AMERICA INC,45 - Retail Trade,KING OF PRUSSIA,PA,Continuation,1.0,0.0,1.0,1.0
2020,PUBLISHERS CLEARING HOUSE LLC,"Professional, Scientific, and Technical Services",JERICHO,NY,Change with Same Employer,1.0,0.0,1.0,1.0
2020,PVR TECHNOLOGIES INC,"Professional, Scientific, and Technical Services",KING OF PRUSSIA,PA,Continuation,1.0,0.0,1.0,1.0
2020,QRAL GROUP LLC,"Professional, Scientific, and Technical Services",GREAT NECK,NY,Continuation,3.0,0.0,3.0,1.0
2020,QUEENS LAND BUILDER INC,Construction,SAN MATEO,CA,New Employment,1.0,1.0,2.0,0.5
2020,QUEST IT SOLUTIONS INC,"Professional, Scientific, and Technical Services",SUGAR LAND,TX,New Employment,14.0,2.0,16.0,0.875
2020,RB MANUFACTURING LLC,Wholesale Trade,PARSIPPANY,NJ,Continuation,1.0,0.0,1.0,1.0
2020,RED BALLOON SECURITY INC,"Professional, Scientific, and Technical Services",NEW YORK,NY,Change with Same Employer,1.0,0.0,1.0,1.0
2020,RESEARCH AFFILIATES LLC,Finance and Insurance,NEWPORT BEACH,CA,Change with Same Employer,1.0,0.0,1.0,1.0
2020,RESOURCE INFORMATICS GROUP INC,"Professional, Scientific, and Technical Services",IRVING,TX,Change with Same Employer,1.0,0.0,1.0,1.0
2020,REYNOLDS CONSUMER PRODUCTS LLC,33 - Manufacturing,LAKE FOREST,IL,Change with Same Employer,1.0,0.0,1.0,1.0
2020,RLI INSURANCE COMPANY,Finance and Insurance,PEORIA,IL,New Employment,1.0,0.0,1.0,1.0
2020,RS INFOCON INC,"Professional, Scientific, and Technical Services",OAK CREEK,WI,New Employment,6.0,0.0,6.0,1.0
2020,S M GROUP INC DBA FLEXTRON CIRCUIT,33 - Manufacturing,WOOD DALE,IL,Continuation,1.0,0.0,1.0,1.0
2020,S R G CORPORATION,Real Estate and Rental and Leasing,CORAL GABLES,FL,New Employment,0.0,1.0,1.0,0.0
2020,SAFRAN CABIN INC,33 - Manufacturing,HUNTINGTON BEACH,CA,Continuation,3.0,0.0,3.0,1.0
2020,SAINT DEMETRIOS GREEK AMERICAN,Educational Services,ASTORIA,NY,Continuation,1.0,0.0,1.0,1.0
2020,SAINT LEO UNIV INCORPORATED,Educational Services,SAINT LEO,FL,Amended,2.0,0.0,2.0,1.0
2020,SALLY BEAUTY SUPPLY LLC,45 - Retail Trade,DENTON,TX,Amended,1.0,0.0,1.0,1.0
2020,SAP AMERICA INC,"Professional, Scientific, and Technical Services",NEWTOWN SQ,PA,New Employment,75.0,0.0,75.0,1.0
2020,SBP CONSULTING INC,"Professional, Scientific, and Technical Services",MOLINE,IL,Change with Same Employer,7.0,0.0,7.0,1.0
2020,SCAN GROUP,Finance and Insurance,LONG BEACH,CA,Change of Employer,1.0,1.0,2.0,0.5
2020,SCIENTIFIC CERTIFICATION SYSTEMS I,"Professional, Scientific, and Technical Services",EMERYVILLE,CA,Amended,1.0,0.0,1.0,1.0
2020,SCOPUS IT INC,"Professional, Scientific, and Technical Services",NEW YORK,NY,New Employment,6.0,0.0,6.0,1.0
2020,SECOND GENOME INC,33 - Manufacturing,BRISBANE,CA,New Employment,1.0,0.0,1.0,1.0
2020,SENCOM INC,"Professional, Scientific, and Technical Services",NORTHVILLE,MI,Continuation,2.0,0.0,2.0,1.0
2020,SEVATEC INC,"Professional, Scientific, and Technical Services",FAIRFAX,VA,Change of Employer,12.0,0.0,12.0,1.0
2020,SHAMROCK FOODS COMPANY,Wholesale Trade,PHOENIX,AZ,Change of Employer,1.0,0.0,1.0,1.0
2020,SHELL EXPLORATION AND PRODUCTION C,"Mining, Quarrying, and Oil and Gas Extraction",HOUSTON,TX,Amended,1.0,0.0,1.0,1.0
2020,SHENANDOAH UNIVERSITY,"Professional, Scientific, and Technical Services",WINCHESTER,VA,New Employment,0.0,1.0,1.0,0.0
2020,SIDDHIVINAYAK INC DBA BERGEN PHARM,45 - Retail Trade,NEWARK,NJ,Change of Employer,1.0,0.0,1.0,1.0
2020,SILICON MOTION INC,33 - Manufacturing,MILPITAS,CA,Amended,1.0,0.0,1.0,1.0
2020,SIMWON AMERICA CORPORATION,33 - Manufacturing,LATHROP,CA,Change of Employer,1.0,0.0,1.0,1.0
2020,SIMX INC,"Professional, Scientific, and Technical Services",MOUNTAIN VIEW,CA,New Employment,1.0,0.0,1.0,1.0
2020,SIRA CONSULTING INC,"Professional, Scientific, and Technical Services",HOUSTON,TX,Change of Employer,3.0,1.0,4.0,0.75
2020,SIRI GRANITE INC,33 - Manufacturing,HOUSTON,TX,New Employment,1.0,0.0,1.0,1.0
2020,SIRI INFOSOLUTIONS INC,"Professional, Scientific, and Technical Services",EDISON,NJ,Change with Same Employer,14.0,1.0,15.0,0.9333333333333332
2020,SIYAN CLINICAL RESEARCH,"Professional, Scientific, and Technical Services",SANTA ROSA,CA,Change with Same Employer,1.0,0.0,1.0,1.0
2020,SKY SYSTEMS INC,"Professional, Scientific, and Technical Services",RALEIGH,NC,New Employment,2.0,0.0,2.0,1.0
2020,SLACK TECHNOLOGIES INC,"Professional, Scientific, and Technical Services",SAN FRANCISCO,CA,Change of Employer,29.0,1.0,30.0,0.9666666666666668
2020,SMARTSHEET INC,Information,BELLEVUE,WA,Change with Same Employer,1.0,0.0,1.0,1.0
2020,SOCIAL FINANCE INC,Finance and Insurance,HELENA,MT,Change of Employer,12.0,0.0,12.0,1.0
2020,SOCIAL SCIENCE RESEARCH COUNCIL,"Professional, Scientific, and Technical Services",BROOKLYN,NY,New Employment,1.0,0.0,1.0,1.0
2020,SOFTWARE GLOBAL LTD,"Professional, Scientific, and Technical Services",AUSTIN,TX,New Employment,3.0,4.0,7.0,0.4285714285714285
2020,SOLARI CORP,Other Services (except Public Administration),LONG ISLAND CITY,NY,New Employment,1.0,0.0,1.0,1.0
2020,SOMNIO GLOBAL LLC,"Professional, Scientific, and Technical Services",NOVI,MI,New Employment,2.0,0.0,2.0,1.0
2020,SONANCE,Wholesale Trade,SAN CLEMENTE,CA,Continuation,1.0,0.0,1.0,1.0
2020,SOPHIA M C YANG & CO CPA,"Professional, Scientific, and Technical Services",IRVINE,CA,Continuation,1.0,0.0,1.0,1.0
2020,SOUND INPATIENT PHYSICIANS MI PLLC,Health Care and Social Assistance,TACOMA,WA,New Concurrent,2.0,0.0,2.0,1.0
2020,SOUTH COAST IMPROVEMENT COMPANY,Construction,MARION,MA,Continuation,1.0,0.0,1.0,1.0
2020,SOUTHERN CA PERMANENTE MEDICAL GRO,Health Care and Social Assistance,PASADENA,CA,Change of Employer,1.0,0.0,1.0,1.0
2020,SOUTHWEST KIDNEY INSTITUTE PLC,Health Care and Social Assistance,PHOENIX,AZ,Change with Same Employer,1.0,0.0,1.0,1.0
2020,SP6 CONSULTING LLC DBA ADITUM,Information,CLEARWATER,FL,Continuation,1.0,0.0,1.0,1.0
2020,SPARTECH INTERMEDIATE HOLDINGS LLC,33 - Manufacturing,SAINT LOUIS,MO,Change with Same Employer,1.0,0.0,1.0,1.0
2020,SPECTRUM HEALTH PRIMARY CARE PARTN,Educational Services,GRAND RAPIDS,MI,New Employment,1.0,0.0,1.0,1.0
2020,ST LOUIS LANGUAGE IMMERSION SCHOOL,Educational Services,SAINT LOUIS,MO,Continuation,1.0,0.0,1.0,1.0
2020,STAIRWELL INC,Information,PALO ALTO,CA,Change of Employer,1.0,0.0,1.0,1.0
2020,STARKEY LABORATORIES INC DBA STARK,33 - Manufacturing,EDEN PRAIRIE,MN,Continuation,2.0,0.0,2.0,1.0
2020,STASH FINANCIAL INC DBA STASH,Finance and Insurance,NEW YORK,NY,Continuation,1.0,0.0,1.0,1.0
2020,STATE UNIV OF NY AT STONY BROOK,Educational Services,BINGHAMTON,NY,New Employment,13.0,0.0,13.0,1.0
2020,STEMCELL TECHNOLOGIES INC,45 - Retail Trade,KENT,WA,New Employment,2.0,0.0,2.0,1.0
2020,STREAMLIT INC,Information,SAN FRANCISCO,CA,Change of Employer,2.0,0.0,2.0,1.0
2020,STUPP BROS INC DBA STUPP CORPORATI,33 - Manufacturing,BATON ROUGE,LA,New Employment,1.0,0.0,1.0,1.0
2020,STV INCORPORATED,"Professional, Scientific, and Technical Services",DOUGLASSVILLE,PA,Continuation,3.0,0.0,3.0,1.0
2020,SUCCESS INTERNATIONAL CORPORATION,"Professional, Scientific, and Technical Services",SAIPAN,MP,New Employment,0.0,1.0,1.0,0.0
2020,SUFFOLK COUNTY COMMUNITY COLLEGE,Educational Services,SELDEN,NY,Continuation,1.0,0.0,1.0,1.0
2020,SUMITOMO MITSUI CONSTRUCTION CO LT,Construction,TAMUNING,GU,Continuation,2.0,0.0,2.0,1.0
2020,SUMMIT DESIGN & BUILD LLC,Construction,CHICAGO,IL,New Employment,1.0,0.0,1.0,1.0
2020,SVK TECHNOLOGY SOLUTIONS INC,"Professional, Scientific, and Technical Services",SOUTH PLAINFIELD,NJ,Continuation,1.0,0.0,1.0,1.0
2020,SWEETGREEN INC,Accommodation and Food Services,LOS ANGELES,CA,Change of Employer,1.0,0.0,1.0,1.0
2020,SWISS RE MANAGEMENT US CORPORATION,Finance and Insurance,ARMONK,NY,Change of Employer,2.0,0.0,2.0,1.0
2020,SYBRON DENTAL SPECIALITIES INC,33 - Manufacturing,ORANGE,CA,Change of Employer,0.0,1.0,1.0,0.0
2020,SYMBOTIC LLC,33 - Manufacturing,WILMINGTON,MA,New Employment,5.0,0.0,5.0,1.0
2020,SYMMETRIZE LLC,"Professional, Scientific, and Technical Services",MELBOURNE,FL,New Employment,3.0,1.0,4.0,0.75
2020,SYMPHONYRM INC,Information,PALO ALTO,CA,Amended,1.0,0.0,1.0,1.0
2020,SYSFORE TECHNOLOGIES INC,"Professional, Scientific, and Technical Services",MONTGOMERY,AL,Amended,2.0,0.0,2.0,1.0
2020,SYSTEMS ENGRG TECHS SYTECH CORP,"Professional, Scientific, and Technical Services",ALEXANDRIA,VA,New Employment,1.0,0.0,1.0,1.0
2020,SYTRONS INC,33 - Manufacturing,SANTA CLARA,CA,New Employment,0.0,1.0,1.0,0.0
2020,T & L GRANITE COUNTERTOP WAREHOUSE,33 - Manufacturing,EL MONTE,CA,Change of Employer,1.0,0.0,1.0,1.0
2020,TAYLOR FARMS TEXAS INC,33 - Manufacturing,DALLAS,TX,Change of Employer,1.0,0.0,1.0,1.0
2020,TDS OPERATING INC,"Professional, Scientific, and Technical Services",OCOEE,FL,New Employment,1.0,0.0,1.0,1.0
2020,TECH IT SOLUTIONS INC,"Professional, Scientific, and Technical Services",HOUSTON,TX,Amended,11.0,0.0,11.0,1.0
2020,TECHNO-COMP INC,"Professional, Scientific, and Technical Services",SOMERSET,NJ,Amended,3.0,2.0,5.0,0.6
2020,TEKLINK INTERNATIONAL INC,Health Care and Social Assistance,WARRENVILLE,IL,Change with Same Employer,2.0,1.0,3.0,0.6666666666666666
2020,TEKMODO HOLDINGS LLC,33 - Manufacturing,ELKHART,IN,New Employment,1.0,0.0,1.0,1.0
2020,TEKNAUX LLC,"Professional, Scientific, and Technical Services",ALPHARETTA,GA,Amended,5.0,0.0,5.0,1.0
2020,TENARIS BAY CITY INC,33 - Manufacturing,HOUSTON,TX,Amended,1.0,0.0,1.0,1.0
2020,TENDYNE HOLDINGS INC,33 - Manufacturing,NORTH CHICAGO,IL,Continuation,1.0,0.0,1.0,1.0
2020,TENTEK INC,"Professional, Scientific, and Technical Services",GLENDALE,CA,New Employment,2.0,0.0,2.0,1.0
2020,TERARECON INC,33 - Manufacturing,FREMONT,CA,New Employment,1.0,0.0,1.0,1.0
2020,TETRASCIENCE INC,Information,BOSTON,MA,New Employment,1.0,0.0,1.0,1.0
2020,TEXOMACARE SPECIALTY PHYSICIANS,Health Care and Social Assistance,DENISON,TX,Change of Employer,1.0,0.0,1.0,1.0
2020,TGS NOPEC GEOPHYSICAL COMPANY,"Professional, Scientific, and Technical Services",HOUSTON,TX,New Employment,1.0,0.0,1.0,1.0
2020,THADDEUS STEVENS COLLEGE OF TECH,Educational Services,LANCASTER,PA,New Employment,1.0,0.0,1.0,1.0
2020,THE FISHIN COMPANY,Wholesale Trade,HOMESTEAD,PA,Continuation,0.0,1.0,1.0,0.0
2020,THE IMPACT SOCIETY,Other Services (except Public Administration),NEW YORK,NY,Continuation,1.0,0.0,1.0,1.0
2020,THE MARTMANAGER LLC,Real Estate and Rental and Leasing,CHICAGO,IL,Continuation,1.0,0.0,1.0,1.0
2020,THE METHODIST HOSP RESEARCH INST,Health Care and Social Assistance,HOUSTON,TX,Continuation,1.0,0.0,1.0,1.0
2020,THE NATURE CONSERVANCY,Other Services (except Public Administration),ARLINGTON,VA,Change of Employer,3.0,0.0,3.0,1.0
2020,THE PNC FINANCIAL SERVICES GR INC,Finance and Insurance,PITTSBURGH,PA,New Employment,5.0,0.0,5.0,1.0
2020,THE TRI-COM CONSULTING GROUP LLC,"Professional, Scientific, and Technical Services",MIDDLETOWN,CT,Change of Employer,1.0,0.0,1.0,1.0
2020,THERAPY MANAGEMENT INC,Health Care and Social Assistance,PLYMOUTH,MI,New Concurrent,1.0,0.0,1.0,1.0
2020,THINKSOFT TECHNOLOGIES LLC,"Professional, Scientific, and Technical Services",TAMPA,FL,Change of Employer,1.0,0.0,1.0,1.0
2020,THIRD EYE HEALTH INC,Health Care and Social Assistance,CHICAGO,IL,New Employment,2.0,0.0,2.0,1.0
2020,THOUGHT BYTE INC,"Professional, Scientific, and Technical Services",NUTLEY,NJ,New Employment,12.0,2.0,14.0,0.8571428571428571
2020,TIC TOC STUDIOS LLC,Information,BURBANK,CA,Continuation,1.0,0.0,1.0,1.0
2020,TIN ROOF SOFTWARE LLC,"Professional, Scientific, and Technical Services",ATLANTA,GA,New Employment,3.0,0.0,3.0,1.0
2020,TOKYO ELECTRON AMERICA INC,33 - Manufacturing,AUSTIN,TX,New Employment,1.0,0.0,1.0,1.0
2020,TRAVELNET SOLUTIONS INC,"Professional, Scientific, and Technical Services",COTTAGE GROVE,MN,Change of Employer,1.0,0.0,1.0,1.0
2020,TRIAMP GROUP INC D/B/A AGILITY AVL,"Professional, Scientific, and Technical Services",TACOMA,WA,Continuation,1.0,0.0,1.0,1.0
2020,TURO INC,Real Estate and Rental and Leasing,SAN FRANCISCO,CA,Continuation,2.0,0.0,2.0,1.0
2020,UCL INCORPORATED,"Professional, Scientific, and Technical Services",CITY OF INDUSTRY,CA,Continuation,1.0,0.0,1.0,1.0
2020,UNIFIED DEVELOPMENT INC,"Professional, Scientific, and Technical Services",CHESTERFIELD,MO,Continuation,1.0,0.0,1.0,1.0
2020,UNIFIED TECH USA LLC DBA UNIFIED T,"Professional, Scientific, and Technical Services",MIAMI,FL,New Employment,1.0,0.0,1.0,1.0
2020,UNITED HEALTH SVCS HOSPITALS INC,Health Care and Social Assistance,BINGHAMTON,NY,Amended,1.0,0.0,1.0,1.0
2020,UNIV OF CENTRAL MISSOURI,Educational Services,WARRENSBURG,MO,Continuation,2.0,0.0,2.0,1.0
2020,UNIV OF PIKEVILLE,Educational Services,PIKEVILLE,KY,New Employment,2.0,1.0,3.0,0.6666666666666666
2020,UNIVERSITY OF NEW HAMPSHIRE,Educational Services,DURHAM,NH,New Concurrent,1.0,0.0,1.0,1.0
2020,UNIVISION MANAGEMENT COMPANY,Information,NEW YORK,NY,New Employment,1.0,0.0,1.0,1.0
2020,UPLAND SOFTWARE INC,"Professional, Scientific, and Technical Services",LINCOLN,NE,Amended,3.0,0.0,3.0,1.0
2020,UPMC HEALTH PLAN INC,Finance and Insurance,PITTSBURGH,PA,New Employment,1.0,0.0,1.0,1.0
2020,UT SOUTHWESTERN MEDICAL CENTER,Educational Services,DALLAS,TX,Amended,14.0,0.0,14.0,1.0
2020,VEE PAK LLC DBA VOYANT BEAUTY,33 - Manufacturing,LA GRANGE,IL,Change of Employer,1.0,0.0,1.0,1.0
2020,VERISM SYSTEMS INC,"Professional, Scientific, and Technical Services",CONCORD,CA,Continuation,1.0,0.0,1.0,1.0
2020,VF CORPORATION,33 - Manufacturing,GREENSBORO,NC,New Employment,1.0,0.0,1.0,1.0
2020,VIRTUSENSE TECHNOLOGIES INC,"Professional, Scientific, and Technical Services",PEORIA,IL,New Employment,2.0,0.0,2.0,1.0
2020,VISION BLDG ENERGY EFFICIENCY LLC,"Professional, Scientific, and Technical Services",AUSTIN,TX,New Employment,1.0,0.0,1.0,1.0
2020,VISTRACKS INC,"Professional, Scientific, and Technical Services",LISLE,IL,New Employment,2.0,0.0,2.0,1.0
2020,VIV LABS INC,"Professional, Scientific, and Technical Services",SAN JOSE,CA,New Employment,1.0,0.0,1.0,1.0
2020,VIVARAN IT SOLUTIONS INC,"Professional, Scientific, and Technical Services",FLEMINGTON,NJ,New Employment,1.0,0.0,1.0,1.0
2020,VIVID EDGE CORP,"Professional, Scientific, and Technical Services",RESTON,VA,Continuation,1.0,0.0,1.0,1.0
2020,VOLLEY AUTOMATION INC,Information,NEWARK,CA,Change of Employer,1.0,0.0,1.0,1.0
2020,WACO INDEPENDENT SCHOOL DISTRICT,Educational Services,WACO,TX,Continuation,2.0,0.0,2.0,1.0
2020,WAFERWIRE LLC,"Professional, Scientific, and Technical Services",BELLEVUE,WA,Continuation,1.0,0.0,1.0,1.0
2020,WAKOOL TRANSPORT,49 - Transportation and Warehousing,ROWLAND HEIGHTS,CA,New Employment,1.0,0.0,1.0,1.0
2020,WALTECH INC,"Professional, Scientific, and Technical Services",WESTBOROUGH,MA,New Employment,1.0,0.0,1.0,1.0
2020,WASHINGTON STATE UNIVERSITY,Educational Services,PULLMAN,WA,Continuation,1.0,0.0,1.0,1.0
2020,WATERWAY PHARMACY LLC DBA WATERWAY,45 - Retail Trade,LITTLE RIVER,SC,Continuation,0.0,1.0,1.0,0.0
2020,WAYZTEK INC,"Professional, Scientific, and Technical Services",WILMINGTON,DE,New Employment,0.0,9.0,9.0,0.0
2020,WELLNESS & CARE GROUP OF TEXAS INC,Health Care and Social Assistance,HOUSTON,TX,Continuation,1.0,0.0,1.0,1.0
2020,WELLS PLUMBING & HEATING SUPPLIES,45 - Retail Trade,CHICAGO,IL,Continuation,1.0,0.0,1.0,1.0
2020,WICKED DEVICE LLC,Information,ITHACA,NY,New Employment,0.0,1.0,1.0,0.0
2020,WINCHESTER MED CTR,Health Care and Social Assistance,WINCHESTER,VA,Continuation,1.0,0.0,1.0,1.0
2020,WINMILL SOFTWARE INC,"Professional, Scientific, and Technical Services",NEW YORK,NY,New Employment,0.0,1.0,1.0,0.0
2020,WOODBRIDGE HOLDINGS INC,33 - Manufacturing,TROY,MI,Change with Same Employer,1.0,0.0,1.0,1.0
2020,WORLD EDUCATION SERVICES INC,Educational Services,NEW YORK,NY,Change of Employer,1.0,0.0,1.0,1.0
2020,WSP USA INC,"Professional, Scientific, and Technical Services",EPHRATA,PA,Continuation,1.0,0.0,1.0,1.0
2020,XORAN TECHNOLOGIES LLC,33 - Manufacturing,ANN ARBOR,MI,Amended,1.0,0.0,1.0,1.0
2020,XYLO CONSULTING LLC,"Professional, Scientific, and Technical Services",NEPTUNE,NJ,New Employment,6.0,1.0,7.0,0.8571428571428571
2020,Y MEDIA LABS LLC,"Professional, Scientific, and Technical Services",REDWOOD CITY,CA,Change with Same Employer,6.0,0.0,6.0,1.0
2020,YRMC PROFESSIONAL SVCS GRP LLC,Health Care and Social Assistance,YUMA,AZ,Continuation,2.0,0.0,2.0,1.0
2020,ZENSA LLC,"Professional, Scientific, and Technical Services",REDMOND,WA,Change of Employer,3.0,0.0,3.0,1.0
2020,ZESTAI,Finance and Insurance,BURBANK,CA,Continuation,1.0,1.0,2.0,0.5
2020,ZILLOW INC,Real Estate and Rental and Leasing,SEATTLE,WA,Change of Employer,62.0,1.0,63.0,0.984126984126984
2020,ZOFTEC LLC,Information,PHOENIX,AZ,Continuation,1.0,0.0,1.0,1.0
2020,ZUME INC,Accommodation and Food Services,MOUNTAIN VIEW,CA,Change of Employer,8.0,1.0,9.0,0.8888888888888888
2020,ZYNP INTERNATIONAL CORP,"Professional, Scientific, and Technical Services",ROMULUS,MI,Continuation,0.0,1.0,1.0,0.0
2021,ABLETO INC,Health Care and Social Assistance,NEW YORK,NY,Change with Same Employer,1.0,0.0,1.0,1.0
2021,ACCLAIM SYSTEMS INC,"Professional, Scientific, and Technical Services",FEASTERVILLE TREVOSE,PA,Continuation,2.0,0.0,2.0,1.0
2021,ACTIUM INC,"Professional, Scientific, and Technical Services",AUSTIN,TX,Change of Employer,0.0,1.0,1.0,0.0
2021,ACUMEN SOLUTIONS INC,"Professional, Scientific, and Technical Services",MC LEAN,VA,Amended,7.0,0.0,7.0,1.0
2021,ADAEQUARE INC,"Professional, Scientific, and Technical Services",CHANTILLY,VA,Amended,4.0,0.0,4.0,1.0
2021,ADHRIT INC,"Professional, Scientific, and Technical Services",MONMOUTH JUNCTION,NJ,Change of Employer,2.0,0.0,2.0,1.0
2021,ADMERASIA INC,"Professional, Scientific, and Technical Services",NEW YORK,NY,New Employment,2.0,0.0,2.0,1.0
2021,ADVANCED TECHNOLOGY SERVICES INC,"Professional, Scientific, and Technical Services",PEORIA,IL,Change of Employer,1.0,0.0,1.0,1.0
2021,AIR POWER USA INC,"Professional, Scientific, and Technical Services",GAHANNA,OH,New Employment,1.0,0.0,1.0,1.0
2021,ALLIANCE LAUNDRY SYSTEMS LLC,33 - Manufacturing,RIPON,WI,Amended,1.0,0.0,1.0,1.0
2021,ALNYLAM PHARMACEUTICALS,33 - Manufacturing,CAMBRIDGE,MA,Amended,1.0,0.0,1.0,1.0
2021,ALPHATECH SYST AND CONSULTING INC,"Professional, Scientific, and Technical Services",ABINGDON,MD,New Employment,1.0,0.0,1.0,1.0
2021,AMAZON COM SERVICES LLC,45 - Retail Trade,ARLINGTON,VA,Change of Employer,2.0,0.0,2.0,1.0
2021,AMEREN SERVICES COMPANY,Utilities,SAINT LOUIS,MO,Change of Employer,1.0,0.0,1.0,1.0
2021,AMERICAN ALUPACK INDUSTRIES LLC,33 - Manufacturing,DUNCAN,SC,New Employment,1.0,0.0,1.0,1.0
2021,AMERISOURCEBERGEN CORPORATION,Wholesale Trade,CONSHOHOCKEN,PA,Change of Employer,6.0,0.0,6.0,1.0
2021,ANDREWS UNIVERSITY,Educational Services,BERRIEN SPRINGS,MI,New Employment,3.0,0.0,3.0,1.0
2021,ANKR PBC,Information,SAN FRANCISCO,CA,New Employment,1.0,0.0,1.0,1.0
2021,ANTRA INC,"Professional, Scientific, and Technical Services",STERLING,VA,New Employment,6.0,1.0,7.0,0.8571428571428571
2021,APPLIED DATA FINANACE LLC,Finance and Insurance,SAN DIEGO,CA,Continuation,1.0,0.0,1.0,1.0
2021,APRIA HEALTHCARE LLC,Health Care and Social Assistance,INDIANAPOLIS,IN,Amended,1.0,0.0,1.0,1.0
2021,ARKEMA INC,33 - Manufacturing,KING OF PRUSSIA,PA,Continuation,1.0,0.0,1.0,1.0
2021,ASAP SOLUTIONS GROUP LLC,"Professional, Scientific, and Technical Services",PEACHTREE CORNERS,GA,Continuation,2.0,0.0,2.0,1.0
2021,ASPEN DENTAL OF SW PA PLLC,Health Care and Social Assistance,JOHNSTOWN,PA,Amended,1.0,0.0,1.0,1.0
2021,ASPEN TECHNOLOGY INC,Information,BEDFORD,MA,New Employment,1.0,0.0,1.0,1.0
2021,ASSET VANTAGE INC,Information,STAMFORD,CT,Amended,1.0,0.0,1.0,1.0
2021,ASTAREAL INC,33 - Manufacturing,MOSES LAKE,WA,Continuation,1.0,0.0,1.0,1.0
2021,ATLAS OIL COMPANY,Wholesale Trade,TAYLOR,MI,Change with Same Employer,1.0,0.0,1.0,1.0
2021,ATS WIRELESS INC,Information,DALLAS,TX,New Employment,1.0,0.0,1.0,1.0
2021,ATTUNE CONSULTING USA INC,"Professional, Scientific, and Technical Services",BURLINGTON,MA,Amended,3.0,0.0,3.0,1.0
2021,AUL CORPORATION,"Professional, Scientific, and Technical Services",NAPA,CA,Continuation,1.0,0.0,1.0,1.0
2021,AUROPRO SYSTEMS INC,"Professional, Scientific, and Technical Services",PLAINSBORO,NJ,Change of Employer,3.0,0.0,3.0,1.0
2021,AUROTECH INC,"Professional, Scientific, and Technical Services",SILVER SPRING,MD,Continuation,2.0,0.0,2.0,1.0
2021,AUTOALERT LLC,"Professional, Scientific, and Technical Services",KANSAS CITY,MO,Continuation,1.0,0.0,1.0,1.0
2021,AVAILITY LLC,"Professional, Scientific, and Technical Services",JACKSONVILLE,FL,Change of Employer,2.0,0.0,2.0,1.0
2021,AVATA INC,"Professional, Scientific, and Technical Services",CROTON ON HUDSON,NY,Amended,1.0,0.0,1.0,1.0
2021,AVEGA6 INC.,"Professional, Scientific, and Technical Services",CANTON,MA,New Employment,1.0,0.0,1.0,1.0
2021,AVENUES WORLD HOLDINGS LLC,Educational Services,NEW YORK,NY,New Employment,1.0,0.0,1.0,1.0
2021,BALYASNY ASSET MANAGEMENT LP,Finance and Insurance,CHICAGO,IL,New Employment,4.0,0.0,4.0,1.0
2021,BARCLAYS BANK DELAWARE,Finance and Insurance,NEW YORK,NY,New Employment,9.0,0.0,9.0,1.0
2021,BAYER CROPSCIENCE LP,"Professional, Scientific, and Technical Services",SAINT LOUIS,MO,Change of Employer,1.0,0.0,1.0,1.0
2021,BENSUSSEN DEUTSCH ASSOCIATES LLC,"Professional, Scientific, and Technical Services",WOODINVILLE,WA,Continuation,1.0,0.0,1.0,1.0
2021,BIG HUGE GAMES INC,Information,LUTHERVILLE TIMONIUM,MD,Amended,1.0,0.0,1.0,1.0
2021,BIOINFO SYSTEMS LLC,"Professional, Scientific, and Technical Services",HARTFORD,CT,Continuation,10.0,0.0,10.0,1.0
2021,BIOSENSE WEBSTER INC,33 - Manufacturing,NEW BRUNSWICK,NJ,Change of Employer,2.0,0.0,2.0,1.0
2021,BITWISE INDUSTRIES INC,Administrative and Support and Waste Management and Remediation Services,FRESNO,CA,Change of Employer,1.0,0.0,1.0,1.0
2021,BLOCKFI INC,Finance and Insurance,JERSEY CITY,NJ,New Employment,1.0,0.0,1.0,1.0
2021,BRIDGE EDUCATION LLC,Educational Services,WALNUT,CA,New Employment,1.0,0.0,1.0,1.0
2021,BRIGHT HORIZONS CHILDRENS CTRS LLC,Health Care and Social Assistance,WATERTOWN,MA,New Employment,1.0,0.0,1.0,1.0
2021,BUILDING DATA LABS LLC,"Professional, Scientific, and Technical Services",BRONX,NY,Change of Employer,1.0,0.0,1.0,1.0
2021,BUSINESS INTELLI SOLUTIONS INC,"Professional, Scientific, and Technical Services",FARMERS BRANCH,TX,Continuation,1.0,0.0,1.0,1.0
2021,BYTEWARE CLOUD INC,"Professional, Scientific, and Technical Services",SUWANEE,GA,New Employment,1.0,0.0,1.0,1.0
2021,CAESAR RODNEY SCHOOL DISTRICT,Educational Services,WYOMING,DE,Continuation,1.0,0.0,1.0,1.0
2021,CALDWELL WATSON REAL ESTATE GROUP,Real Estate and Rental and Leasing,CYPRESS,TX,Continuation,1.0,0.0,1.0,1.0
2021,CALIFORNIA PACIFIC TECHNICAL SVCS,Construction,TAMUNING,GU,Continuation,1.0,0.0,1.0,1.0
2021,CALLON PETROLEUM COMPANY,"Mining, Quarrying, and Oil and Gas Extraction",HOUSTON,TX,Continuation,1.0,0.0,1.0,1.0
2021,CAMBRIDGE TECHNOLOGY INC,"Professional, Scientific, and Technical Services",NORCROSS,GA,New Employment,2.0,0.0,2.0,1.0
2021,CANOPY ONE SOLUTIONS INC,"Professional, Scientific, and Technical Services",CHANTILLY,VA,Amended,3.0,1.0,4.0,0.75
2021,CARESTREAM DENTAL LLC,33 - Manufacturing,ATLANTA,GA,New Employment,1.0,0.0,1.0,1.0
2021,CARGURUS INC,Information,CAMBRIDGE,MA,New Employment,3.0,0.0,3.0,1.0
2021,CASTELL LLC D B A CASTELL HEALTH,Information,SALT LAKE CTY,UT,New Employment,1.0,0.0,1.0,1.0
2021,CBS STUDIOS INC,Information,NEW YORK,NY,Change of Employer,1.0,0.0,1.0,1.0
2021,CENTERFIELD MEDIA HOLDING COMPANY,"Professional, Scientific, and Technical Services",PLAYA VISTA,CA,Continuation,1.0,0.0,1.0,1.0
2021,CESTA INC,"Professional, Scientific, and Technical Services",CARY,NC,New Employment,1.0,0.0,1.0,1.0
2021,CIRCULO INC,Finance and Insurance,COLUMBUS,OH,Change of Employer,3.0,0.0,3.0,1.0
2021,CISCO SYSTEMS INC,"Professional, Scientific, and Technical Services",SAN JOSE,CA,New Employment,1.0,0.0,1.0,1.0
2021,CLEARBRIDGE INVESTMENTS LLC,Finance and Insurance,NEW YORK,NY,Change of Employer,1.0,0.0,1.0,1.0
2021,CLEARMETAL INC,49 - Transportation and Warehousing,SAN FRANCISCO,CA,Change of Employer,1.0,0.0,1.0,1.0
2021,COALITION INC,Finance and Insurance,PROVO,UT,Change of Employer,1.0,0.0,1.0,1.0
2021,CODE ACUITY INC,"Professional, Scientific, and Technical Services",ROCKVILLE,MD,Change of Employer,2.0,0.0,2.0,1.0
2021,COGENT DATA SOLUTIONS LLC,"Professional, Scientific, and Technical Services",HOFFMAN ESTATES,IL,Amended,1.0,0.0,1.0,1.0
2021,COGNITION FINANCIAL CORPORATION,Finance and Insurance,BOSTON,MA,New Employment,2.0,0.0,2.0,1.0
2021,COLLABORATIVE IMAGING LLC,Health Care and Social Assistance,PLANO,TX,Change of Employer,1.0,0.0,1.0,1.0
2021,COLLEGE DAILY INC,Information,NEW YORK,NY,New Employment,1.0,0.0,1.0,1.0
2021,COMMUNITY HEALTH & SOCIAL SVCS CTR,Health Care and Social Assistance,DETROIT,MI,New Employment,1.0,0.0,1.0,1.0
2021,COMPETENT SYSTEMS INC,"Professional, Scientific, and Technical Services",ALPHARETTA,GA,Continuation,4.0,0.0,4.0,1.0
2021,COMPUTER SCIENCES CORPORATION,"Professional, Scientific, and Technical Services",RICHARDSON,TX,Amended,2.0,0.0,2.0,1.0
2021,CONDUIT CONSULTANCY SERVICES LLC,"Professional, Scientific, and Technical Services",MCKINNEY,TX,New Employment,8.0,0.0,8.0,1.0
2021,CONGLOMERATEIT LLC,"Professional, Scientific, and Technical Services",ADDISON,TX,Amended,4.0,0.0,4.0,1.0
2021,CONNEXIZ INC,"Professional, Scientific, and Technical Services",BINGHAM FARMS,MI,Continuation,1.0,0.0,1.0,1.0
2021,CORNELIS NETWORKS INC,Wholesale Trade,WAYNE,PA,Change of Employer,1.0,0.0,1.0,1.0
2021,COSTAR REALTY INFORMATION INC,"Professional, Scientific, and Technical Services",WASHINGTON,DC,Amended,1.0,0.0,1.0,1.0
2021,COUCHBASE INC,Information,SANTA CLARA,CA,Change of Employer,4.0,0.0,4.0,1.0
2021,COVENANT MEDICAL CENTER INC D/B/A,Health Care and Social Assistance,SAGINAW,MI,Continuation,1.0,0.0,1.0,1.0
2021,CRUISE LLC,Information,SAN FRANCISCO,CA,Change of Employer,28.0,0.0,28.0,1.0
2021,CRYSTAL FLOORING INC,33 - Manufacturing,ONTARIO,CA,New Employment,1.0,0.0,1.0,1.0
2021,CYPRESS SEMICONDUCTOR CORPORATION,33 - Manufacturing,EL SEGUNDO,CA,Change of Employer,4.0,0.0,4.0,1.0
2021,CYRAL INC,"Professional, Scientific, and Technical Services",MILPITAS,CA,Change of Employer,1.0,0.0,1.0,1.0
2021,DANFOSS POWER SOLUTIONS US COMPANY,33 - Manufacturing,AMES,IA,New Employment,3.0,0.0,3.0,1.0
2021,DASH TECHNOLOGIES INC,"Professional, Scientific, and Technical Services",DUBLIN,OH,New Employment,2.0,0.0,2.0,1.0
2021,DEFEND OUR HEALTH FKA ENVIRONMENTA,Other Services (except Public Administration),PORTLAND,ME,Continuation,1.0,0.0,1.0,1.0
2021,DELL MARKETING L P,Wholesale Trade,ROUND ROCK,TX,New Employment,1.0,0.0,1.0,1.0
2021,DELTA DENTAL OF NEW JERSEY INC,Finance and Insurance,PARSIPPANY,NJ,Continuation,1.0,0.0,1.0,1.0
2021,DELTA SYSTEM AND SOFTWARE INC,"Professional, Scientific, and Technical Services",MCKINNEY,TX,New Employment,15.0,0.0,15.0,1.0
2021,DENTAL CARE OLATHE LLC,Health Care and Social Assistance,OLATHE,KS,New Concurrent,1.0,0.0,1.0,1.0
2021,DENVER PUBLIC SCHOOLS DISTRICT 1,Educational Services,DENVER,CO,New Employment,24.0,0.0,24.0,1.0
2021,DENVER SCHOOL OF SCIENCE AND TECHN,Educational Services,DENVER,CO,Continuation,1.0,0.0,1.0,1.0
2021,DICE IT SOLUTIONS LLC DBA,"Professional, Scientific, and Technical Services",NORTH BRUNSWICK,NJ,Change of Employer,3.0,0.0,3.0,1.0
2021,DIGESTIVE HEALTH CONSULTANTS PLLC,Health Care and Social Assistance,SILVERDALE,WA,Continuation,1.0,0.0,1.0,1.0
2021,DIGITAL SCIENTISTS LLC,"Professional, Scientific, and Technical Services",ALPHARETTA,GA,Continuation,1.0,0.0,1.0,1.0
2021,DMG INVESTMENTS LLC,Real Estate and Rental and Leasing,NEW YORK,NY,Continuation,1.0,0.0,1.0,1.0
2021,DOCUSIGN INC,"Professional, Scientific, and Technical Services",SAN FRANCISCO,CA,New Employment,21.0,0.0,21.0,1.0
2021,DOMAIN MONEY INC,Finance and Insurance,NEW YORK,NY,New Employment,1.0,0.0,1.0,1.0
2021,DR REDDYS LABORATORIES INC,33 - Manufacturing,PRINCETON,NJ,New Employment,1.0,0.0,1.0,1.0
2021,DROPBOX INC,Information,SAN FRANCISCO,CA,Continuation,67.0,1.0,68.0,0.9852941176470588
2021,DUS OPERATING INC,33 - Manufacturing,AUBURN HILLS,MI,Continuation,1.0,0.0,1.0,1.0
2021,DYNATRON CORPORATION,33 - Manufacturing,UNION CITY,CA,New Employment,1.0,0.0,1.0,1.0
2021,EASTERN CONTRACTORS CORPORATION,Construction,NORCROSS,GA,Change of Employer,1.0,0.0,1.0,1.0
2021,EBR CONSULTING INC,"Professional, Scientific, and Technical Services",FRISCO,TX,Change with Same Employer,1.0,0.0,1.0,1.0
2021,ECLIPSE MARKETING INC,"Professional, Scientific, and Technical Services",SOUTHFIELD,MI,New Employment,1.0,0.0,1.0,1.0
2021,ECOTEC SOLUTIONS INC,33 - Manufacturing,COLTON,CA,Continuation,1.0,0.0,1.0,1.0
2021,EDUFIN IT INC DBA BRIGHTPOINT INFO,"Professional, Scientific, and Technical Services",FORT LAUDERDALE,FL,Continuation,1.0,0.0,1.0,1.0
2021,ELITE CONSULTING OF SWFL,"Professional, Scientific, and Technical Services",NAPLES,FL,Change with Same Employer,1.0,0.0,1.0,1.0
2021,EMAESTRO TECHNOLOGIES INC,"Professional, Scientific, and Technical Services",ALPHARETTA,GA,Change of Employer,1.0,0.0,1.0,1.0
2021,EMERGENGY COVERAGE SVCS PC,Health Care and Social Assistance,KNOXVILLE,TN,New Employment,1.0,0.0,1.0,1.0
2021,EMERGENT BIODEFENSE OPS LANSING,33 - Manufacturing,LANSING,MI,Continuation,4.0,0.0,4.0,1.0
2021,EMMADI AND RAVI INC,"Professional, Scientific, and Technical Services",MOCKSVILLE,NC,Change of Employer,1.0,0.0,1.0,1.0
2021,EMORY UNIVERSITY,Educational Services,ATLANTA,GA,Amended,21.0,0.0,21.0,1.0
2021,ENDEAVOR GLOBAL INC,Management of Companies and Enterprises,NEW YORK,NY,New Employment,1.0,0.0,1.0,1.0
2021,ENDEAVOUR SOFTWARE TECH INC,"Professional, Scientific, and Technical Services",SHORT HILLS,NJ,Amended,2.0,0.0,2.0,1.0
2021,ENEL NORTH AMERICA INC,Utilities,ANDOVER,MA,Change of Employer,8.0,0.0,8.0,1.0
2021,ENERGY ACUITY LLC,"Professional, Scientific, and Technical Services",DENVER,CO,New Employment,1.0,0.0,1.0,1.0
2021,ENGINEERS AND CONSTRUCTORS INTL,"Professional, Scientific, and Technical Services",BATON ROUGE,LA,New Employment,1.0,0.0,1.0,1.0
2021,ENSONO LP,Information,DOWNERS GROVE,IL,Continuation,2.0,0.0,2.0,1.0
2021,ENTEGEE INC,"Professional, Scientific, and Technical Services",JACKSONVILLE,FL,Amended,1.0,0.0,1.0,1.0
2021,EON PROPERTIES LLC,Accommodation and Food Services,OMAHA,NE,Continuation,1.0,0.0,1.0,1.0
2021,EPHARMASOLUTIONS LLC,"Professional, Scientific, and Technical Services",PLYMOUTH MEETING,PA,New Employment,1.0,0.0,1.0,1.0
2021,ERP GLOBAL INC,"Professional, Scientific, and Technical Services",TROY,MI,Change with Same Employer,2.0,1.0,3.0,0.6666666666666666
2021,ETRADE FINANCIAL HOLDINGS LLC,Finance and Insurance,ARLINGTON,VA,Change of Employer,26.0,0.0,26.0,1.0
2021,EUROMARKET DESIGNS INC D B A CRATE,"Professional, Scientific, and Technical Services",NORTHBROOK,IL,Change of Employer,3.0,0.0,3.0,1.0
2021,EVERYONES FAMILY DENTAL ST CHARLES,Health Care and Social Assistance,SAINT CHARLES,IL,New Employment,1.0,0.0,1.0,1.0
2021,EWC CORPORATE LLC,Other Services (except Public Administration),PLANO,TX,Change of Employer,1.0,0.0,1.0,1.0
2021,EZDIA INC,"Professional, Scientific, and Technical Services",FREMONT,CA,Amended,1.0,0.0,1.0,1.0
2021,FACTORY MUTUAL INSURANCE COMPANY,Finance and Insurance,JOHNSTON,RI,New Employment,2.0,0.0,2.0,1.0
2021,FAIRE WHOLESALE INC,Wholesale Trade,SAN FRANCISCO,CA,New Employment,2.0,0.0,2.0,1.0
2021,FAM CONSTRUCTION LLC,Construction,FAIRFAX,VA,Continuation,2.0,0.0,2.0,1.0
2021,FAMILIA DENTAL ROS LLC,Health Care and Social Assistance,ROSWELL,NM,Amended,1.0,0.0,1.0,1.0
2021,FAMILY DENTAL OF VIRGINIA LLC,Health Care and Social Assistance,CHICAGO,IL,New Employment,2.0,0.0,2.0,1.0
2021,FECUND SOFTWARE SERVICES LLC,"Professional, Scientific, and Technical Services",JACKSONVILLE,FL,New Employment,4.0,0.0,4.0,1.0
2021,FEI.COM INC DBA FEI SYSTEMS,"Professional, Scientific, and Technical Services",COLUMBIA,MD,New Employment,3.0,0.0,3.0,1.0
2021,FERMAT SOFTWARE LLC,"Professional, Scientific, and Technical Services",AUSTIN,TX,Amended,1.0,0.0,1.0,1.0
2021,FIBROGEN INC,"Professional, Scientific, and Technical Services",SAN FRANCISCO,CA,Change of Employer,4.0,0.0,4.0,1.0
2021,FIRST SOLAR INC,33 - Manufacturing,TEMPE,AZ,New Employment,4.0,0.0,4.0,1.0
2021,FIVE FOUR GROUP LLC,33 - Manufacturing,LOS ANGELES,CA,New Employment,1.0,0.0,1.0,1.0
2021,FLATIRONS SOLUTIONS INC,"Professional, Scientific, and Technical Services",BOULDER,CO,Amended,1.0,0.0,1.0,1.0
2021,FLORIDA POLYTECHNIC UNIVERSITY,Educational Services,LAKELAND,FL,New Employment,3.0,0.0,3.0,1.0
2021,FORTISVIEW LLC,"Professional, Scientific, and Technical Services",RALEIGH,NC,Change of Employer,12.0,8.0,20.0,0.6
2021,FOX CABLE NETWORK SVCS LLC,Information,LOS ANGELES,CA,Amended,2.0,0.0,2.0,1.0
2021,FRAME IO INC,Information,NEW YORK,NY,Change of Employer,2.0,0.0,2.0,1.0
2021,FREENOME HOLDINGS INC,"Professional, Scientific, and Technical Services",SOUTH SAN FRANCISCO,CA,Change of Employer,1.0,0.0,1.0,1.0
2021,FRIENDLY CONSULTANTS INC,"Professional, Scientific, and Technical Services",PRINCETON JUNCTION,NJ,Change of Employer,1.0,0.0,1.0,1.0
2021,FURMAN UNIV,Educational Services,GREENVILLE,SC,New Employment,2.0,0.0,2.0,1.0
2021,FUSION PLUS SOLUTIONS INC,"Professional, Scientific, and Technical Services",EDISON,NJ,Change of Employer,6.0,0.0,6.0,1.0
2021,G TECH SERVICES INC,Administrative and Support and Waste Management and Remediation Services,DEARBORN,MI,Change of Employer,1.0,0.0,1.0,1.0
2021,G1001 ADVISORY RESOURCES LLC,Finance and Insurance,INDIANAPOLIS,IN,Continuation,1.0,0.0,1.0,1.0
2021,GANGAT LLC DBA LAW OFFICE OF MOHAM,"Professional, Scientific, and Technical Services",NEW YORK,NY,New Employment,1.0,0.0,1.0,1.0
2021,GATES VENTURES LLC,"Professional, Scientific, and Technical Services",KIRKLAND,WA,Amended,1.0,0.0,1.0,1.0
2021,GENPACT LLC,"Professional, Scientific, and Technical Services",SHORT HILLS,NJ,New Employment,92.0,5.0,97.0,0.9484536082474226
2021,GENTING NY LLC DBA RESORTS WORLD C,"Arts, Entertainment, and Recreation",JAMAICA,NY,New Employment,1.0,0.0,1.0,1.0
2021,GEORGETOWN PHYSICIAN SERVICES LLC,Health Care and Social Assistance,MURRELLS INLET,SC,New Employment,2.0,0.0,2.0,1.0
2021,GLOBAL BANKERS INSURANCE GROUP LLC,Finance and Insurance,DURHAM,NC,Change with Same Employer,1.0,0.0,1.0,1.0
2021,GLOBAL ENGINEERING RESOURCES LLC,"Professional, Scientific, and Technical Services",STERLING HTS,MI,New Employment,1.0,0.0,1.0,1.0
2021,GLOBAL HEALTHCARE EXCHANGE INC,Information,LOUISVILLE,CO,Change with Same Employer,1.0,0.0,1.0,1.0
2021,GLOBAL MIGRATION LAW GR MID-ATLANT,"Professional, Scientific, and Technical Services",ALEXANDRIA,VA,Amended,1.0,0.0,1.0,1.0
2021,GLOBAL PAYMENT HOLDING COMPANY,Finance and Insurance,ATLANTA,GA,New Employment,2.0,0.0,2.0,1.0
2021,GLOBE 2 TECHNOLOGIES INC,"Professional, Scientific, and Technical Services",MORGANVILLE,NJ,Amended,2.0,0.0,2.0,1.0
2021,GRAND RAPIDS LABEL COMPANY,33 - Manufacturing,GRAND RAPIDS,MI,Change of Employer,1.0,0.0,1.0,1.0
2021,GRAYSCALE INVESTMENTS LLC,Finance and Insurance,STAMFORD,CT,Change of Employer,1.0,0.0,1.0,1.0
2021,GREAT WLL SUPERMARKET OF MARYLAND,45 - Retail Trade,ROCKVILLE,MD,Continuation,0.0,1.0,1.0,0.0
2021,GREENE PHARMA LLC DBA GREENE MED,45 - Retail Trade,CATSKILL,NY,Continuation,1.0,0.0,1.0,1.0
2021,GREENWICH HOSPITAL,Health Care and Social Assistance,GREENWICH,CT,Amended,1.0,0.0,1.0,1.0
2021,GRIDPOINT INC,"Professional, Scientific, and Technical Services",RESTON,VA,Change with Same Employer,1.0,0.0,1.0,1.0
2021,GSQUIRE BUSINESS SOLUTIONS,"Professional, Scientific, and Technical Services",CHANTILLY,VA,New Employment,1.0,0.0,1.0,1.0
2021,H1 INSIGHTS INC,"Professional, Scientific, and Technical Services",NEW YORK,NY,Change of Employer,1.0,0.0,1.0,1.0
2021,HANCOCK COUNTY SCHOOLS,Educational Services,SPARTA,GA,Amended,1.0,0.0,1.0,1.0
2021,HANDS OF HOPE PT PC,Health Care and Social Assistance,BROOKLYN,NY,New Employment,5.0,0.0,5.0,1.0
2021,HARRIS COUNTY HOSPITAL DISTRICT DB,Health Care and Social Assistance,BELLAIRE,TX,Amended,1.0,0.0,1.0,1.0
2021,HARRIS TEETER LLC,45 - Retail Trade,MATTHEWS,NC,Change of Employer,1.0,0.0,1.0,1.0
2021,HARTFORD HEALTHCARE MEDICAL GROUP,Health Care and Social Assistance,WETHERSFIELD,CT,Continuation,4.0,0.0,4.0,1.0
2021,HARVEST HEALTH & REHAB LLC,Health Care and Social Assistance,LOOGOOTEE,IN,Change of Employer,1.0,0.0,1.0,1.0
2021,HBC ENGINEERING COMPANY,"Professional, Scientific, and Technical Services",MIAMI,FL,Change of Employer,1.0,0.0,1.0,1.0
2021,HEART IMAGING TECHNOLOGIES LLC,"Professional, Scientific, and Technical Services",DURHAM,NC,Change of Employer,1.0,0.0,1.0,1.0
2021,HEARTLAND RURAL HEALTHCARE LLC,Health Care and Social Assistance,MARION,IL,New Employment,1.0,0.0,1.0,1.0
2021,HELLMAN & FRIEDMAN LLC,Finance and Insurance,SAN FRANCISCO,CA,New Employment,1.0,0.0,1.0,1.0
2021,HELMERICH & PAYNE INC,"Mining, Quarrying, and Oil and Gas Extraction",TULSA,OK,Continuation,1.0,0.0,1.0,1.0
2021,HEMATOLOGY ONCOLOGY ASSO PC,Health Care and Social Assistance,MEDFORD,OR,New Employment,1.0,0.0,1.0,1.0
2021,HENGHOU INVESTMENT HOLDING INC DBA,Management of Companies and Enterprises,PASADENA,CA,New Employment,1.0,0.0,1.0,1.0
2021,HERBALIFE INTL OF AMERICA INC,33 - Manufacturing,TORRANCE,CA,Amended,5.0,0.0,5.0,1.0
2021,HIGHBROW TECHNOLOGY INC,"Professional, Scientific, and Technical Services",CARY,NC,New Employment,1.0,0.0,1.0,1.0
2021,HILMAR CHEESE COMPANY INC,33 - Manufacturing,HILMAR,CA,Change of Employer,3.0,0.0,3.0,1.0
2021,HITACHI SOLUTIONS AMERICA LTD,"Professional, Scientific, and Technical Services",IRVINE,CA,Continuation,2.0,0.0,2.0,1.0
2021,HUDSON PRODUCTS CORPORATION,33 - Manufacturing,BEASLEY,TX,Continuation,2.0,0.0,2.0,1.0
2021,ICLOUD TECHNOLOGIES CORPORATION,"Professional, Scientific, and Technical Services",STERLING,VA,Amended,0.0,1.0,1.0,0.0
2021,ICROSSING INC,"Professional, Scientific, and Technical Services",NEW YORK,NY,Change of Employer,3.0,0.0,3.0,1.0
2021,IGUAMA INC D/B/A REWARDSWEB,Information,MIAMI,FL,New Employment,1.0,0.0,1.0,1.0
2021,IMPINJ INC,33 - Manufacturing,SEATTLE,WA,New Employment,1.0,0.0,1.0,1.0
2021,INDIEGOGO INC,Administrative and Support and Waste Management and Remediation Services,SAN FRANCISCO,CA,Amended,1.0,0.0,1.0,1.0
2021,INFOGRAVITY LLC,"Professional, Scientific, and Technical Services",MANASSAS,VA,Continuation,1.0,0.0,1.0,1.0
2021,INNOVATIVE SYSTEMS GROUP INC,"Professional, Scientific, and Technical Services",GLEN ELLYN,IL,Amended,1.0,0.0,1.0,1.0
2021,INOGEN,"Professional, Scientific, and Technical Services",PLANO,TX,New Employment,1.0,0.0,1.0,1.0
2021,INSTAMED COMMUNICATIONS LLC,Information,PHILADELPHIA,PA,Continuation,1.0,0.0,1.0,1.0
2021,INSTITUTE FOR BUILDING TECHNOLOGY,"Professional, Scientific, and Technical Services",ASHBURN,VA,Continuation,1.0,0.0,1.0,1.0
2021,INTEGRICHAIN INC,"Professional, Scientific, and Technical Services",PHILADELPHIA,PA,Continuation,1.0,0.0,1.0,1.0
2021,INTERNATIONAL RESCUE COMMITTEE INC,Other Services (except Public Administration),NEW YORK,NY,New Employment,5.0,0.0,5.0,1.0
2021,INTL RESEARCH & EXCHANGES BOARD IN,"Professional, Scientific, and Technical Services",WASHINGTON,DC,Amended,1.0,0.0,1.0,1.0
2021,IPS ASSEMBLY CORPORATION,33 - Manufacturing,LIVONIA,MI,Continuation,1.0,0.0,1.0,1.0
2021,IT RESOURCES INC,"Professional, Scientific, and Technical Services",NEWARK,DE,New Employment,29.0,4.0,33.0,0.8787878787878788
2021,IVY ENTERPRISES INC,Wholesale Trade,PORT WASHINGTON,NY,Change with Same Employer,1.0,0.0,1.0,1.0
2021,JINDAL SAW USA LLC,33 - Manufacturing,BAYTOWN,TX,Amended,2.0,0.0,2.0,1.0
2021,JITTERBIT INC,Information,ALAMEDA,CA,Change of Employer,1.0,0.0,1.0,1.0
2021,JPI TECHNOLOGY LLC,"Professional, Scientific, and Technical Services",MANASSAS,VA,Continuation,4.0,0.0,4.0,1.0
2021,JUSTWORKS EMPLOYMENT GROUP LLC,"Professional, Scientific, and Technical Services",NEW YORK,NY,Change of Employer,1.0,0.0,1.0,1.0
2021,KATENA PRODUCTS INC,33 - Manufacturing,PARSIPPANY,NJ,Change of Employer,2.0,0.0,2.0,1.0
2021,KATY FAMILY DENTISTRY PLLC,Health Care and Social Assistance,KATY,TX,Change of Employer,1.0,0.0,1.0,1.0
2021,KCW CPA & ASSOCIATES,"Professional, Scientific, and Technical Services",DIAMOND BAR,CA,Continuation,1.0,0.0,1.0,1.0
2021,KEY TECHNOLOGY SOLUTIONS LTD COMPA,"Professional, Scientific, and Technical Services",ATLANTA,GA,New Employment,1.0,0.0,1.0,1.0
2021,KN TECH SOLUTIONS LLC,"Professional, Scientific, and Technical Services",DUBLIN,PA,New Employment,2.0,1.0,3.0,0.6666666666666666
2021,KR ELIXIR INC,"Professional, Scientific, and Technical Services",ALPHARETTA,GA,Change with Same Employer,1.0,0.0,1.0,1.0
2021,KSQUARE SOLUTIONS INC,"Professional, Scientific, and Technical Services",IRVING,TX,Continuation,1.0,0.0,1.0,1.0
2021,KUSTOMER INC,Information,NEW YORK,NY,Change of Employer,5.0,0.0,5.0,1.0
2021,LAKE TAHOE UNIFIED SCHOOL DISTRICT,Educational Services,SOUTH LAKE TAHOE,CA,Change of Employer,1.0,0.0,1.0,1.0
2021,LAKSAN TECHNOLOGIES LLC,"Professional, Scientific, and Technical Services",EDISON,NJ,New Employment,2.0,1.0,3.0,0.6666666666666666
2021,LAUNCHPOINT VENTURES LLC DBA,Information,ITASCA,IL,Change of Employer,3.0,0.0,3.0,1.0
2021,LCM COMMODITIES LLC,Finance and Insurance,NEW YORK,NY,New Employment,1.0,0.0,1.0,1.0
2021,LELAND SCHOOL DISTRICT,Educational Services,LELAND,MS,Continuation,1.0,0.0,1.0,1.0
2021,LGL PARTNERS LLC,Finance and Insurance,CONSHOHOCKEN,PA,New Employment,1.0,0.0,1.0,1.0
2021,LIBSYS INC,"Professional, Scientific, and Technical Services",NAPERVILLE,IL,Change with Same Employer,3.0,0.0,3.0,1.0
2021,LINKEDIN CORPORATION,Information,SUNNYVALE,CA,Continuation,412.0,4.0,416.0,0.9903846153846154
2021,LOMA LINDA UNIV CHILDREN S HOSP,Educational Services,SAN BERNARDINO,CA,Change with Same Employer,1.0,0.0,1.0,1.0
2021,LYNDRA THERAPEUTICS INC,33 - Manufacturing,WATERTOWN,MA,New Employment,2.0,0.0,2.0,1.0
2021,M S SAVANI ARCHITECT P C,"Professional, Scientific, and Technical Services",JAMAICA,NY,New Employment,0.0,1.0,1.0,0.0
2021,MAGNITE INC,"Professional, Scientific, and Technical Services",LOS ANGELES,CA,Amended,1.0,0.0,1.0,1.0
2021,MAN INVESTMENTS USA HOLDINGS INC,Finance and Insurance,NEW YORK,NY,Change of Employer,1.0,0.0,1.0,1.0
2021,MANDUCA MANAGEMENT LLC,Finance and Insurance,NEW YORK,NY,New Employment,1.0,0.0,1.0,1.0
2021,MARUTHI TECHNOLOGIES LLC DBA ANBLI,"Professional, Scientific, and Technical Services",DALLAS,TX,New Employment,2.0,0.0,2.0,1.0
2021,MASIMO CORPORATION,33 - Manufacturing,IRVINE,CA,Change of Employer,12.0,0.0,12.0,1.0
2021,MATHEMATICA INC,"Professional, Scientific, and Technical Services",PRINCETON,NJ,Change of Employer,1.0,0.0,1.0,1.0
2021,MATTEL HQ INC,33 - Manufacturing,EL SEGUNDO,CA,Continuation,4.0,0.0,4.0,1.0
2021,MAYDE BEAUTY INC,Wholesale Trade,ENGLEWOOD CLIFFS,NJ,Continuation,1.0,0.0,1.0,1.0
2021,MCAFEE LLC,"Professional, Scientific, and Technical Services",PLANO,TX,New Employment,3.0,0.0,3.0,1.0
2021,MCLAREN FLINT,Health Care and Social Assistance,FLINT,MI,Change of Employer,2.0,0.0,2.0,1.0
2021,MEDIDATA SOLUTIONS INC,"Professional, Scientific, and Technical Services",NEW YORK,NY,Continuation,13.0,1.0,14.0,0.9285714285714286
2021,MELISSA MERCOGLIANO PT PS DBA COLP,Health Care and Social Assistance,PORT ORCHARD,WA,Change of Employer,1.0,0.0,1.0,1.0
2021,MERCEDES BENZ U S INTERNATIONAL IN,33 - Manufacturing,WOODSTOCK,AL,Change with Same Employer,1.0,0.0,1.0,1.0
2021,METALEAP DESIGN INC,"Professional, Scientific, and Technical Services",ATLANTA,GA,New Employment,1.0,0.0,1.0,1.0
2021,METROMILE INC,Finance and Insurance,SAN FRANCISCO,CA,Change of Employer,16.0,0.0,16.0,1.0
2021,MICRON SEMICONDUCTOR PRODUCTS INC,Wholesale Trade,BOISE,ID,Continuation,1.0,0.0,1.0,1.0
2021,MITSUBISHI HEAVY INDUSTRIES AMERIC,33 - Manufacturing,HOUSTON,TX,Change of Employer,1.0,0.0,1.0,1.0
2021,MONTGOMERY MCCRACKEN WALKER & RHOA,"Professional, Scientific, and Technical Services",PHILADELPHIA,PA,Amended,1.0,0.0,1.0,1.0
2021,MOOG INC,33 - Manufacturing,EAST AURORA,NY,Continuation,1.0,0.0,1.0,1.0
2021,MOVANDI CORP,33 - Manufacturing,IRVINE,CA,New Employment,1.0,0.0,1.0,1.0
2021,MOWI USA LLC,Wholesale Trade,MIAMI,FL,Continuation,1.0,0.0,1.0,1.0
2021,MPR ASSOCIATES INC,"Professional, Scientific, and Technical Services",ALEXANDRIA,VA,New Employment,1.0,0.0,1.0,1.0
2021,MUX INC,Information,SAN FRANCISCO,CA,Continuation,1.0,0.0,1.0,1.0
2021,MW ASSOCS DBA NATL COMPUTING GR IN,"Professional, Scientific, and Technical Services",PITTSBURGH,PA,New Employment,1.0,0.0,1.0,1.0
2021,N9 IT SOLUTIONS LLC,"Professional, Scientific, and Technical Services",ELLICOTT CITY,MD,New Employment,11.0,0.0,11.0,1.0
2021,NAGARRO INC,"Professional, Scientific, and Technical Services",SAN JOSE,CA,Change with Same Employer,37.0,0.0,37.0,1.0
2021,NATIONAL RURAL ELECTRIC COOPERATIV,Other Services (except Public Administration),ARLINGTON,VA,New Employment,1.0,0.0,1.0,1.0
2021,NATIONAL VOLLEYBALL ASSOC INC,"Arts, Entertainment, and Recreation",COSTA MESA,CA,New Employment,1.0,0.0,1.0,1.0
2021,NB VENTURES INC DBA GEP,"Professional, Scientific, and Technical Services",CLARK,NJ,Change of Employer,27.0,1.0,28.0,0.9642857142857144
2021,NELNET BUSINESS SOLUTIONS INC,Finance and Insurance,LINCOLN,NE,New Employment,2.0,0.0,2.0,1.0
2021,NEPHROLOGY ASSOCIATES INC,Health Care and Social Assistance,EAST PROVIDENCE,RI,Amended,1.0,0.0,1.0,1.0
2021,NEPTUNE SOFTWARE US INC,Information,STUART,FL,Continuation,2.0,0.0,2.0,1.0
2021,NERD STREET GAMERS INC,Information,PHILADELPHIA,PA,New Employment,1.0,0.0,1.0,1.0
2021,NESTLE R&D CENTER INC,33 - Manufacturing,MARYSVILLE,OH,Amended,2.0,0.0,2.0,1.0
2021,NETGAINS ENGINEERING P C,"Professional, Scientific, and Technical Services",PLAINVIEW,NY,Change of Employer,1.0,0.0,1.0,1.0
2021,NEW ERA CAP CO INC,33 - Manufacturing,BUFFALO,NY,Change of Employer,1.0,0.0,1.0,1.0
2021,NEW HAMPSHIRE IPS MED SVCS LLC DBA,Health Care and Social Assistance,ENGLEWOOD,CO,Continuation,1.0,0.0,1.0,1.0
2021,NEWMARK SERVICES LLC,"Professional, Scientific, and Technical Services",NEW HYDE PARK,NY,Continuation,1.0,0.0,1.0,1.0
2021,NEXLOGIC TECHNOLOGIES INC,33 - Manufacturing,SAN JOSE,CA,Continuation,1.0,0.0,1.0,1.0
2021,NEXT STEP GROUP INC,Wholesale Trade,NEW YORK,NY,New Employment,1.0,0.0,1.0,1.0
2021,NEXTSHIFT LLC,"Professional, Scientific, and Technical Services",FOGELSVILLE,PA,Continuation,1.0,0.0,1.0,1.0
2021,NGM BIOPHARMACEUTICALS INC,"Professional, Scientific, and Technical Services",SOUTH SAN FRANCISCO,CA,Change with Same Employer,2.0,0.0,2.0,1.0
2021,NISIVOCCIA LLP,"Professional, Scientific, and Technical Services",MOUNT ARLINGTON,NJ,Continuation,1.0,0.0,1.0,1.0
2021,NOVAMATIQ INC DBA GUIDE ENGINEERIN,"Professional, Scientific, and Technical Services",FORT WAYNE,IN,New Concurrent,1.0,0.0,1.0,1.0
2021,NPSG GLOBAL LLC,49 - Transportation and Warehousing,KENNESAW,GA,Change of Employer,1.0,0.0,1.0,1.0
2021,OFFICE DEPOT INC,45 - Retail Trade,BOCA RATON,FL,Continuation,4.0,0.0,4.0,1.0
2021,ONCORE CONSULTING LLC,"Professional, Scientific, and Technical Services",RANCHO CORDOVA,CA,Change with Same Employer,1.0,0.0,1.0,1.0
2021,ONE HUNDRED FEET INC,Information,PALO ALTO,CA,Continuation,1.0,0.0,1.0,1.0
2021,ONSHORE SOLUTIONS INC,"Professional, Scientific, and Technical Services",RICHARDSON,TX,Change of Employer,1.0,0.0,1.0,1.0
2021,ONTO INNOVATION INC F K A NANOMETR,33 - Manufacturing,BUDD LAKE,NJ,Change of Employer,1.0,0.0,1.0,1.0
2021,OREMDA INFOTECH INC,"Professional, Scientific, and Technical Services",CEDAR PARK,TX,New Employment,2.0,0.0,2.0,1.0
2021,OSCEOLA STAFFING HOLDINGS LLC,Administrative and Support and Waste Management and Remediation Services,TAMPA,FL,Amended,2.0,0.0,2.0,1.0
2021,OVINTIV USA INC,"Mining, Quarrying, and Oil and Gas Extraction",DENVER,CO,Continuation,1.0,0.0,1.0,1.0
2021,PACHECO KOCH CONSULTING ENGINEERS,"Professional, Scientific, and Technical Services",DALLAS,TX,Continuation,1.0,0.0,1.0,1.0
2021,PANDERA SYSTEMS LLC,"Professional, Scientific, and Technical Services",ORLANDO,FL,New Employment,1.0,0.0,1.0,1.0
2021,PANNELL INDUSTRIES INC,Administrative and Support and Waste Management and Remediation Services,DALLAS,TX,Continuation,1.0,0.0,1.0,1.0
2021,PEOPLE DATA LABS INC,Information,SAN FRANCISCO,CA,New Employment,1.0,0.0,1.0,1.0
2021,PERFECT BUSINESS SERVICES INC,"Professional, Scientific, and Technical Services",MCKINNEY,TX,Continuation,2.0,0.0,2.0,1.0
2021,PERFORMANCE THERAPEUTICS CORPORATE,Health Care and Social Assistance,MCALLEN,TX,Change of Employer,1.0,0.0,1.0,1.0
2021,PHONEXA HOLDINGS LLC,"Professional, Scientific, and Technical Services",GLENDALE,CA,New Employment,1.0,0.0,1.0,1.0
2021,PIKE ENTERPRISES LLC,"Professional, Scientific, and Technical Services",MOUNT AIRY,NC,Amended,1.0,0.0,1.0,1.0
2021,PINNACLE EMERGENCY PHYSICIANS OF B,Health Care and Social Assistance,BAKERSFIELD,CA,Continuation,1.0,0.0,1.0,1.0
2021,PITTSBURGH GLASS WORKS LLC,33 - Manufacturing,PITTSBURGH,PA,Change of Employer,1.0,0.0,1.0,1.0
2021,PIVOTAL SOFTWARE INC,"Professional, Scientific, and Technical Services",PALO ALTO,CA,New Employment,4.0,0.0,4.0,1.0
2021,PLAID INC,Finance and Insurance,SAN FRANCISCO,CA,Amended,3.0,0.0,3.0,1.0
2021,PLASTIKON INDUSTRIES INC,33 - Manufacturing,HAYWARD,CA,Continuation,2.0,0.0,2.0,1.0
2021,POLY MED INC,"Professional, Scientific, and Technical Services",ANDERSON,SC,New Employment,2.0,0.0,2.0,1.0
2021,PRANAM GLOBAL TECH INC,Construction,LIVONIA,MI,Continuation,1.0,0.0,1.0,1.0
2021,PREDICTSPRING INC,"Professional, Scientific, and Technical Services",LOS ALTOS,CA,Continuation,2.0,0.0,2.0,1.0
2021,PREMKAMAL SPAS LLC D/B/A LOTUS CTR,Other Services (except Public Administration),KAILUA KONA,HI,Amended,0.0,1.0,1.0,0.0
2021,PRESIDIO NETWORKED SOLUTIONS LLC,"Professional, Scientific, and Technical Services",NEW YORK,NY,Change of Employer,4.0,0.0,4.0,1.0
2021,PROG LEASING LLC,Finance and Insurance,DRAPER,UT,New Employment,1.0,0.0,1.0,1.0
2021,PROS INC,"Professional, Scientific, and Technical Services",HOUSTON,TX,Change of Employer,1.0,0.0,1.0,1.0
2021,PUI TAK CENTER,Health Care and Social Assistance,CHICAGO,IL,Continuation,2.0,0.0,2.0,1.0
2021,PURILUM LLC,33 - Manufacturing,GREENVILLE,NC,Change of Employer,1.0,0.0,1.0,1.0
2021,QUANTUMSCAPE BATTERY INC,33 - Manufacturing,SAN JOSE,CA,Change of Employer,6.0,0.0,6.0,1.0
2021,R G CONSTRUCTION SVCS INC,Construction,ELMHURST,IL,Change of Employer,1.0,0.0,1.0,1.0
2021,RAINBERRY INC,"Professional, Scientific, and Technical Services",SAN FRANCISCO,CA,Change with Same Employer,1.0,0.0,1.0,1.0
2021,RANDSTAD TECHNOLOGIES LLC,"Professional, Scientific, and Technical Services",WOBURN,MA,Continuation,362.0,3.0,365.0,0.9917808219178084
2021,RAPID FIN SVCS LLC DBA RAPID FINAN,Finance and Insurance,BETHESDA,MD,Change of Employer,1.0,0.0,1.0,1.0
2021,RED LION CONTROLS INC,"Professional, Scientific, and Technical Services",YORK,PA,Amended,1.0,0.0,1.0,1.0
2021,REINO CAPITAL,"Professional, Scientific, and Technical Services",GARLAND,TX,New Employment,1.0,0.0,1.0,1.0
2021,RESCALE INC,Information,SAN FRANCISCO,CA,New Employment,3.0,0.0,3.0,1.0
2021,RETAILNEXT INC,Information,SAN JOSE,CA,Continuation,1.0,0.0,1.0,1.0
2021,RICHLAND COUNTY SCHOOL DIST ONE,Educational Services,WINNSBORO,SC,Continuation,1.0,0.0,1.0,1.0
2021,RICONDO & ASSOCIATES INC,"Professional, Scientific, and Technical Services",CHICAGO,IL,New Employment,1.0,0.0,1.0,1.0
2021,RIG ENTERPRISE APPLICATION INC,"Professional, Scientific, and Technical Services",IRVING,TX,New Employment,5.0,0.0,5.0,1.0
2021,RINGER JEANS LLC,33 - Manufacturing,NEW YORK,NY,Continuation,1.0,0.0,1.0,1.0
2021,ROBERTSON CONSTRUCTION SERVICES IN,Construction,HEATH,OH,Change with Same Employer,1.0,0.0,1.0,1.0
2021,ROCHESTER GENERAL HOSPITAL,Health Care and Social Assistance,ROCHESTER,NY,New Employment,14.0,0.0,14.0,1.0
2021,ROKU INC,Information,SAN JOSE,CA,New Employment,7.0,0.0,7.0,1.0
2021,RYEDALE INC,"Professional, Scientific, and Technical Services",SANTA ROSA,CA,New Employment,1.0,0.0,1.0,1.0
2021,SAGGEZZA INC,"Professional, Scientific, and Technical Services",CHICAGO,IL,New Employment,6.0,1.0,7.0,0.8571428571428571
2021,SAN JOSE UNIFIED SCHOOL DISTRICT,Educational Services,SAN JOSE,CA,Continuation,4.0,0.0,4.0,1.0
2021,SARKAR DENTAL PC,Health Care and Social Assistance,NACOGDOCHES,TX,Change of Employer,1.0,1.0,2.0,0.5
2021,SATURN TECH LLC DBA SAANVI TECH,"Professional, Scientific, and Technical Services",FARMINGTON,MI,Amended,3.0,0.0,3.0,1.0
2021,SAVEMYSALES INC,Information,BOSTON,MA,New Employment,1.0,0.0,1.0,1.0
2021,SAVEN TECHNOLOGIES INCORPORATED,"Professional, Scientific, and Technical Services",SOUTH PLAINFIELD,NJ,Amended,5.0,0.0,5.0,1.0
2021,SDG CONSULTING US INC,"Professional, Scientific, and Technical Services",BEDMINSTER,NJ,New Employment,3.0,0.0,3.0,1.0
2021,SEKURETRAK INC D B A TRAKNPROTECT,"Professional, Scientific, and Technical Services",CHICAGO,IL,New Employment,1.0,0.0,1.0,1.0
2021,SELL BY EWAY CORPORATION,45 - Retail Trade,CARLSTADT,NJ,Continuation,1.0,0.0,1.0,1.0
2021,SEMINOLE HARD ROCK DIGITAL LLC,"Arts, Entertainment, and Recreation",FORT LAUDERDALE,FL,Change of Employer,1.0,0.0,1.0,1.0
2021,SHIPOUT INC,"Professional, Scientific, and Technical Services",MONTEREY PARK,CA,New Employment,1.0,0.0,1.0,1.0
2021,SHIPT INC,Information,BIRMINGHAM,AL,New Employment,15.0,0.0,15.0,1.0
2021,SHOP ARCHITECTS INC,"Professional, Scientific, and Technical Services",NEW YORK,NY,New Employment,1.0,0.0,1.0,1.0
2021,SIGMA CONSTRUCTION INC,Construction,SOMERSET,NJ,Amended,1.0,0.0,1.0,1.0
2021,SMS INFOCOMM CORPORATION,Other Services (except Public Administration),GRAPEVINE,TX,Continuation,5.0,0.0,5.0,1.0
2021,SNYDER SMILES PC,Health Care and Social Assistance,SNYDER,TX,New Employment,1.0,0.0,1.0,1.0
2021,SOCOTRA INC,Information,AUSTIN,TX,Change of Employer,4.0,0.0,4.0,1.0
2021,SOFTECH INTERNATIONAL RESOURCES IN,"Professional, Scientific, and Technical Services",PEACHTREE CORNERS,GA,Continuation,8.0,0.0,8.0,1.0
2021,SOFTOVA INC,"Professional, Scientific, and Technical Services",PISCATAWAY,NJ,Amended,11.0,1.0,12.0,0.9166666666666666
2021,SOFTPATH TECHNOLOGIES LLC,"Professional, Scientific, and Technical Services",NORTHVILLE,MI,Amended,3.0,0.0,3.0,1.0
2021,SOONA CO.,Information,DENVER,CO,New Employment,1.0,0.0,1.0,1.0
2021,SOPHIA SIU M D PLLC DBA NY PARTNER,Health Care and Social Assistance,NEW YORK,NY,New Employment,1.0,0.0,1.0,1.0
2021,SOURCE ENGINEERING SERVICES,"Professional, Scientific, and Technical Services",SAN JOSE,CA,Change with Same Employer,2.0,0.0,2.0,1.0
2021,SOUTH CAROLINA WHITMORE SCHOOL,Educational Services,COLUMBIA,SC,Continuation,1.0,0.0,1.0,1.0
2021,SOUTHERN TELECOM INC,Wholesale Trade,BROOKLYN,NY,Continuation,1.0,0.0,1.0,1.0
2021,SP CAPITAL GROUP LLC,Real Estate and Rental and Leasing,NEW YORK,NY,New Employment,1.0,0.0,1.0,1.0
2021,SPENCER GIFTS LLC,45 - Retail Trade,EGG HARBOR TOWNSHIP,NJ,Change of Employer,1.0,0.0,1.0,1.0
2021,ST LUKE S HOSPITAL,Health Care and Social Assistance,CROSBY,ND,New Employment,1.0,0.0,1.0,1.0
2021,STAMPS COM INC,Information,EL SEGUNDO,CA,Change of Employer,4.0,0.0,4.0,1.0
2021,STANFORD HEALTH CARE,Educational Services,PALO ALTO,CA,New Employment,1.0,0.0,1.0,1.0
2021,STATE AUTO PROPERTY & CASUALTY INS,Finance and Insurance,COLUMBUS,OH,Continuation,6.0,0.0,6.0,1.0
2021,STONEHILL TAYLOR ARCHITECTS PC,"Professional, Scientific, and Technical Services",NEW YORK,NY,Amended,2.0,0.0,2.0,1.0
2021,STRAVA INC,Information,SAN FRANCISCO,CA,Change of Employer,4.0,0.0,4.0,1.0
2021,STUDIO TACK LLC,"Professional, Scientific, and Technical Services",BROOKLYN,NY,Change of Employer,1.0,0.0,1.0,1.0
2021,STUDIO V ARCHITECTURE PLLC,"Professional, Scientific, and Technical Services",NEW YORK,NY,Continuation,1.0,0.0,1.0,1.0
2021,SUN FRESH INTERNATIONAL LLC,Wholesale Trade,VISALIA,CA,Change with Same Employer,1.0,0.0,1.0,1.0
2021,SWINGTECH CONS INC DBA SWINGTECH,"Professional, Scientific, and Technical Services",GREENBELT,MD,New Employment,1.0,0.0,1.0,1.0
2021,SYMPLICITY CORPORATION,Information,ARLINGTON,VA,Continuation,4.0,0.0,4.0,1.0
2021,SYSTEMATIC MANUFACTURING INC,"Professional, Scientific, and Technical Services",MADISON HEIGHTS,MI,Change with Same Employer,1.0,0.0,1.0,1.0
2021,TAILSTORM HEALTH INC,33 - Manufacturing,CHANDLER,AZ,New Employment,5.0,0.0,5.0,1.0
2021,TALBERT & BRIGHT INC,"Professional, Scientific, and Technical Services",WILMINGTON,NC,Continuation,1.0,0.0,1.0,1.0
2021,TANGLE SYSTEMS LLC,"Professional, Scientific, and Technical Services",OMAHA,NE,New Employment,3.0,2.0,5.0,0.6
2021,TCW LLC,Finance and Insurance,LOS ANGELES,CA,New Employment,2.0,0.0,2.0,1.0
2021,TECHASPECT SOLUTIONS INC D/B/A TA,"Professional, Scientific, and Technical Services",NEWARK,CA,Continuation,1.0,0.0,1.0,1.0
2021,TECHCONNECT INC,"Professional, Scientific, and Technical Services",CUMMING,GA,Continuation,1.0,0.0,1.0,1.0
2021,TECHNOLANCE IT SERVICES LLC,"Professional, Scientific, and Technical Services",LOUISVILLE,KY,Change of Employer,1.0,0.0,1.0,1.0
2021,TECHNOVIZ LLC,"Professional, Scientific, and Technical Services",MADISON,WI,Continuation,3.0,0.0,3.0,1.0
2021,TENDER TOUCH REHAB SERVICES LLC,Health Care and Social Assistance,LAKEWOOD,NJ,Amended,1.0,0.0,1.0,1.0
2021,TESCO CONTROLS INC,33 - Manufacturing,SACRAMENTO,CA,Change with Same Employer,2.0,0.0,2.0,1.0
2021,TESCOM SILICON VALLEY CENTER INC,"Professional, Scientific, and Technical Services",SANTA CLARA,CA,New Employment,1.0,0.0,1.0,1.0
2021,TEXAS BIOMEDICAL RESEARCH INST,"Professional, Scientific, and Technical Services",SAN ANTONIO,TX,New Employment,1.0,0.0,1.0,1.0
2021,TEXAS CITIZENS BANK,Finance and Insurance,PASADENA,TX,New Employment,1.0,0.0,1.0,1.0
2021,THE MATLEN SILVER GROUP INC,Administrative and Support and Waste Management and Remediation Services,SOMERVILLE,NJ,New Employment,1.0,0.0,1.0,1.0
2021,THE MATTHEWS GROUP INC,Construction,PURCELLVILLE,VA,New Employment,1.0,0.0,1.0,1.0
2021,THE QUEENS MEDICAL CENTER,Health Care and Social Assistance,HONOLULU,HI,Continuation,4.0,0.0,4.0,1.0
2021,THE STEP2 COMPANY LLC,33 - Manufacturing,STREETSBORO,OH,Change of Employer,1.0,0.0,1.0,1.0
2021,THE TJX COMPANIES INC,45 - Retail Trade,FRAMINGHAM,MA,Change with Same Employer,8.0,0.0,8.0,1.0
2021,THUNDERSOFT AMERICA CORP,"Professional, Scientific, and Technical Services",MILPITAS,CA,Continuation,3.0,0.0,3.0,1.0
2021,TIANHAI ELECTRIC NORTH AMERICA INC,33 - Manufacturing,PONTIAC,MI,Continuation,1.0,0.0,1.0,1.0
2021,TIMELESS SEEDS INC,"Agriculture, Forestry, Fishing and Hunting",ULM,MT,New Employment,1.0,0.0,1.0,1.0
2021,TINYMARINE LLC,Wholesale Trade,CHINO,CA,New Employment,1.0,0.0,1.0,1.0
2021,TIVA SYSTEMS INC,"Professional, Scientific, and Technical Services",PALO ALTO,CA,Amended,1.0,0.0,1.0,1.0
2021,TODD BLAIR ENGEL DDS P C D/B/A ENG,Health Care and Social Assistance,CHARLOTTE,NC,New Employment,1.0,0.0,1.0,1.0
2021,TRANSITION NETWORKS INC,33 - Manufacturing,MINNETONKA,MN,Continuation,1.0,0.0,1.0,1.0
2021,TRANSPERFECT TRANSLATIONS INTL INC,"Professional, Scientific, and Technical Services",NEW YORK,NY,Change with Same Employer,3.0,0.0,3.0,1.0
2021,TRIMBLE INC,33 - Manufacturing,BROOMFIELD,CO,Continuation,11.0,0.0,11.0,1.0
2021,TRW ENGINEERS INC,"Professional, Scientific, and Technical Services",HOUSTON,TX,New Employment,1.0,0.0,1.0,1.0
2021,UBICQUIA INC,"Professional, Scientific, and Technical Services",FORT LAUDERDALE,FL,Change of Employer,1.0,0.0,1.0,1.0
2021,ULTIMATE THERAPY LLC,Health Care and Social Assistance,POMONA,NY,Continuation,1.0,0.0,1.0,1.0
2021,UNIQUE KEY RESOURCES INC,"Professional, Scientific, and Technical Services",COLLIERVILLE,TN,New Employment,2.0,1.0,3.0,0.6666666666666666
2021,UNITED MACHINING INC,33 - Manufacturing,STERLING HEIGHTS,MI,New Employment,1.0,0.0,1.0,1.0
2021,UNITED SOLUTIONS LLC DBA UNITED SO,"Professional, Scientific, and Technical Services",BENTONVILLE,AR,New Employment,3.0,0.0,3.0,1.0
2021,UNIV OF CENTRAL ARKANSAS,Educational Services,CONWAY,AR,Change of Employer,1.0,0.0,1.0,1.0
2021,UNIV OF MA MEDICAL SCHOOL,Educational Services,AMHERST,MA,New Employment,19.0,0.0,19.0,1.0
2021,UNIV OF NORTH CAROLINA PEMBROKE,Educational Services,PEMBROKE,NC,Continuation,3.0,1.0,4.0,0.75
2021,UNIV PHYSICIANS & SURGEONS INC D/B,Health Care and Social Assistance,HUNTINGTON,WV,Continuation,9.0,0.0,9.0,1.0
2021,UNIVERSITY OF HOUSTON,Educational Services,HOUSTON,TX,New Concurrent,1.0,0.0,1.0,1.0
2021,UNIVERSITY OF MARYLAND,Educational Services,CATONSVILLE,MD,New Concurrent,1.0,0.0,1.0,1.0
2021,UNIVERSITY OF MOUNT UNION,Educational Services,ALLIANCE,OH,Change of Employer,2.0,0.0,2.0,1.0
2021,UPMC HEALTH PLAN INC,Finance and Insurance,PITTSBURGH,PA,Continuation,1.0,0.0,1.0,1.0
2021,UTICA MUTUAL INSURANCE COMPANY,Finance and Insurance,NEW HARTFORD,NY,Change of Employer,1.0,0.0,1.0,1.0
2021,VEONEER US INC,"Professional, Scientific, and Technical Services",SOUTHFIELD,MI,Change with Same Employer,12.0,0.0,12.0,1.0
2021,VERDERAME CALE ARCHITECTURE PLLC,"Professional, Scientific, and Technical Services",NEW YORK,NY,Continuation,1.0,0.0,1.0,1.0
2021,VISA TECHNOLOGY & OPERATIONS LLC,Finance and Insurance,FOSTER CITY,CA,New Employment,37.0,1.0,38.0,0.9736842105263158
2021,VISION BUILDERS LLC,"Professional, Scientific, and Technical Services",CHARLOTTE,NC,New Employment,1.0,0.0,1.0,1.0
2021,VISION SOLAR,Utilities,BLACKWOOD,NJ,New Employment,1.0,0.0,1.0,1.0
2021,VISUAL TECHNOLOGIES LLC,"Professional, Scientific, and Technical Services",PLANO,TX,Change of Employer,9.0,1.0,10.0,0.9
2021,VRIT TECH INC,"Professional, Scientific, and Technical Services",HURST,TX,New Employment,3.0,0.0,3.0,1.0
2021,WAYNE COUNTY PUBLIC SCHOOL,Educational Services,GOLDSBORO,NC,Amended,0.0,1.0,1.0,0.0
2021,WHITEPAGES INC,Information,SEATTLE,WA,Amended,1.0,0.0,1.0,1.0
2021,WIENCEK & ASSOCS ARCHITECTS & PLAN,"Professional, Scientific, and Technical Services",WASHINGTON,DC,Continuation,1.0,0.0,1.0,1.0
2021,WILLIAM CAREY UNIV,Educational Services,HATTIESBURG,MS,Continuation,1.0,0.0,1.0,1.0
2021,XACTLY CORPORATION,"Professional, Scientific, and Technical Services",SAN JOSE,CA,New Employment,1.0,1.0,2.0,0.5
2021,XYZPRINTING INC.,33 - Manufacturing,LAKE FOREST,CA,New Employment,1.0,0.0,1.0,1.0
2021,YUBA BICYCLES LLC,33 - Manufacturing,COTATI,CA,New Employment,1.0,0.0,1.0,1.0
2021,ZACKS INVESTMENT MANAGEMENT INC,Finance and Insurance,CHICAGO,IL,Change with Same Employer,1.0,0.0,1.0,1.0
2021,ZILLIONIX LLC,"Professional, Scientific, and Technical Services",FREMONT,CA,Change of Employer,0.0,1.0,1.0,0.0
2021,"ZOIC, INC.",Information,CULVER CITY,CA,New Employment,1.0,0.0,1.0,1.0
2022,3CINTERACTIVE CORP,"Professional, Scientific, and Technical Services",BOCA RATON,FL,New Employment,1.0,0.0,1.0,1.0
2022,3S BUSINESS CORPORATION,"Professional, Scientific, and Technical Services",CYPRESS,TX,New Employment,0.0,1.0,1.0,0.0
2022,5247 BROADWAY DRUGS INC DBA DRUG MART,45 - Retail Trade,BRONX,NY,Continuation,1.0,0.0,1.0,1.0
2022,A 3 BY AIRBUS LLC,33 - Manufacturing,SUNNYVALE,CA,New Employment,1.0,0.0,1.0,1.0
2022,A T STILL UNIVERSITY OF HEALTH SCIENCES,Educational Services,KIRKSVILLE,MO,New Employment,2.0,0.0,2.0,1.0
2022,AA TECH GROUP LLC,"Professional, Scientific, and Technical Services",PARKER,CO,New Employment,11.0,0.0,11.0,1.0
2022,ABBOTT LABORATORIES,33 - Manufacturing,NORTH CHICAGO,IL,Change of Employer,12.0,0.0,12.0,1.0
2022,ACCELYA US INC,"Professional, Scientific, and Technical Services",MIAMI,FL,Continuation,1.0,0.0,1.0,1.0
2022,ACCO BRANDS USA LLC,33 - Manufacturing,LAKE ZURICH,IL,Amended,1.0,0.0,1.0,1.0
2022,ADALITEK GROUP LLC,"Professional, Scientific, and Technical Services",IRVING,TX,Continuation,3.0,0.0,3.0,1.0
2022,ADEMCO INC,"Professional, Scientific, and Technical Services",AUSTIN,TX,Change with Same Employer,1.0,0.0,1.0,1.0
2022,AEKYA INC,"Professional, Scientific, and Technical Services",EDISON,NJ,New Employment,2.0,0.0,2.0,1.0
2022,AG IMMIGRATION LAW GROUP PA,"Professional, Scientific, and Technical Services",LAS VEGAS,NV,New Employment,1.0,0.0,1.0,1.0
2022,AGAMA SOLUTIONS INC,"Professional, Scientific, and Technical Services",FREMONT,CA,Amended,2.0,0.0,2.0,1.0
2022,"AI SOFTWARE, LLC","Professional, Scientific, and Technical Services",TROY,MI,Continuation,1.0,0.0,1.0,1.0
2022,AKSCELLENCE INFO SOLUTIONS LLC,"Professional, Scientific, and Technical Services",MADISON,WI,New Employment,9.0,0.0,9.0,1.0
2022,ALFA MUTUAL INSURANCE COMPANY,Finance and Insurance,MONTGOMERY,AL,Continuation,6.0,0.0,6.0,1.0
2022,ALLANA BUICK & BERS INC,"Professional, Scientific, and Technical Services",PALO ALTO,CA,New Employment,1.0,0.0,1.0,1.0
2022,ALLENDALE COUNTY SCHOOL DISTRICT,Educational Services,FAIRFAX,SC,New Employment,3.0,0.0,3.0,1.0
2022,ALLSCRIPTS HEALTHCARE LLC,"Professional, Scientific, and Technical Services",RALEIGH,NC,Continuation,16.0,0.0,16.0,1.0
2022,ALLSTATE INSURANCE COMPANY,Finance and Insurance,NORTHBROOK,IL,New Employment,5.0,0.0,5.0,1.0
2022,ALM MEDIA LLC,Information,NEW YORK,NY,New Employment,1.0,0.0,1.0,1.0
2022,ALPHAINFOSYS INC,"Professional, Scientific, and Technical Services",SAINT LOUIS,MO,New Employment,6.0,0.0,6.0,1.0
2022,ALTAMETRICS LLC,"Professional, Scientific, and Technical Services",COSTA MESA,CA,Amended,1.0,0.0,1.0,1.0
2022,ALTEN TECHNOLOGY USA INC,Information,GREENSBORO,NC,New Employment,1.0,0.0,1.0,1.0
2022,ALTRUIST CORP D B A ALTRUIST,"Professional, Scientific, and Technical Services",CULVER CITY,CA,New Employment,3.0,0.0,3.0,1.0
2022,ALVAREZ MARSAL HOLDINGS LLC,"Professional, Scientific, and Technical Services",NEW YORK,NY,Continuation,2.0,0.0,2.0,1.0
2022,AMERICAN EDUCATION AND TRANSLATION SERVICES CORP,"Professional, Scientific, and Technical Services",MIAMI,FL,New Employment,1.0,0.0,1.0,1.0
2022,AMPLE IT SERVICES LLC,"Professional, Scientific, and Technical Services",IRVING,TX,Continuation,1.0,0.0,1.0,1.0
2022,ANJ AMERICA INC,"Professional, Scientific, and Technical Services",MEMPHIS,TN,New Employment,1.0,0.0,1.0,1.0
2022,APEX ANALYTIX LLC,"Professional, Scientific, and Technical Services",GREENSBORO,NC,New Employment,2.0,0.0,2.0,1.0
2022,APEX LOGISTICS INTERNATIONAL ORD INC,"Professional, Scientific, and Technical Services",FRANKLIN PARK,IL,Continuation,1.0,0.0,1.0,1.0
2022,APEX TECHNOLOGY GROUP INC,"Professional, Scientific, and Technical Services",EDISON,NJ,New Employment,3.0,0.0,3.0,1.0
2022,APTION LLC,"Professional, Scientific, and Technical Services",CHANTILLY,VA,Continuation,5.0,0.0,5.0,1.0
2022,APTTUS CORPORATION,"Professional, Scientific, and Technical Services",SAN MATEO,CA,Amended,6.0,0.0,6.0,1.0
2022,ARABLE LABS INC,"Professional, Scientific, and Technical Services",PRINCETON,NJ,Change with Same Employer,1.0,0.0,1.0,1.0
2022,ARCADIS U S INC,"Professional, Scientific, and Technical Services",LITTLETON,CO,New Employment,10.0,0.0,10.0,1.0
2022,ARCTURUS THERAPEUTICS INC,"Professional, Scientific, and Technical Services",SAN DIEGO,CA,Amended,1.0,0.0,1.0,1.0
2022,ARDIS DATA LLC,"Professional, Scientific, and Technical Services",PORT ORANGE,FL,Amended,2.0,0.0,2.0,1.0
2022,ARDURRA GROUP INC,"Professional, Scientific, and Technical Services",TAMPA,FL,New Employment,1.0,0.0,1.0,1.0
2022,AROOPA INC,Information,PRINCETON,NJ,New Employment,1.0,0.0,1.0,1.0
2022,ASTELLAS US LLC,"Professional, Scientific, and Technical Services",NORTHBROOK,IL,Continuation,2.0,0.0,2.0,1.0
2022,ASTUTE SOLUTIONS LLC,"Professional, Scientific, and Technical Services",FOLSOM,CA,New Concurrent,0.0,1.0,1.0,0.0
2022,ATLIS MOTOR VEHICLES LLC,33 - Manufacturing,MESA,AZ,New Employment,3.0,0.0,3.0,1.0
2022,AUGUST HOME INC,33 - Manufacturing,SAN FRANCISCO,CA,Change of Employer,2.0,0.0,2.0,1.0
2022,AUMRAJ INC,"Professional, Scientific, and Technical Services",FREMONT,CA,New Employment,1.0,0.0,1.0,1.0
2022,AURORA MEDICAL GROUP INC,Health Care and Social Assistance,MILWAUKEE,WI,Change of Employer,11.0,0.0,11.0,1.0
2022,AUSTIN COMMERCIAL L P,Construction,DALLAS,TX,Change of Employer,1.0,0.0,1.0,1.0
2022,AVAN IT LLC,"Professional, Scientific, and Technical Services",IRVING,TX,Continuation,1.0,0.0,1.0,1.0
2022,AVAST SOFTWARE INC,"Professional, Scientific, and Technical Services",CHARLOTTE,NC,New Employment,1.0,0.0,1.0,1.0
2022,BANK OF AMERICA NA,Finance and Insurance,CHARLOTTE,NC,Amended,64.0,0.0,64.0,1.0
2022,BERNALILLO PUBLIC SCHOOLS,Educational Services,BERNALILLO,NM,New Employment,3.0,0.0,3.0,1.0
2022,BERRY COLLEGE INC,Educational Services,MOUNT BERRY,GA,New Employment,1.0,0.0,1.0,1.0
2022,BIBLE STUDY FELLOWSHIP,Other Services (except Public Administration),SAN ANTONIO,TX,Change of Employer,1.0,0.0,1.0,1.0
2022,BIOTEK REMEDYS INC,45 - Retail Trade,NEW CASTLE,DE,New Employment,1.0,0.0,1.0,1.0
2022,BIXAL SOLUTIONS INC,"Professional, Scientific, and Technical Services",FAIRFAX,VA,New Employment,1.0,0.0,1.0,1.0
2022,BIZTECH2GO,"Professional, Scientific, and Technical Services",IRVINE,CA,Amended,1.0,0.0,1.0,1.0
2022,BLUE CROSS AND BLUE SHIELD OF ALABAMA,Finance and Insurance,BIRMINGHAM,AL,Continuation,9.0,0.0,9.0,1.0
2022,BMW US HOLDING CORP,Wholesale Trade,WOODCLIFF LAKE,NJ,New Employment,1.0,0.0,1.0,1.0
2022,BRIGHAM YOUNG UNIVERSITY,Educational Services,PROVO,UT,Continuation,1.0,0.0,1.0,1.0
2022,BRIGHT POWER INC,Construction,NEW YORK,NY,New Employment,3.0,0.0,3.0,1.0
2022,BRITECO INC,Information,EVANSTON,IL,New Employment,1.0,0.0,1.0,1.0
2022,BRONXCARE DR MARTIN LUTHER KING JR HEALTH CENTER,Health Care and Social Assistance,BRONX,NY,Continuation,1.0,0.0,1.0,1.0
2022,BROOKDALE EMPLOYEE SERVICES CORPOR,Health Care and Social Assistance,BRENTWOOD,TN,Continuation,1.0,0.0,1.0,1.0
2022,C & T EDUCATION LTD,Educational Services,E BRUNSWICK,NJ,New Employment,1.0,0.0,1.0,1.0
2022,CACI INC-FEDERAL,"Professional, Scientific, and Technical Services",RESTON,VA,Amended,1.0,0.0,1.0,1.0
2022,CAESAR RODNEY SCHOOL DISTRICT,Educational Services,SEAFORD,DE,Continuation,1.0,0.0,1.0,1.0
2022,CANTOR FITZGERALD LP,Finance and Insurance,NEW YORK,NY,Amended,1.0,0.0,1.0,1.0
2022,CAPGEMINI AMERICA INC,"Professional, Scientific, and Technical Services",MIAMISBURG,OH,Amended,7.0,0.0,7.0,1.0
2022,"CAPGEMINI AMERICA, INC.","Professional, Scientific, and Technical Services",CHICAGO,IL,New Employment,2.0,0.0,2.0,1.0
2022,CAREWELL AT PISTACHIO LLC,Health Care and Social Assistance,DAVIS,CA,New Employment,1.0,0.0,1.0,1.0
2022,CAROLINAS PHYSICIANS NETWORK INC D/B/A ATRIUM HEALTH MEDICAL GROUP,Health Care and Social Assistance,CHARLOTTE,NC,Change of Employer,3.0,0.0,3.0,1.0
2022,CARSON VALLEY MEDICAL CENTER,Health Care and Social Assistance,GARDNERVILLE,NV,Change of Employer,1.0,0.0,1.0,1.0
2022,CELTIC ENGRG INC,"Professional, Scientific, and Technical Services",WINDERMERE,FL,Continuation,1.0,0.0,1.0,1.0
2022,CHAGS HEALTH INFORMATION TECH LLC,"Professional, Scientific, and Technical Services",COLUMBIA,MD,Change of Employer,1.0,0.0,1.0,1.0
2022,CHAINALYTICS LLC,"Professional, Scientific, and Technical Services",ATLANTA,GA,Change of Employer,4.0,1.0,5.0,0.8
2022,CHEMTECH INNOVATORS LLC,"Professional, Scientific, and Technical Services",AKRON,OH,New Employment,1.0,0.0,1.0,1.0
2022,"CHILD & FAMILY SVCS OF EASTERN VA,",Health Care and Social Assistance,NORFOLK,VA,New Employment,1.0,0.0,1.0,1.0
2022,CHINA JUSHI USA CORPORATION,"Professional, Scientific, and Technical Services",COLUMBIA,SC,Change of Employer,1.0,0.0,1.0,1.0
2022,CHINATOWN MANPOWER PROJECT INC,Educational Services,NEW YORK,NY,New Employment,1.0,0.0,1.0,1.0
2022,CHINESE CHRISTIAN HERALD CRUSADES,Other Services (except Public Administration),FLUSHING,NY,Continuation,1.0,0.0,1.0,1.0
2022,CIENET TECHNOLOGIES LLC,"Professional, Scientific, and Technical Services",SANTA CLARA,CA,Change with Same Employer,6.0,0.0,6.0,1.0
2022,CITY OCEAN INTERNATIONAL INC,"Professional, Scientific, and Technical Services",DIAMOND BAR,CA,New Employment,1.0,0.0,1.0,1.0
2022,CITY OF CLEVELAND,Public Administration,CLEVELAND,OH,New Employment,1.0,0.0,1.0,1.0
2022,CLARK PACIFIC,Construction,WEST SACRAMENTO,CA,Change of Employer,1.0,0.0,1.0,1.0
2022,COLLABERA INC,"Professional, Scientific, and Technical Services",BASKING RIDGE,NJ,Amended,5.0,0.0,5.0,1.0
2022,COMMSYS TECHNOLOGY CORPORATION D/B/A CST CORP,"Professional, Scientific, and Technical Services",HOUSTON,TX,Change of Employer,1.0,0.0,1.0,1.0
2022,COMPASS GROUP HOLDINGS INC,Finance and Insurance,NEW YORK,NY,Continuation,1.0,0.0,1.0,1.0
2022,CONDUCTORONE INC,Information,PORTLAND,OR,Change of Employer,1.0,0.0,1.0,1.0
2022,CONJECTURE CONSULTING INC,"Professional, Scientific, and Technical Services",IRVINE,CA,Change of Employer,1.0,0.0,1.0,1.0
2022,CONSOARING INC,"Professional, Scientific, and Technical Services",KING OF PRUSSIA,PA,Continuation,1.0,0.0,1.0,1.0
2022,CORE GEOLOGIC LLC,"Mining, Quarrying, and Oil and Gas Extraction",DENVER,CO,New Employment,1.0,0.0,1.0,1.0
2022,CRANE CARRIER COMPANY LLC,33 - Manufacturing,NEW PHILADELPHIA,OH,Change of Employer,1.0,0.0,1.0,1.0
2022,CREATIVE SYNERGIES GROUP LLC,"Professional, Scientific, and Technical Services",OKEMOS,MI,New Employment,1.0,0.0,1.0,1.0
2022,CRISP FOOD LLC,"Professional, Scientific, and Technical Services",MIAMI,FL,Change of Employer,1.0,0.0,1.0,1.0
2022,CSA AMERICA TESTING & CERTIFICATIO,"Professional, Scientific, and Technical Services",INDEPENDENCE,OH,Change of Employer,1.0,0.0,1.0,1.0
2022,CSM MANUFACTURING CORP,33 - Manufacturing,FARMINGTON,MI,Change of Employer,1.0,0.0,1.0,1.0
2022,CTA CONSTRUCTION COMPANY INC,Construction,WALTHAM,MA,Amended,1.0,0.0,1.0,1.0
2022,CTEKKIES LLC,"Professional, Scientific, and Technical Services",PARLIN,NJ,New Employment,1.0,0.0,1.0,1.0
2022,CUBIC TECHNOLOGIES LLC,"Professional, Scientific, and Technical Services",IRVING,TX,Change of Employer,1.0,0.0,1.0,1.0
2022,CUROLOGY INC,Health Care and Social Assistance,SAN FRANCISCO,CA,Change of Employer,1.0,0.0,1.0,1.0
2022,CYBERSOLVE IT INC,"Professional, Scientific, and Technical Services",CARROLLTON,TX,New Employment,11.0,0.0,11.0,1.0
2022,DAIRY FARMERS OF AMERICA INC,"Agriculture, Forestry, Fishing and Hunting",KANSAS CITY,KS,Change of Employer,1.0,0.0,1.0,1.0
2022,DALLAS MEDICAL CENTER LLC DBA DALLAS MEDICAL CENTER,Health Care and Social Assistance,ONTARIO,CA,Continuation,1.0,0.0,1.0,1.0
2022,DASSAULT SYSTEMS SOLIDWORKS CORP,"Professional, Scientific, and Technical Services",LEOMINSTER,MA,Continuation,1.0,0.0,1.0,1.0
2022,DCS ENGINEERING LLC,"Professional, Scientific, and Technical Services",AUSTIN,TX,New Employment,1.0,0.0,1.0,1.0
2022,DELAWARE HEALTH INFORMATION NETWORK,Information,DOVER,DE,New Employment,1.0,0.0,1.0,1.0
2022,DENTAL PROFESSIONALS OF KANSAS PC,Health Care and Social Assistance,EFFINGHAM,IL,Continuation,1.0,0.0,1.0,1.0
2022,DEVEREUX CLEO WALLACE,Health Care and Social Assistance,WESTMINSTER,CO,New Employment,1.0,0.0,1.0,1.0
2022,DEVZEN TECHNOLOGIES LLC,"Professional, Scientific, and Technical Services",MECHANICSBURG,PA,New Employment,1.0,0.0,1.0,1.0
2022,DIGIPRESS DBA SPIRE,"Professional, Scientific, and Technical Services",PEABODY,MA,Continuation,1.0,0.0,1.0,1.0
2022,DKG SERVICES INC,"Professional, Scientific, and Technical Services",CHICAGO,IL,Continuation,1.0,0.0,1.0,1.0
2022,DOCKER INC,"Professional, Scientific, and Technical Services",PALO ALTO,CA,Change of Employer,1.0,0.0,1.0,1.0
2022,DOMTAR PAPER COMPANY LLC,33 - Manufacturing,FORT MILL,SC,Continuation,1.0,0.0,1.0,1.0
2022,DOTSON IT ASSET MANAGEMENT CORP,Wholesale Trade,CARROLLTON,TX,Continuation,1.0,0.0,1.0,1.0
2022,DRS SANDRA M KROKOS & THOMAS P KIS,Health Care and Social Assistance,HAZLE TOWNSHIP,PA,New Employment,1.0,0.0,1.0,1.0
2022,DRUT TECHNOLOGIES INC,"Professional, Scientific, and Technical Services",NASHUA,NH,New Employment,1.0,0.0,1.0,1.0
2022,EARNEST LLC,Finance and Insurance,SAN FRANCISCO,CA,Amended,1.0,0.0,1.0,1.0
2022,EASY SURFACES CORPORATION,"Professional, Scientific, and Technical Services",NORCROSS,GA,Change of Employer,1.0,0.0,1.0,1.0
2022,EBIX INC,"Professional, Scientific, and Technical Services",DULUTH,GA,New Employment,1.0,0.0,1.0,1.0
2022,EBOTS INC,"Professional, Scientific, and Technical Services",FREMONT,CA,Change of Employer,2.0,0.0,2.0,1.0
2022,ECHO IT SOLUTIONS INC,"Professional, Scientific, and Technical Services",IRVING,TX,New Concurrent,1.0,0.0,1.0,1.0
2022,EIPI10 LLC,"Professional, Scientific, and Technical Services",FORT WORTH,TX,Continuation,1.0,0.0,1.0,1.0
2022,ELECTRIC BIKE COMPANY,Wholesale Trade,NEWPORT BEACH,CA,New Employment,1.0,0.0,1.0,1.0
2022,ELITE CPA GROUP PLLC,"Professional, Scientific, and Technical Services",SOUTHFIELD,MI,Continuation,1.0,0.0,1.0,1.0
2022,ENCOMPASS HEALTH REHABILITATION HOSPITAL OF NORTHERN VIRGINIA,Health Care and Social Assistance,ALDIE,VA,Change of Employer,1.0,0.0,1.0,1.0
2022,ENDURANCE SERVICES LIMITED DBA SOMPO INTERNATIONAL,Finance and Insurance,FLORHAM PARK,NJ,Amended,2.0,0.0,2.0,1.0
2022,EPIC MEDICAL RESEARCH LLC,"Professional, Scientific, and Technical Services",RED OAK,TX,Change of Employer,1.0,0.0,1.0,1.0
2022,EQUILEND HOLDINGS LLC,Finance and Insurance,NEW YORK,NY,Continuation,1.0,0.0,1.0,1.0
2022,EQUITY METHODS LLC,"Professional, Scientific, and Technical Services",SCOTTSDALE,AZ,Continuation,5.0,1.0,6.0,0.8333333333333334
2022,FACTOR75 LLC,Accommodation and Food Services,BATAVIA,IL,New Employment,2.0,0.0,2.0,1.0
2022,FAIRVIEW HEALTH SERVICES,Health Care and Social Assistance,MINNEAPOLIS,MN,Change of Employer,3.0,0.0,3.0,1.0
2022,FIBROGEN INC,"Professional, Scientific, and Technical Services",SAN FRANCISCO,CA,Continuation,3.0,0.0,3.0,1.0
2022,FIDELIS GROUP,"Professional, Scientific, and Technical Services",LITTLE FERRY,NJ,Continuation,1.0,0.0,1.0,1.0
2022,FIDELITY INVESTMENTS,Finance and Insurance,RICHARDSON,TX,Change of Employer,1.0,0.0,1.0,1.0
2022,FIDELITY NATIONAL MANAGEMENT SERVI,Management of Companies and Enterprises,JACKSONVILLE,FL,New Employment,1.0,0.0,1.0,1.0
2022,FINANCIAL RECOVERY GROUP INC,"Professional, Scientific, and Technical Services",FORT LAUDERDALE,FL,Change of Employer,1.0,0.0,1.0,1.0
2022,FIRST SOLAR INC,33 - Manufacturing,TEMPE,AZ,Continuation,1.0,0.0,1.0,1.0
2022,FLATIRON HEALTH INC,"Professional, Scientific, and Technical Services",NEW YORK,NY,Amended,2.0,0.0,2.0,1.0
2022,FLEX CONSULTING GROUP INC,"Professional, Scientific, and Technical Services",EDISON,NJ,Amended,3.0,0.0,3.0,1.0
2022,FLEXTRONICS INTERNATIONAL USA INC,33 - Manufacturing,SAN JOSE,CA,New Employment,6.0,1.0,7.0,0.8571428571428571
2022,FLOCK FREIGHT INC,49 - Transportation and Warehousing,ENCINITAS,CA,Amended,1.0,0.0,1.0,1.0
2022,FLORIDA LEAGUE OF CITIES INC,"Professional, Scientific, and Technical Services",ORLANDO,FL,Change with Same Employer,1.0,0.0,1.0,1.0
2022,FRANKLIN PRECISION INDUSTRY INC,33 - Manufacturing,FRANKLIN,KY,Change of Employer,1.0,0.0,1.0,1.0
2022,FREQUENCE INC,Information,MOUNTAIN VIEW,CA,Change with Same Employer,1.0,0.0,1.0,1.0
2022,FRIESEN S INC,33 - Manufacturing,DETROIT LAKES,MN,Continuation,1.0,0.0,1.0,1.0
2022,FUGO INTERNATIONAL INC.,"Professional, Scientific, and Technical Services",IRVING,TX,New Employment,1.0,0.0,1.0,1.0
2022,FUJITSU AMERICA INC,"Professional, Scientific, and Technical Services",PITTSBURGH,PA,Change of Employer,16.0,0.0,16.0,1.0
2022,GARUDA THERAPEUTICS INC,"Professional, Scientific, and Technical Services",CAMBRIDGE,MA,New Employment,1.0,0.0,1.0,1.0
2022,GATEWAY SOLUTIONS INC,"Professional, Scientific, and Technical Services",OVERLAND PARK,KS,New Concurrent,1.0,0.0,1.0,1.0
2022,GAWFCO ENTERPRISES INC,45 - Retail Trade,LAFAYETTE,CA,Amended,1.0,0.0,1.0,1.0
2022,GEMINI CONSULTING & SERVICES LLC,"Professional, Scientific, and Technical Services",SAINT LOUIS,MO,New Concurrent,1.0,0.0,1.0,1.0
2022,GENERATE BIOMEDICINES INC,"Professional, Scientific, and Technical Services",CAMBRIDGE,MA,New Employment,2.0,0.0,2.0,1.0
2022,GIAMMALVA TENNIS INC DBA GIAMMALVA,Educational Services,SPRING,TX,Continuation,1.0,0.0,1.0,1.0
2022,GLOBAL BUSINESS CONSULTING SERVICE,"Professional, Scientific, and Technical Services",EDISON,NJ,Continuation,1.0,0.0,1.0,1.0
2022,GOLDEN GATE UNIVERSITY,Educational Services,SAN FRANCISCO,CA,Continuation,3.0,0.0,3.0,1.0
2022,GOOSEHEAD INSURANCE AGENCY LLC,Finance and Insurance,WESTLAKE,TX,New Employment,1.0,0.0,1.0,1.0
2022,GOVERNMENTJOBS COM INC D/B/A NEOGOV,Information,EL SEGUNDO,CA,Change of Employer,4.0,0.0,4.0,1.0
2022,GOVIN TECHNOLOGIES LLC,"Professional, Scientific, and Technical Services",GLEN ALLEN,VA,New Employment,1.0,0.0,1.0,1.0
2022,GRAPHIC PACKAGING INTERNATIONAL LLC,33 - Manufacturing,ATLANTA,GA,Continuation,1.0,0.0,1.0,1.0
2022,GREAT LAKES BAY HEALTH CENTERS,Health Care and Social Assistance,SAGINAW,MI,New Employment,1.0,0.0,1.0,1.0
2022,GRENIER ENGINEERING,"Professional, Scientific, and Technical Services",TUCSON,AZ,New Employment,1.0,0.0,1.0,1.0
2022,"GROHMANN USA, INC.","Professional, Scientific, and Technical Services",CHANDLER,AZ,New Employment,1.0,0.0,1.0,1.0
2022,GRW ENGINEERS INC,"Professional, Scientific, and Technical Services",LEXINGTON,KY,Continuation,1.0,0.0,1.0,1.0
2022,GUNNEBO ENTRANCE CONTROL INC,33 - Manufacturing,BENICIA,CA,Continuation,1.0,0.0,1.0,1.0
2022,GUSTO INC,Administrative and Support and Waste Management and Remediation Services,SAN FRANCISCO,CA,Change of Employer,1.0,0.0,1.0,1.0
2022,GUZMAN ENERGY LLC,Finance and Insurance,CORAL GABLES,FL,New Employment,1.0,0.0,1.0,1.0
2022,HABU INC,Information,SAN FRANCISCO,CA,Continuation,3.0,0.0,3.0,1.0
2022,HAMILTON RIVERSIDE DENTISTRY LLC,Health Care and Social Assistance,HAMILTON,OH,New Concurrent,1.0,0.0,1.0,1.0
2022,HART COOLEY LLC,33 - Manufacturing,GRAND RAPIDS,MI,New Employment,0.0,1.0,1.0,0.0
2022,HARTFORD FIRE INSURANCE COMPANY,Finance and Insurance,HARTFORD,CT,Amended,14.0,0.0,14.0,1.0
2022,HAWORTH INC,33 - Manufacturing,HOLLAND,MI,Continuation,2.0,0.0,2.0,1.0
2022,HCL GLOBAL SYSTEMS INC,"Professional, Scientific, and Technical Services",FARMINGTN HILLS,MI,Amended,1.0,0.0,1.0,1.0
2022,HEALING THERAPEUTICS PHYSICAL,Health Care and Social Assistance,PORT CHESTER,NY,Continuation,1.0,0.0,1.0,1.0
2022,HEALTH CATALYST INC,"Professional, Scientific, and Technical Services",SOUTH JORDAN,UT,Amended,1.0,0.0,1.0,1.0
2022,HEIDELBERG UNIV,Educational Services,TIFFIN,OH,Continuation,1.0,0.0,1.0,1.0
2022,HELENA AGRI ENTERPRISES LLC,Wholesale Trade,COLLIERVILLE,TN,Change of Employer,1.0,0.0,1.0,1.0
2022,HENSEL PHELPS CONSTRUCTION CO,Construction,GREELEY,CO,New Employment,1.0,0.0,1.0,1.0
2022,HERMES TECHNOLOGIES INC,"Professional, Scientific, and Technical Services",NORTH BRUNSWICK,NJ,Continuation,1.0,0.0,1.0,1.0
2022,HICAPS INC,Construction,GREENSBORO,NC,Change with Same Employer,1.0,0.0,1.0,1.0
2022,HM HEALTH SOLUTIONS INC,Finance and Insurance,PITTSBURGH,PA,Change with Same Employer,1.0,0.0,1.0,1.0
2022,HOFFMAN ENCLOSURES INC,33 - Manufacturing,ANOKA,MN,Continuation,1.0,0.0,1.0,1.0
2022,HOLMAN DISTRIBUTION CENTER OF WASHINGTON INC DBA HOLMAN LOGISTICS,49 - Transportation and Warehousing,KENT,WA,Continuation,1.0,0.0,1.0,1.0
2022,HOUZZ INC,"Professional, Scientific, and Technical Services",PALO ALTO,CA,Change with Same Employer,2.0,0.0,2.0,1.0
2022,HSNI LLC,45 - Retail Trade,ST PETERSBURG,FL,Change of Employer,1.0,0.0,1.0,1.0
2022,ICERTIS INC,"Professional, Scientific, and Technical Services",BELLEVUE,WA,Change of Employer,6.0,0.0,6.0,1.0
2022,IHEARTMEDIA ENTERTAINMENT INC,Information,SAN ANTONIO,TX,Change of Employer,3.0,0.0,3.0,1.0
2022,IHS GLOBAL INC DBA IHS MARKIT,Information,NEW YORK,NY,Change of Employer,1.0,0.0,1.0,1.0
2022,IM GLOBAL LLC,Wholesale Trade,SOUTH HOLLAND,IL,New Employment,1.0,0.0,1.0,1.0
2022,INDUS IT VALLEY INC,"Professional, Scientific, and Technical Services",SAINT LOUIS,MO,New Employment,1.0,0.0,1.0,1.0
2022,INDUS VALLEY PARTNERS CORP,"Professional, Scientific, and Technical Services",NEW YORK,NY,Continuation,1.0,0.0,1.0,1.0
2022,INFINITE SERVICES INC,Health Care and Social Assistance,BROOKLYN,NY,New Concurrent,1.0,0.0,1.0,1.0
2022,INFOMATICS TECHNOLOGIES INC,"Professional, Scientific, and Technical Services",FARMINGTON,MI,New Employment,22.0,0.0,22.0,1.0
2022,INFORMATION BOULEVARD LLC,"Professional, Scientific, and Technical Services",MOUNT LAUREL,NJ,New Employment,1.0,0.0,1.0,1.0
2022,INFOSYS LIMITED,"Agriculture, Forestry, Fishing and Hunting",RICHARDSON,TX,Amended,1.0,0.0,1.0,1.0
2022,INFRATERRA INC,"Professional, Scientific, and Technical Services",SAN FRANCISCO,CA,New Employment,1.0,0.0,1.0,1.0
2022,INFYSHINE INC,"Professional, Scientific, and Technical Services",GRAND RAPIDS,MI,Change of Employer,1.0,0.0,1.0,1.0
2022,INNOWI INC,"Professional, Scientific, and Technical Services",SANTA CLARA,CA,Amended,1.0,0.0,1.0,1.0
2022,INPATIENT CONSULTANTS OF FLORIDA INC,Health Care and Social Assistance,KNOXVILLE,TN,New Employment,1.0,0.0,1.0,1.0
2022,INSTITUTE FOR HUMAN CENTERED DESIGN,Educational Services,BOSTON,MA,Change with Same Employer,1.0,0.0,1.0,1.0
2022,INTEGRATION APPLIANCE INC DBA INTAPP INC,Information,PALO ALTO,CA,Continuation,1.0,0.0,1.0,1.0
2022,INTELLECT SOLUTIONS LLC,"Professional, Scientific, and Technical Services",HERNDON,VA,Continuation,1.0,0.0,1.0,1.0
2022,INTERNATIONAL CODE COUNCIL INC,Administrative and Support and Waste Management and Remediation Services,COUNTRY CLUB HILLS,IL,Continuation,1.0,0.0,1.0,1.0
2022,INTERNATIONAL MARINA GROUP I LP,"Arts, Entertainment, and Recreation",DALLAS,TX,Amended,1.0,0.0,1.0,1.0
2022,INVICTECH INC,"Professional, Scientific, and Technical Services",EAST WINDSOR,NJ,New Employment,8.0,0.0,8.0,1.0
2022,IOTICS CORPORATION LLC,"Professional, Scientific, and Technical Services",PLANO,TX,Amended,4.0,0.0,4.0,1.0
2022,ISN SOFTWARE CORPORATION,Information,DALLAS,TX,New Employment,5.0,0.0,5.0,1.0
2022,ISONOVA TECHNOLOGIES LLC,33 - Manufacturing,SPRINGFIELD,MO,Change of Employer,1.0,0.0,1.0,1.0
2022,IT COMMENCE INC,"Professional, Scientific, and Technical Services",IRVING,TX,Amended,1.0,0.0,1.0,1.0
2022,IVY TALENT INTL EDUCATION GR INC,Educational Services,WOBURN,MA,Continuation,2.0,0.0,2.0,1.0
2022,JACOBS ASSOCIATES INC,"Professional, Scientific, and Technical Services",SEATTLE,WA,New Employment,2.0,0.0,2.0,1.0
2022,JAPANESE AMERICAN SOCIAL SERVICES,Health Care and Social Assistance,NEW YORK,NY,New Employment,1.0,0.0,1.0,1.0
2022,JIM BEAM BRANDS CO,33 - Manufacturing,NEW YORK,NY,Change of Employer,1.0,0.0,1.0,1.0
2022,JOHNSON CONTROLS INC,33 - Manufacturing,MILWAUKEE,WI,Change with Same Employer,3.0,1.0,4.0,0.75
2022,JOHNSTON ARCHITECTS LLC,"Professional, Scientific, and Technical Services",SEATTLE,WA,Continuation,1.0,0.0,1.0,1.0
2022,JPMORGAN CHASE CO,Management of Companies and Enterprises,CHICAGO,IL,Continuation,5.0,1.0,6.0,0.8333333333333334
2022,K2VIEW LLC,"Professional, Scientific, and Technical Services",DALLAS,TX,Continuation,1.0,0.0,1.0,1.0
2022,K2VIEW LLC,"Professional, Scientific, and Technical Services",PLANO,TX,Change with Same Employer,1.0,0.0,1.0,1.0
2022,KARIKARI AND ASSOCIATES PC,"Professional, Scientific, and Technical Services",NEW YORK,NY,Continuation,1.0,0.0,1.0,1.0
2022,KEBOTIX INC,"Professional, Scientific, and Technical Services",CAMBRIDGE,MA,New Employment,1.0,0.0,1.0,1.0
2022,KENVIC TRAINING INC,Educational Services,FLUSHING,NY,New Employment,1.0,0.0,1.0,1.0
2022,KF VALVES LLC,33 - Manufacturing,HOUSTON,TX,New Employment,1.0,0.0,1.0,1.0
2022,KHP SOLUTIONS INC,"Professional, Scientific, and Technical Services",PLANO,TX,Change with Same Employer,1.0,0.0,1.0,1.0
2022,KIDDOM INC,Educational Services,SAN FRANCISCO,CA,New Employment,1.0,0.0,1.0,1.0
2022,KINETICAI INC,"Professional, Scientific, and Technical Services",SPRING,TX,Change of Employer,1.0,0.0,1.0,1.0
2022,KITTELSON & ASSOCIATES INC,"Professional, Scientific, and Technical Services",PORTLAND,OR,Continuation,2.0,0.0,2.0,1.0
2022,KNOVVA ACADEMY INC,Educational Services,BOSTON,MA,Amended,1.0,0.0,1.0,1.0
2022,KOLVAN CORPORATION,"Professional, Scientific, and Technical Services",LEWISVILLE,TX,New Employment,1.0,0.0,1.0,1.0
2022,KWS STRUCTURAL INC,"Professional, Scientific, and Technical Services",SOUTHLAKE,TX,Change of Employer,1.0,0.0,1.0,1.0
2022,L J GONZER ASSOCIATES,"Professional, Scientific, and Technical Services",CRANFORD,NJ,New Concurrent,0.0,1.0,1.0,0.0
2022,LAKE HEALTH DISTRICT DBA LAKE DIST,Health Care and Social Assistance,LAKEVIEW,OR,Continuation,1.0,0.0,1.0,1.0
2022,LAZEL INC,Educational Services,CHARLOTTESVILLE,VA,Change with Same Employer,1.0,0.0,1.0,1.0
2022,LEADIANT BIOSCIENCES INC,33 - Manufacturing,GAITHERSBURG,MD,Change with Same Employer,1.0,0.0,1.0,1.0
2022,LEVVEL LLC,"Professional, Scientific, and Technical Services",CHARLOTTE,NC,New Employment,1.0,0.0,1.0,1.0
2022,LGC GLOBAL INC,Construction,DETROIT,MI,New Employment,2.0,0.0,2.0,1.0
2022,LI ASSOCIATES DESIGN STUDIO,"Professional, Scientific, and Technical Services",BROOKLYN,NY,New Employment,1.0,0.0,1.0,1.0
2022,LINEMASTER SWITCH CORPORATION,33 - Manufacturing,WOODSTOCK,CT,New Employment,1.0,0.0,1.0,1.0
2022,LIVERAMP INC,"Professional, Scientific, and Technical Services",SAN FRANCISCO,CA,Change with Same Employer,6.0,0.0,6.0,1.0
2022,LOCUS MANAGEMENT LLC,33 - Manufacturing,SOLON,OH,New Employment,1.0,0.0,1.0,1.0
2022,LOGOS LOGISTICS INC,"Professional, Scientific, and Technical Services",ROMULUS,MI,Continuation,1.0,0.0,1.0,1.0
2022,LONG FINCH TECHNOLOGIES LLC,"Professional, Scientific, and Technical Services",EDISON,NJ,Change of Employer,1.0,0.0,1.0,1.0
2022,LOS ANGELES UNIFIED SCHOOL DISTRIC,Educational Services,LOS ANGELES,CA,New Employment,2.0,0.0,2.0,1.0
2022,LOUIS STOKES CLEVELAND VA MED CTR,Health Care and Social Assistance,CLEVELAND,OH,Change with Same Employer,1.0,0.0,1.0,1.0
2022,LOUISIANA TECH UNIVERSITY,Educational Services,RUSTON,LA,Change of Employer,1.0,0.0,1.0,1.0
2022,LTD MATERIAL LLC,33 - Manufacturing,AUSTIN,TX,Change of Employer,1.0,0.0,1.0,1.0
2022,LYCEE FRANCAIS DE LA NOUVELLE ORLEANS INC,Educational Services,NEW ORLEANS,LA,Continuation,2.0,1.0,3.0,0.6666666666666666
2022,M BOOTH ASSOCIATES LLC,"Professional, Scientific, and Technical Services",NEW YORK,NY,Continuation,1.0,0.0,1.0,1.0
2022,MACQUARIE INVESTMENT MGT ADVISERS,Finance and Insurance,PHILADELPHIA,PA,Change of Employer,2.0,0.0,2.0,1.0
2022,MAESTRO FOOD CO DBA TOVALA,Accommodation and Food Services,CHICAGO,IL,New Employment,1.0,0.0,1.0,1.0
2022,MAIN STREET CHIROPRACTIC AND PHYSICAL THERAPY PLLC,Health Care and Social Assistance,SPRING VALLEY,NY,New Employment,1.0,0.0,1.0,1.0
2022,MALONEBAILEY LLP,"Professional, Scientific, and Technical Services",HOUSTON,TX,New Employment,1.0,0.0,1.0,1.0
2022,MANHATTANVILLE COLLEGE,Educational Services,PURCHASE,NY,New Employment,1.0,0.0,1.0,1.0
2022,MANIILAQ ASSOCIATION INC,Health Care and Social Assistance,KOTZEBUE,AK,New Employment,1.0,0.0,1.0,1.0
2022,MANSON WESTERN CORPORATION DBA WESTERN PSYCHOLOGICAL SERVICES,Information,TORRANCE,CA,New Employment,1.0,0.0,1.0,1.0
2022,MARKETING ASSOCIATES LLC DBA ONEMAGNIFY,"Professional, Scientific, and Technical Services",DETROIT,MI,New Employment,5.0,0.0,5.0,1.0
2022,MATCHPOINT THERAPEUTICS INC,"Professional, Scientific, and Technical Services",CAMBRIDGE,MA,New Employment,1.0,0.0,1.0,1.0
2022,MAVERICK TUBE CORPORATION,33 - Manufacturing,HOUSTON,TX,New Employment,1.0,0.0,1.0,1.0
2022,MCLARNEY CONSTRUCTION INC,Construction,SAN JOSE,CA,Change with Same Employer,1.0,0.0,1.0,1.0
2022,MDLIVE INC,Health Care and Social Assistance,HOLLYWOOD,FL,Change of Employer,1.0,0.0,1.0,1.0
2022,MEDIMPACT HEALTHCARE SYSTEMS INC,45 - Retail Trade,SAN DIEGO,CA,Change with Same Employer,7.0,0.0,7.0,1.0
2022,MEGA INTERNATIONAL COMMERCIAL BANK CO LTD,Finance and Insurance,CHICAGO,IL,New Employment,1.0,0.0,1.0,1.0
2022,MEMORIAL HOSPITAL AT GULFPORT,Health Care and Social Assistance,GULFPORT,MS,Continuation,2.0,0.0,2.0,1.0
2022,MEMORIAL HOSPITAL INC D/B/A ADVENT,Health Care and Social Assistance,ALTAMONTE SPRINGS,FL,New Employment,1.0,0.0,1.0,1.0
2022,MERGANSER CAPITAL MANAGEMENT LLC,Finance and Insurance,BOSTON,MA,New Employment,1.0,0.0,1.0,1.0
2022,MERIDIAN HEALTH SERVICES CORP,Health Care and Social Assistance,MUNCIE,IN,Change of Employer,1.0,0.0,1.0,1.0
2022,MHK TECH INC,"Professional, Scientific, and Technical Services",HOUSTON,TX,New Employment,7.0,0.0,7.0,1.0
2022,MHM SUPPORT SERVICES,Health Care and Social Assistance,SAINT LOUIS,MO,Amended,1.0,0.0,1.0,1.0
2022,MIKAN ASSOCIATES LLC,"Professional, Scientific, and Technical Services",LINCOLNSHIRE,IL,New Employment,1.0,0.0,1.0,1.0
2022,MIREHAB PC,Health Care and Social Assistance,FARMINGTON HILLS,MI,Continuation,3.0,0.0,3.0,1.0
2022,MISSION HEALTH LABS INC DBA PICNICHEALTH,"Professional, Scientific, and Technical Services",SAN FRANCISCO,CA,Change of Employer,1.0,0.0,1.0,1.0
2022,MOJO SOLUTIONS AND SERVICES MSS LLC,"Professional, Scientific, and Technical Services",SANTA ANA,CA,Amended,2.0,0.0,2.0,1.0
2022,MONMOUTH UNIVERSITY,Educational Services,WEST LONG BRANCH,NJ,Continuation,2.0,0.0,2.0,1.0
2022,MORPHIC CORP,"Professional, Scientific, and Technical Services",NORTH BRUNSWICK,NJ,New Employment,1.0,0.0,1.0,1.0
2022,MOTIVE ENERGY STORAGE SOLUTIONS INC,Construction,FOUNTAIN VALLEY,CA,New Employment,1.0,0.0,1.0,1.0
2022,MOTOROLA SOLUTIONS INC,33 - Manufacturing,CHICAGO,IL,Change of Employer,24.0,0.0,24.0,1.0
2022,MROWL COM INC,Information,ALBUQUERQUE,NM,New Employment,1.0,0.0,1.0,1.0
2022,MS CENTER FOR ADVANCED MEDICINE PC,Health Care and Social Assistance,MADISON,MS,Continuation,1.0,0.0,1.0,1.0
2022,MSCI INC,Finance and Insurance,NEW YORK,NY,Continuation,1.0,0.0,1.0,1.0
2022,MSK COVERTECH INC,Wholesale Trade,ACWORTH,GA,Change of Employer,1.0,0.0,1.0,1.0
2022,MT PLEASANT ELEMENTARY SCHOOL DISTRICT,Educational Services,SAN JOSE,CA,Continuation,1.0,0.0,1.0,1.0
2022,MULTIPLAN INC,Finance and Insurance,NEW YORK,NY,Continuation,9.0,1.0,10.0,0.9
2022,MULTITECH INDUSTRIES LLC,33 - Manufacturing,CAROL STREAM,IL,New Employment,1.0,0.0,1.0,1.0
2022,MYCASE INC,"Professional, Scientific, and Technical Services",SAN DIEGO,CA,Change of Employer,1.0,1.0,2.0,0.5
2022,MYSAPIT LLC DBA MSITEK LLC,"Professional, Scientific, and Technical Services",PRINCETON,NJ,Amended,1.0,0.0,1.0,1.0
2022,NATIONAL ACADEMIES OF EMERGENCY DISPATCH DBA INTERNATIONAL ACADEMIES OF EMERGENCY DISPATCH,"Professional, Scientific, and Technical Services",SALT LAKE CITY,UT,New Concurrent,0.0,1.0,1.0,0.0
2022,NATIONAL COLLEGIATE SCOUTING ASSOC,"Professional, Scientific, and Technical Services",CHICAGO,IL,Change with Same Employer,1.0,0.0,1.0,1.0
2022,NATIONAL MOLDING LLC,33 - Manufacturing,HIALEAH,FL,Continuation,1.0,0.0,1.0,1.0
2022,NEPHROLOGY ASSOCIATES INC,Health Care and Social Assistance,EAST PROVIDENCE,RI,Amended,1.0,0.0,1.0,1.0
2022,NEUINTEL LLC,"Professional, Scientific, and Technical Services",IRVINE,CA,New Employment,1.0,0.0,1.0,1.0
2022,NEXSOLV INC,"Professional, Scientific, and Technical Services",CHANTILLY,VA,New Employment,1.0,0.0,1.0,1.0
2022,NFC SOLUTIONS USA INC,"Professional, Scientific, and Technical Services",ALPHARETTA,GA,New Employment,1.0,0.0,1.0,1.0
2022,NFP CORP,Management of Companies and Enterprises,AUSTIN,TX,Amended,1.0,0.0,1.0,1.0
2022,NHOMS PLLC,Health Care and Social Assistance,NASHUA,NH,New Employment,1.0,0.0,1.0,1.0
2022,NISHANDEEP CHAHAL DDS CORP,Health Care and Social Assistance,TURLOCK,CA,New Employment,1.0,0.0,1.0,1.0
2022,NITYA SOFTWARE SOLUTIONS INC,"Professional, Scientific, and Technical Services",SALT LAKE CTY,UT,Amended,1.0,0.0,1.0,1.0
2022,NOODLE ANALYTICS INC,"Professional, Scientific, and Technical Services",SAN FRANCISCO,CA,New Employment,1.0,0.0,1.0,1.0
2022,NOOR CONSULTANCY SERVICES INC,"Professional, Scientific, and Technical Services",LOMBARD,IL,New Employment,2.0,0.0,2.0,1.0
2022,NSF INTERNATIONAL,"Professional, Scientific, and Technical Services",ANN ARBOR,MI,Change of Employer,2.0,1.0,3.0,0.6666666666666666
2022,NUNA INCORPORATED,"Professional, Scientific, and Technical Services",SAN FRANCISCO,CA,New Employment,2.0,0.0,2.0,1.0
2022,NVEST INC,Finance and Insurance,TUCSON,AZ,Change of Employer,2.0,0.0,2.0,1.0
2022,OBRIEN ENGINEERING INC,"Professional, Scientific, and Technical Services",CARROLLTON,TX,New Employment,1.0,0.0,1.0,1.0
2022,OBRIEN ENGINEERING INC,"Professional, Scientific, and Technical Services",CARROLLTON,TX,Change of Employer,2.0,0.0,2.0,1.0
2022,OBSIDIAN SECURITY INC,"Professional, Scientific, and Technical Services",NEWPORT BEACH,CA,Continuation,1.0,0.0,1.0,1.0
2022,OFFICE OF THE LEGISLATIVE AUDITOR,Public Administration,SALT LAKE CITY,UT,Change with Same Employer,1.0,0.0,1.0,1.0
2022,ONTRAK INC,Finance and Insurance,LOS ANGELES,CA,Change of Employer,1.0,0.0,1.0,1.0
2022,ORANGE ULSTER BOARD OF COOPERATIVE EDU SERVICES (BOCES),Educational Services,GOSHEN,NY,Continuation,2.0,0.0,2.0,1.0
2022,ORBISS INC,"Professional, Scientific, and Technical Services",NEW YORK,NY,Change of Employer,1.0,0.0,1.0,1.0
2022,OREGE NORTH AMERICA INC,"Professional, Scientific, and Technical Services",COVINGTON,GA,Amended,1.0,0.0,1.0,1.0
2022,"ORGANIZATIONAL SCIENCES, LLC","Professional, Scientific, and Technical Services",MC LEAN,VA,Change of Employer,1.0,0.0,1.0,1.0
2022,OSO VENTURES INC,"Professional, Scientific, and Technical Services",NEWARK,CA,Amended,2.0,0.0,2.0,1.0
2022,OVERTIME SPORTS INC,"Arts, Entertainment, and Recreation",BROOKLYN,NY,New Employment,1.0,0.0,1.0,1.0
2022,PACIFIC BIOSCIENCES OF CALIFORNIA INC,33 - Manufacturing,MENLO PARK,CA,Change of Employer,5.0,0.0,5.0,1.0
2022,PACIFICA HOSTS INC,Accommodation and Food Services,SAN DIEGO,CA,Continuation,1.0,0.0,1.0,1.0
2022,PATTERSON UTI DRILLING COMPANY LLC,"Mining, Quarrying, and Oil and Gas Extraction",HOUSTON,TX,Change of Employer,1.0,0.0,1.0,1.0
2022,PCC TECHNOLOGY INC,"Professional, Scientific, and Technical Services",METAIRIE,LA,Change of Employer,1.0,0.0,1.0,1.0
2022,PELLA CORPORATION,33 - Manufacturing,PELLA,IA,Amended,3.0,0.0,3.0,1.0
2022,PERKINS EASTMAN ARCHITECTS DPC,"Professional, Scientific, and Technical Services",NEW YORK,NY,Change with Same Employer,6.0,0.0,6.0,1.0
2022,PHARMACEUTICAL RESEARCH ASSOCIATES INC,"Professional, Scientific, and Technical Services",BLUE BELL,PA,New Employment,10.0,1.0,11.0,0.9090909090909092
2022,PHARMAPACE INC,"Professional, Scientific, and Technical Services",SAN DIEGO,CA,Continuation,1.0,0.0,1.0,1.0
2022,PHELPS COUNTY REGIONAL MEDICAL CENTER,Health Care and Social Assistance,ROLLA,MO,Continuation,3.0,0.0,3.0,1.0
2022,PIM BRANDS LLC,33 - Manufacturing,SOMERSET,NJ,Change of Employer,1.0,0.0,1.0,1.0
2022,PLANNUH INC,Information,NEWTON CENTER,MA,New Employment,1.0,0.0,1.0,1.0
2022,POWWOW INC,"Professional, Scientific, and Technical Services",IRVINE,CA,New Employment,1.0,0.0,1.0,1.0
2022,PRATT INERMODAL CHASSIS LLC,33 - Manufacturing,NILES,MI,Change of Employer,1.0,0.0,1.0,1.0
2022,PREFERRED UTILITIES MFG CORP,33 - Manufacturing,DANBURY,CT,New Employment,1.0,0.0,1.0,1.0
2022,PREMIER GROUP SERVICES INC,"Professional, Scientific, and Technical Services",LANHAM,MD,New Employment,2.0,0.0,2.0,1.0
2022,PREMIUM GUARD INC,33 - Manufacturing,NEW YORK,NY,New Employment,1.0,0.0,1.0,1.0
2022,PRESIDIO INDEPENDENT SCHOOL DISTRICT,Educational Services,PRESIDIO,TX,Continuation,3.0,0.0,3.0,1.0
2022,PRESIDIUM PROPERTY MANAGEMENT LLC,Real Estate and Rental and Leasing,DALLAS,TX,Continuation,2.0,0.0,2.0,1.0
2022,PRIME GLOBAL PRODUCTS INC,Wholesale Trade,BALL GROUND,GA,Continuation,1.0,0.0,1.0,1.0
2022,PRODUCTIV INC,"Professional, Scientific, and Technical Services",PALO ALTO,CA,New Employment,2.0,0.0,2.0,1.0
2022,PROS INC,"Professional, Scientific, and Technical Services",HOUSTON,TX,Change of Employer,1.0,0.0,1.0,1.0
2022,PROVIDENCE HEALTH AND SERVICES OREGON,Health Care and Social Assistance,RENTON,WA,Continuation,2.0,0.0,2.0,1.0
2022,Q2 SOFTWARE,Administrative and Support and Waste Management and Remediation Services,AUSTIN,TX,Change with Same Employer,2.0,0.0,2.0,1.0
2022,QPHARMA INC,33 - Manufacturing,MORRISTOWN,NJ,Change of Employer,2.0,0.0,2.0,1.0
2022,QSC LLC,33 - Manufacturing,COSTA MESA,CA,Continuation,5.0,0.0,5.0,1.0
2022,QUANTIPHI INC,"Professional, Scientific, and Technical Services",MARLBOROUGH,MA,Change with Same Employer,1.0,0.0,1.0,1.0
2022,QUANTLAB FINANCIAL LLC,Finance and Insurance,HOUSTON,TX,Change with Same Employer,1.0,0.0,1.0,1.0
2022,QUIGIG INC,"Professional, Scientific, and Technical Services",HOUSTON,TX,New Employment,0.0,1.0,1.0,0.0
2022,QUIZLET INC,Information,SAN FRANCISCO,CA,Change with Same Employer,1.0,0.0,1.0,1.0
2022,RAM INTERNATIONAL INC DBA RAM,45 - Retail Trade,FARMINGTON HILLS,MI,Continuation,0.0,1.0,1.0,0.0
2022,RAPID7 LLC,"Professional, Scientific, and Technical Services",BOSTON,MA,Amended,2.0,0.0,2.0,1.0
2022,RAZOR TALENT LLC,"Professional, Scientific, and Technical Services",SHORT HILLS,NJ,Change of Employer,1.0,0.0,1.0,1.0
2022,REALTECH SERVICES LLC,"Professional, Scientific, and Technical Services",EDISON,NJ,Amended,1.0,0.0,1.0,1.0
2022,RESONANCE COMPANIES INC,"Professional, Scientific, and Technical Services",NEW YORK,NY,New Employment,1.0,0.0,1.0,1.0
2022,REX TEAM GENERAL LLC,"Professional, Scientific, and Technical Services",AUSTIN,TX,Change of Employer,3.0,0.0,3.0,1.0
2022,RICHEMONT NORTH AMERICA INC,33 - Manufacturing,NEW YORK,NY,Continuation,3.0,0.0,3.0,1.0
2022,RIVERPOINT MANAGEMENT LLC,"Professional, Scientific, and Technical Services",DES PLAINES,IL,Amended,2.0,0.0,2.0,1.0
2022,ROBERT HALF INTERNATIONAL INC,Administrative and Support and Waste Management and Remediation Services,FREMONT,CA,Change of Employer,1.0,0.0,1.0,1.0
2022,ROJO ARCHITECTURE LLC,"Professional, Scientific, and Technical Services",TAMPA,FL,Continuation,1.0,0.0,1.0,1.0
2022,ROUSH MANAGEMENT LLC,"Professional, Scientific, and Technical Services",LIVONIA,MI,New Employment,5.0,0.0,5.0,1.0
2022,RSE MARKETS INC,"Professional, Scientific, and Technical Services",NEW YORK,NY,Change of Employer,1.0,0.0,1.0,1.0
2022,RUBRIK INC,"Professional, Scientific, and Technical Services",PALO ALTO,CA,Change of Employer,37.0,0.0,37.0,1.0
2022,RUMMEL KLEPPER & KAHL LLP,"Professional, Scientific, and Technical Services",BALTIMORE,MD,Change of Employer,5.0,0.0,5.0,1.0
2022,S AND B INDUSTRY INC,Other Services (except Public Administration),FORT WORTH,TX,Continuation,1.0,0.0,1.0,1.0
2022,SAFRAN CABIN INC,33 - Manufacturing,HUNTINGTON BEACH,CA,Change of Employer,4.0,0.0,4.0,1.0
2022,SAHAA SOLUTIONS LLC DBA DATABRACKETS AND EHR 2 0,"Professional, Scientific, and Technical Services",CARY,NC,Change with Same Employer,1.0,0.0,1.0,1.0
2022,SAINT PAUL CHRISTIAN SCHOOL,Educational Services,YIGO,GU,New Employment,1.0,0.0,1.0,1.0
2022,SAP INDUSTRIES INC,"Professional, Scientific, and Technical Services",NEWTOWN SQUARE,PA,New Employment,1.0,0.0,1.0,1.0
2022,SARATOGA HOSPITAL,Health Care and Social Assistance,SARATOGA SPRINGS,NY,New Employment,3.0,0.0,3.0,1.0
2022,SAVI TECHNOLOGIES INC,"Professional, Scientific, and Technical Services",SUWANEE,GA,Continuation,9.0,0.0,9.0,1.0
2022,SCHOLAR IT SOLUTIONS INC,"Professional, Scientific, and Technical Services",DULUTH,GA,Change of Employer,6.0,0.0,6.0,1.0
2022,SCHWARTZ SIEVERS ANOIA ENGINEERING,"Professional, Scientific, and Technical Services",BETHESDA,MD,New Employment,1.0,0.0,1.0,1.0
2022,SCREEN SPE USA LLC,33 - Manufacturing,SUNNYVALE,CA,Continuation,1.0,0.0,1.0,1.0
2022,SEMINOLE DENTAL,Health Care and Social Assistance,SEMINOLE,TX,New Employment,1.0,0.0,1.0,1.0
2022,SENTINELONE INC,"Professional, Scientific, and Technical Services",MOUNTAIN VIEW,CA,Continuation,1.0,0.0,1.0,1.0
2022,SEQUENT GLOBAL TECHNOLOGIES INC,"Professional, Scientific, and Technical Services",SOMERSET,NJ,Amended,3.0,0.0,3.0,1.0
2022,SHAD ENGINEERS INC,"Professional, Scientific, and Technical Services",DESERT HOT SPRINGS,CA,New Employment,1.0,0.0,1.0,1.0
2022,SHOP LC GLOBAL INC DBA SHOP LC,45 - Retail Trade,AUSTIN,TX,New Employment,1.0,0.0,1.0,1.0
2022,SHOWINGTIME COM INC,"Professional, Scientific, and Technical Services",CHICAGO,IL,New Employment,1.0,0.0,1.0,1.0
2022,SHRI KRISHNA DRUGS INC. D/B/A HALL'S SPECIALTY PHARMACY,45 - Retail Trade,FORT WORTH,TX,Continuation,1.0,0.0,1.0,1.0
2022,SIBROS TECHNOLOGIES INC,"Professional, Scientific, and Technical Services",FOLSOM,CA,Change of Employer,6.0,0.0,6.0,1.0
2022,SIKICH LLP,"Professional, Scientific, and Technical Services",NAPERVILLE,IL,Continuation,1.0,0.0,1.0,1.0
2022,SILFAX INC A DIVISION OF LAM RESERACH CORPORATION,33 - Manufacturing,ESCALON,CA,New Employment,1.0,0.0,1.0,1.0
2022,SILVER HILL FUNDING LLC,Finance and Insurance,CORAL GABLES,FL,Amended,1.0,0.0,1.0,1.0
2022,SINGULAR GENOMICS SYSTEMS INC,"Professional, Scientific, and Technical Services",LA JOLLA,CA,New Employment,1.0,0.0,1.0,1.0
2022,SIOUX FALLS SCHOOL DISTRICT 49 5,Educational Services,SIOUX FALLS,SD,New Employment,11.0,0.0,11.0,1.0
2022,SLEEP NUMBER CORPORATION,45 - Retail Trade,MINNEAPOLIS,MN,New Employment,1.0,0.0,1.0,1.0
2022,SMARTTHINGS INC,Information,MOUNTAIN VIEW,CA,Change of Employer,2.0,0.0,2.0,1.0
2022,SMILE TEAM PC,Health Care and Social Assistance,PHILADELPHIA,PA,New Employment,1.0,0.0,1.0,1.0
2022,SOCIETY FOR SCIENCE & THE PUBLIC,"Professional, Scientific, and Technical Services",WASHINGTON,DC,Change with Same Employer,1.0,0.0,1.0,1.0
2022,SOFT STANDARD SOLUTIONS LLC,"Professional, Scientific, and Technical Services",DUNELLEN,NJ,New Employment,2.0,0.0,2.0,1.0
2022,SOUNDBUD MUSIC LLC,45 - Retail Trade,SAN FRANCISCO,CA,New Employment,0.0,1.0,1.0,0.0
2022,SOUTH GATE PHARMACY INC,45 - Retail Trade,SOUTH GATE,CA,Change of Employer,1.0,0.0,1.0,1.0
2022,SOUTHWEST AIRLINES CO,49 - Transportation and Warehousing,DALLAS,TX,Change with Same Employer,22.0,0.0,22.0,1.0
2022,SPAERO INC,"Professional, Scientific, and Technical Services",SAN FRANCISCO,CA,Change of Employer,1.0,0.0,1.0,1.0
2022,SPARTANNASH ASSOCIATES LLC,Wholesale Trade,BYRON CENTER,MI,Amended,2.0,0.0,2.0,1.0
2022,SPECTRUM LABS INC,"Professional, Scientific, and Technical Services",WALNUT CREEK,CA,Change with Same Employer,1.0,0.0,1.0,1.0
2022,"SPRING DISCOVERY,INC.","Professional, Scientific, and Technical Services",SAN CARLOS,CA,Continuation,1.0,0.0,1.0,1.0
2022,SRG GLOBAL LLC,Management of Companies and Enterprises,TROY,MI,Change of Employer,3.0,0.0,3.0,1.0
2022,SSM HEALTH CARE ST LOUIS D/B/A SSM HEALTH ST MARY S HOSPITAL ST LOUIS,Health Care and Social Assistance,ST LOUIS,MO,Continuation,1.0,0.0,1.0,1.0
2022,ST CLOUD STATE UNIVERSITY,Educational Services,WINONA,MN,New Employment,1.0,0.0,1.0,1.0
2022,ST NORBERT COLLEGE,Educational Services,DE PERE,WI,New Employment,3.0,0.0,3.0,1.0
2022,STILT INC,Finance and Insurance,SAN FRANCISCO,CA,Change of Employer,2.0,0.0,2.0,1.0
2022,STORAGECRAFT TECHNOLOGY LLC,"Professional, Scientific, and Technical Services",DRAPER,UT,New Employment,1.0,0.0,1.0,1.0
2022,STRATASYS INC,33 - Manufacturing,EDEN PRAIRIE,MN,New Employment,1.0,0.0,1.0,1.0
2022,STRATEGIC DATA SYSTEMS INC,"Professional, Scientific, and Technical Services",CINCINNATI,OH,Change of Employer,1.0,0.0,1.0,1.0
2022,SUNRAY ENTERPRISE INC,"Professional, Scientific, and Technical Services",ATLANTA,GA,Amended,5.0,0.0,5.0,1.0
2022,SUNRAY INFORMATICS INC,"Professional, Scientific, and Technical Services",EAST BRUNSWICK,NJ,Continuation,1.0,0.0,1.0,1.0
2022,SUSE LLC,Information,PROVO,UT,Continuation,1.0,0.0,1.0,1.0
2022,SV PROBE INC,33 - Manufacturing,TEMPE,AZ,New Employment,1.0,0.0,1.0,1.0
2022,SWA GROUP,"Professional, Scientific, and Technical Services",SAUSALITO,CA,Change of Employer,1.0,0.0,1.0,1.0
2022,SWIFT SOLUTIONS INC,"Professional, Scientific, and Technical Services",PARSIPPANY,NJ,Continuation,3.0,0.0,3.0,1.0
2022,SYMPHONY COMMUNICATION SERVICES LLC,"Professional, Scientific, and Technical Services",NEW YORK,NY,Continuation,3.0,0.0,3.0,1.0
2022,TAKEDA PHARMACEUTICALS USA INC,33 - Manufacturing,LEXINGTON,MA,Continuation,3.0,0.0,3.0,1.0
2022,TAKTICAL DIGITAL LLC,"Professional, Scientific, and Technical Services",NEW YORK,NY,New Employment,1.0,0.0,1.0,1.0
2022,TALENT4CONSULTING LLC,"Professional, Scientific, and Technical Services",FREMONT,CA,Change of Employer,0.0,1.0,1.0,0.0
2022,TAYLOR CORPORATION,33 - Manufacturing,NORTH MANKATO,MN,New Employment,1.0,0.0,1.0,1.0
2022,TECAN SYSTEMS INC,33 - Manufacturing,SAN JOSE,CA,Change of Employer,1.0,0.0,1.0,1.0
2022,TECH LONG INC,33 - Manufacturing,SUWANEE,GA,Continuation,1.0,0.0,1.0,1.0
2022,TECHIONS LLC,"Professional, Scientific, and Technical Services",MILPITAS,CA,New Employment,1.0,0.0,1.0,1.0
2022,TECHLANCE SOLUTIONS INC,"Professional, Scientific, and Technical Services",HOUSTON,TX,New Employment,1.0,0.0,1.0,1.0
2022,TECHNOLANCE IT SERVICES LLC,"Professional, Scientific, and Technical Services",LOUISVILLE,KY,New Employment,1.0,0.0,1.0,1.0
2022,TECHTRONIC INDUSTRIES NA INC,Management of Companies and Enterprises,FORT LAUDERDALE,FL,Change of Employer,1.0,0.0,1.0,1.0
2022,TEK LABS INC,"Professional, Scientific, and Technical Services",FARMINGTON,MI,Continuation,1.0,0.0,1.0,1.0
2022,TEK STAR CORPORATION,"Professional, Scientific, and Technical Services",HERNDON,VA,New Employment,1.0,0.0,1.0,1.0
2022,TEMPLE UNIVERSITY HOSPITAL INC,Educational Services,PHILADELPHIA,PA,Continuation,7.0,0.0,7.0,1.0
2022,TERAFINA INC,"Professional, Scientific, and Technical Services",ATLANTA,GA,Continuation,1.0,0.0,1.0,1.0
2022,TERRA NOVA STONE INC,Wholesale Trade,TAMPA,FL,Continuation,1.0,0.0,1.0,1.0
2022,TEXAS CHILDREN S HOSPITAL,Health Care and Social Assistance,HOUSTON,TX,Continuation,3.0,0.0,3.0,1.0
2022,TGS NOPEC GEOPHYSICAL COMPANY,"Professional, Scientific, and Technical Services",HOUSTON,TX,New Employment,1.0,0.0,1.0,1.0
2022,THE BROOKDALE HOSPITAL MEDICAL CTR,Health Care and Social Assistance,BROOKLYN,NY,Amended,1.0,0.0,1.0,1.0
2022,THE DEVEREUX FOUNDATION,Health Care and Social Assistance,REDHOOK,NY,New Employment,2.0,0.0,2.0,1.0
2022,THE J MOSS FDN DBA SKINNY GENE PRO,Public Administration,SAN DIEGO,CA,Continuation,1.0,0.0,1.0,1.0
2022,THE NEW ENGLAND SCHOOL OF ENGLISH,Educational Services,CAMBRIDGE,MA,Change of Employer,1.0,0.0,1.0,1.0
2022,THE OHIO STATE UNIVERSITY,Educational Services,COLUMBUS,OH,Continuation,41.0,0.0,41.0,1.0
2022,THE PINGRY CORPORATION D/B/A THE P,Educational Services,BASKING RIDGE,NJ,New Concurrent,1.0,0.0,1.0,1.0
2022,THE RESEARCH INSTITUTE OF FOX CHASE CANCER CENTER,"Professional, Scientific, and Technical Services",PHILADELPHIA,PA,Change with Same Employer,1.0,0.0,1.0,1.0
2022,THE UNIVERSITY OF TEXAS AT TYLER,Educational Services,TYLER,TX,Amended,1.0,0.0,1.0,1.0
2022,THE UNIVERSITY OF TEXAS RIO GRANDE VALLEY,Educational Services,EDINBURG,TX,New Employment,22.0,0.0,22.0,1.0
2022,THE WASHINGTON STEM CTR D/B/A WASHINGTON STEM,"Professional, Scientific, and Technical Services",SEATTLE,WA,New Employment,1.0,0.0,1.0,1.0
2022,THERAPY MANTRA INC,Health Care and Social Assistance,CHINO HILLS,CA,Continuation,1.0,0.0,1.0,1.0
2022,THOUGHTLINE TECHNOLOGIES INC,"Professional, Scientific, and Technical Services",LK IN THE HILLS,IL,New Employment,1.0,0.0,1.0,1.0
2022,THOUGHTWORKS INC,"Professional, Scientific, and Technical Services",CHICAGO,IL,Change of Employer,30.0,1.0,31.0,0.967741935483871
2022,THYMMUNE THERAPEUTICS INC,"Professional, Scientific, and Technical Services",CAMBRIDGE,MA,New Employment,1.0,0.0,1.0,1.0
2022,TIDES CENTER,Management of Companies and Enterprises,SAN FRANCISCO,CA,New Employment,1.0,0.0,1.0,1.0
2022,TK SOFTTECH SOLUTIONS LLC,"Professional, Scientific, and Technical Services",HERNDON,VA,New Employment,1.0,0.0,1.0,1.0
2022,TRACKONOMY SYSTEMS INC,33 - Manufacturing,SAN JOSE,CA,Amended,1.0,0.0,1.0,1.0
2022,TREMOR VIDEO INC,"Professional, Scientific, and Technical Services",NEW YORK,NY,Change of Employer,2.0,0.0,2.0,1.0
2022,TRIANGLE HOME FASHIONS LLC,Wholesale Trade,E BRUNSWICK,NJ,New Employment,1.0,0.0,1.0,1.0
2022,TRILLER INC,Information,LOS ANGELES,CA,Continuation,1.0,0.0,1.0,1.0
2022,TRILOGY WRITING & CONSULTING INC.,"Arts, Entertainment, and Recreation",DURHAM,NC,New Employment,1.0,0.0,1.0,1.0
2022,TRINSEO LLC,33 - Manufacturing,BERWYN,PA,Continuation,1.0,0.0,1.0,1.0
2022,TUSIMPLE INC,"Professional, Scientific, and Technical Services",SAN DIEGO,CA,Change of Employer,22.0,0.0,22.0,1.0
2022,TUSKEGEE UNIVERSITY,Educational Services,TUSKEGEE INST,AL,New Employment,1.0,0.0,1.0,1.0
2022,ULLOA DENTAL CORPORATION,Health Care and Social Assistance,SAN FRANCISCO,CA,Continuation,1.0,0.0,1.0,1.0
2022,ULTRAGENYX PHARMACEUTICAL INC,"Professional, Scientific, and Technical Services",NOVATO,CA,Change of Employer,7.0,0.0,7.0,1.0
2022,UNITED AMG PARTNERS INSURANCE SERVICE,Finance and Insurance,COSTA MESA,CA,Continuation,1.0,0.0,1.0,1.0
2022,UNIVERSITY OF CALIFORNIA IRVINE,Educational Services,IRVINE,CA,Change of Employer,7.0,0.0,7.0,1.0
2022,UNIVERSITY OF FINDLAY,Educational Services,FINDLAY,OH,Continuation,2.0,0.0,2.0,1.0
2022,UNIVERSITY OF NEVADA LAS VEGAS,Educational Services,LAS VEGAS,NV,Change of Employer,2.0,0.0,2.0,1.0
2022,UNIVERSITY OF NEW ORLEANS,Educational Services,NEW ORLEANS,LA,New Employment,4.0,0.0,4.0,1.0
2022,UNIVERSITY OF SAN DIEGO,Educational Services,SAN DIEGO,CA,Change of Employer,1.0,0.0,1.0,1.0
2022,UNIVERSITY OF SOUTHERN CALIFORNIA,Educational Services,LOS ANGELES,CA,New Employment,81.0,0.0,81.0,1.0
2022,UNIVERSITY OF VERMONT HEALTH NETWORK MEDICAL GROUP INC,Health Care and Social Assistance,SOUTH BURLINGTON,VT,Change of Employer,1.0,0.0,1.0,1.0
2022,UPMC ALTOONA REGIONAL HEALTH SERVICES INC,Health Care and Social Assistance,PITTSBURGH,PA,Continuation,1.0,0.0,1.0,1.0
2022,UPMC WILLIAMSPORT,Health Care and Social Assistance,PITTSBURGH,PA,New Employment,1.0,0.0,1.0,1.0
2022,UPWORK INC,"Professional, Scientific, and Technical Services",CHICO,CA,Change of Employer,1.0,0.0,1.0,1.0
2022,UST HEALTHPROOF INC,"Professional, Scientific, and Technical Services",ALISO VIEJO,CA,Change of Employer,1.0,0.0,1.0,1.0
2022,VEJARS TECHNOLOGIES INC,"Professional, Scientific, and Technical Services",COPPELL,TX,Amended,8.0,0.0,8.0,1.0
2022,VERILY LIFE SCIENCES LLC,"Professional, Scientific, and Technical Services",SOUTH SAN FRANCISCO,CA,Change of Employer,30.0,0.0,30.0,1.0
2022,VERMILLION LLC DBA VERMILION,Accommodation and Food Services,CHICAGO,IL,New Employment,1.0,0.0,1.0,1.0
2022,VHS OUTPATIENT CLINICS INC DBA ABRAZO MEDICAL GROUP,Health Care and Social Assistance,PHOENIX,AZ,Continuation,1.0,0.0,1.0,1.0
2022,VIACOM INTERNATIONAL INC,Information,NEW YORK,NY,Change with Same Employer,5.0,0.0,5.0,1.0
2022,VINCI CONSTRUCTION LLC,Construction,ALEXANDRIA,VA,New Employment,1.0,0.0,1.0,1.0
2022,VIRTUAL SYSTEMS SOLUTIONS INC DBA SOFTURA,"Professional, Scientific, and Technical Services",FARMINGTON HILLS,MI,Change of Employer,5.0,0.0,5.0,1.0
2022,VISIONET SYSTEMS INC,"Professional, Scientific, and Technical Services",CRANBURY,NJ,Amended,12.0,0.0,12.0,1.0
2022,VOLVO GROUP NORTH AMERICA LLC,33 - Manufacturing,GREENSBORO,NC,New Employment,8.0,0.0,8.0,1.0
2022,VOYA INVESTMENT MANAGEMENT LLC,Finance and Insurance,NEW YORK,NY,Continuation,2.0,0.0,2.0,1.0
2022,WATER REMEDIATION TECHNOLOGY LLC,33 - Manufacturing,WESTMINSTER,CO,Continuation,0.0,1.0,1.0,0.0
2022,"WB ENGINEERS & CONSULTANTS, INC.","Professional, Scientific, and Technical Services",NEW YORK,NY,New Employment,1.0,0.0,1.0,1.0
2022,WELLS FARGO SECURITIES LLC,Finance and Insurance,SIOUX FALLS,SD,New Employment,1.0,0.0,1.0,1.0
2022,WESTERN UNIV OF HEALTH SCIENCES,Educational Services,POMONA,CA,Continuation,1.0,1.0,2.0,0.5
2022,WILLIAMS SONOMA INC,45 - Retail Trade,SAN FRANCISCO,CA,New Employment,1.0,0.0,1.0,1.0
2022,WINDHAM BRANNON LLC,"Professional, Scientific, and Technical Services",ATLANTA,GA,New Employment,2.0,0.0,2.0,1.0
2022,WINTHROP & WEINSTINE,"Professional, Scientific, and Technical Services",MINNEAPOLIS,MN,New Employment,1.0,0.0,1.0,1.0
2022,WINWIRE TECHNOLOGIES INC,"Professional, Scientific, and Technical Services",SANTA CLARA,CA,Change of Employer,1.0,0.0,1.0,1.0
2022,WOLFSPEED INC,33 - Manufacturing,DURHAM,NC,New Employment,6.0,0.0,6.0,1.0
2022,WORTHWHILE INC DBA DENTAL SYMPHONY,"Professional, Scientific, and Technical Services",FORT WORTH,TX,New Employment,1.0,0.0,1.0,1.0
2022,WSP USA INC,"Professional, Scientific, and Technical Services",DENVER,CO,Change of Employer,1.0,0.0,1.0,1.0
2022,XAVIENT DIGITAL LLC,"Professional, Scientific, and Technical Services",LAS VEGAS,NV,Continuation,4.0,0.0,4.0,1.0
2022,XIP TECHNOLOGIES INC,Information,SAN FRANCISCO,CA,New Employment,1.0,0.0,1.0,1.0
2022,XOMOX PFT CORP,33 - Manufacturing,CINCINNATI,OH,Change of Employer,4.0,0.0,4.0,1.0
2022,XYLEM VUE INC,"Professional, Scientific, and Technical Services",SOUTH BEND,IN,New Employment,1.0,0.0,1.0,1.0
2022,YALE NEW HAVEN HEALTH SVCS CORP,Health Care and Social Assistance,NEW HAVEN,CT,Amended,1.0,0.0,1.0,1.0
2022,ZAYTUNA COLLEGE,Educational Services,BERKELEY,CA,New Employment,2.0,0.0,2.0,1.0
2022,ZIYA BUSINESS INC,Wholesale Trade,DECATUR,GA,Continuation,1.0,0.0,1.0,1.0
2023,3CORE SYSTEMS INC,"Professional, Scientific, and Technical Services",AUSTIN,TX,Amended,4.0,1.0,5.0,0.8
2023,626 OPCO LLC,Other Services (except Public Administration),BOCA RATON,FL,Amended,3.0,0.0,3.0,1.0
2023,A 3 BY AIRBUS LLC,33 - Manufacturing,SUNNYVALE,CA,New Employment,1.0,0.0,1.0,1.0
2023,AB TECHNOLOGIES INC,"Professional, Scientific, and Technical Services",IRVING,TX,Amended,8.0,1.0,9.0,0.8888888888888888
2023,AB TECHNOLOGIES INC,"Professional, Scientific, and Technical Services",IRVING,TX,New Employment,7.0,0.0,7.0,1.0
2023,ABINGTON MEMORIAL HOSPITAL DBA JEFFERSON HEALTH ABINGTON HOSPITAL,Health Care and Social Assistance,ABINGTON,PA,Continuation,2.0,0.0,2.0,1.0
2023,ABOTTS CONSULTING INC,"Professional, Scientific, and Technical Services",IRVINE,CA,Change of Employer,5.0,0.0,5.0,1.0
2023,ABSOLUTE HOSPITALITY LP,Accommodation and Food Services,SAN ANTONIO,TX,New Employment,0.0,1.0,1.0,0.0
2023,ACADEMY LTD D B A ACADEMY SPORTS OUTDOORS,45 - Retail Trade,KATY,TX,Amended,2.0,0.0,2.0,1.0
2023,ACCUPULSE MEDICAL INC,"Professional, Scientific, and Technical Services",OGDEN,UT,New Employment,1.0,0.0,1.0,1.0
2023,ACCURATE BACKGROUND LLC,Information,IRVINE,CA,Amended,1.0,0.0,1.0,1.0
2023,ACOUSTIC L P,"Professional, Scientific, and Technical Services",CONWAY,AR,Continuation,2.0,0.0,2.0,1.0
2023,ACSE SOLUTIONS LLC,"Professional, Scientific, and Technical Services",ELLICOTT CITY,MD,Continuation,1.0,0.0,1.0,1.0
2023,ADITI CONSULTING LLC,Administrative and Support and Waste Management and Remediation Services,BELLEVUE,WA,Continuation,4.0,0.0,4.0,1.0
2023,ADVANCED HOMECARE MANAGEMENT D B A ENHABIT HOME HEALTH & HOSPICE,Health Care and Social Assistance,DALLAS,TX,Change with Same Employer,1.0,0.0,1.0,1.0
2023,AGNES KIM AND ASSOCIATES P C D/B/A DREAM LAW,"Professional, Scientific, and Technical Services",ADDISON,TX,Amended,1.0,0.0,1.0,1.0
2023,ALAMANCE FOODS INC,33 - Manufacturing,BURLINGTON,NC,Change of Employer,1.0,0.0,1.0,1.0
2023,ALDINE INDEPENDENT SCHOOL DISTRICT,Educational Services,HOUSTON,TX,New Employment,4.0,1.0,5.0,0.8
2023,ALIXPARTNERS LLP,"Professional, Scientific, and Technical Services",SOUTHFIELD,MI,Continuation,25.0,0.0,25.0,1.0
2023,ALPS ALPINE NORTH AMERICA INC,33 - Manufacturing,AUBURN HILLS,MI,Continuation,3.0,0.0,3.0,1.0
2023,ALSTON & BIRD LLP,"Professional, Scientific, and Technical Services",ATLANTA,GA,Change of Employer,2.0,0.0,2.0,1.0
2023,ALTERRA HOLDINGS COMPANY,33 - Manufacturing,SEYMOUR,IN,New Employment,1.0,0.0,1.0,1.0
2023,ALVEO TECHNOLOGIES INC,33 - Manufacturing,ALAMEDA,CA,New Employment,1.0,0.0,1.0,1.0
2023,AMB CONSULTING GROUP LLC,"Professional, Scientific, and Technical Services",WETUMPKA,AL,New Employment,1.0,0.0,1.0,1.0
2023,AMERICAN EXPRESS TRAVEL RELATED SERVICES COMPANY INC,Finance and Insurance,NEW YORK,NY,Continuation,7.0,0.0,7.0,1.0
2023,AMERICAN NATIONAL INSURANCE COMPANY,Finance and Insurance,GALVESTON,TX,Continuation,6.0,1.0,7.0,0.8571428571428571
2023,APPLIED MEDICAL RESOURCES CORPORATION,33 - Manufacturing,RCHO STA MARG,CA,New Employment,1.0,0.0,1.0,1.0
2023,APPVIEWX INC,Information,NEW YORK,NY,Continuation,1.0,0.0,1.0,1.0
2023,ARAYMOND NORTH AMERICA LLC,33 - Manufacturing,ROCHESTER HILLS,MI,Continuation,1.0,0.0,1.0,1.0
2023,ARCHIE TECHNOLOGIES INC,Finance and Insurance,BROOKLYN,NY,New Employment,1.0,0.0,1.0,1.0
2023,ARCHIMAERA ARCHITECTURE PC,"Professional, Scientific, and Technical Services",BROOKLYN,NY,Continuation,1.0,0.0,1.0,1.0
2023,ARCHWELL ESSENTIALS LLC,"Professional, Scientific, and Technical Services",DEERFIELD BEACH,FL,Amended,2.0,0.0,2.0,1.0
2023,ARTEMIS POWER TECH INC,"Professional, Scientific, and Technical Services",LEWES,DE,New Employment,1.0,0.0,1.0,1.0
2023,ASANA INC,"Professional, Scientific, and Technical Services",SAN FRANCISCO,CA,Change with Same Employer,2.0,0.0,2.0,1.0
2023,ASHLEY HOMESTORES LTD,45 - Retail Trade,ARCADIA,WI,Continuation,1.0,0.0,1.0,1.0
2023,ASIAN AMERICAN COMMUNITY SERVICES INC,Health Care and Social Assistance,COLUMBUS,OH,Change with Same Employer,2.0,0.0,2.0,1.0
2023,ASIAN SERVICES IN ACTION INC,Public Administration,AKRON,OH,New Employment,1.0,0.0,1.0,1.0
2023,ASPIRATION PARTNERS INC,Finance and Insurance,MARINA DEL REY,CA,New Employment,1.0,0.0,1.0,1.0
2023,ASSUMPTION UNIVERSITY,Educational Services,WORCESTER,MA,Change with Same Employer,1.0,0.0,1.0,1.0
2023,ASURION LLC,Finance and Insurance,NASHVILLE,TN,Continuation,36.0,2.0,38.0,0.9473684210526316
2023,ATLANTICARE REGIONAL MEDICAL CENTER,Health Care and Social Assistance,ATLANTIC CITY,NJ,Continuation,3.0,0.0,3.0,1.0
2023,ATOS SYNTEL INC,"Professional, Scientific, and Technical Services",TROY,MI,New Employment,126.0,3.0,129.0,0.9767441860465116
2023,AUROMIRA CORP DBA DIMAS PHARMACY,45 - Retail Trade,BAKERSFIELD,CA,Continuation,0.0,1.0,1.0,0.0
2023,AURUM DATA SOLUTIONS INC ADSI,"Professional, Scientific, and Technical Services",FREMONT,CA,Continuation,1.0,0.0,1.0,1.0
2023,AUTONOMIC LLC,"Professional, Scientific, and Technical Services",PALO ALTO,CA,Change with Same Employer,2.0,0.0,2.0,1.0
2023,AVNIL LLC,"Professional, Scientific, and Technical Services",ALPHARETTA,GA,New Employment,1.0,0.0,1.0,1.0
2023,AVPM CA 42 LP,"Professional, Scientific, and Technical Services",SAN ANTONIO,TX,New Concurrent,1.0,0.0,1.0,1.0
2023,AXIADO CORPORATION,33 - Manufacturing,SAN JOSE,CA,Change with Same Employer,2.0,0.0,2.0,1.0
2023,B CAPITAL GROUP US LLC,Finance and Insurance,MANHATTAN BEACH,CA,Change with Same Employer,1.0,0.0,1.0,1.0
2023,BALLAD HEALTH,Health Care and Social Assistance,KINGSPORT,TN,New Employment,1.0,0.0,1.0,1.0
2023,BAYER US LLC,33 - Manufacturing,SAINT LOUIS,MO,Change of Employer,9.0,0.0,9.0,1.0
2023,BBB INDUSTRIES LLC,33 - Manufacturing,DAPHNE,AL,Change of Employer,3.0,0.0,3.0,1.0
2023,BEFORE YOU SOLUTIONS LLC,"Professional, Scientific, and Technical Services",CUMMING,GA,New Employment,7.0,0.0,7.0,1.0
2023,BELLIN MEMORIAL HOSPITAL INC,Health Care and Social Assistance,GREEN BAY,WI,Continuation,1.0,0.0,1.0,1.0
2023,BHRIGUS INC,"Professional, Scientific, and Technical Services",FARMINGTON HILLS,MI,Change of Employer,1.0,0.0,1.0,1.0
2023,BIG LOTS MANAGEMENT LLC,45 - Retail Trade,WESTERVILLE,OH,Amended,1.0,0.0,1.0,1.0
2023,BIOENERGY DEVELOPMENT GROUP LLC,33 - Manufacturing,MEMPHIS,TN,Continuation,1.0,0.0,1.0,1.0
2023,BLOCKEDGE TECHNOLOGIES INC,"Professional, Scientific, and Technical Services",EAST BRUNSWICK,NJ,Continuation,1.0,0.0,1.0,1.0
2023,BLUE SPIRE INC,"Professional, Scientific, and Technical Services",PHOENIX,AZ,Continuation,1.0,0.0,1.0,1.0
2023,BTI SOLUTIONS INC,"Professional, Scientific, and Technical Services",RICHARDSON,TX,Amended,1.0,0.0,1.0,1.0
2023,BUSITANTS INCORPORATED,"Professional, Scientific, and Technical Services",PROVIDENCE,RI,Change of Employer,5.0,0.0,5.0,1.0
2023,C A INDUSTRIES LLC,"Professional, Scientific, and Technical Services",OMAHA,NE,Continuation,1.0,0.0,1.0,1.0
2023,CA STATE UNIVERSITY EAST BAY,Educational Services,HAYWARD,CA,New Employment,3.0,0.0,3.0,1.0
2023,CAL STATE UNIVERSITY SACRAMENTO,Educational Services,SACRAMENTO,CA,Change of Employer,3.0,1.0,4.0,0.75
2023,CALIF STATE UNIVERSITY FULLERTON,Educational Services,FULLERTON,CA,Continuation,2.0,0.0,2.0,1.0
2023,CALIFORNIA DEPARTMENT OF CORRECTIONS AND REHABILITATION,Public Administration,ELK GROVE,CA,Continuation,6.0,0.0,6.0,1.0
2023,CALIFORNIA POLYTECHNIC STATE UNIV,Educational Services,SAN LUIS OBISPO,CA,Amended,1.0,0.0,1.0,1.0
2023,CAPITAL ONE SERVICES LLC,Finance and Insurance,HENRICO,VA,New Employment,27.0,0.0,27.0,1.0
2023,CARMAN SOLUTIONS GROUP INC,"Professional, Scientific, and Technical Services",CUMMING,GA,Change of Employer,1.0,0.0,1.0,1.0
2023,CB NEPTUNE HOLDINGS LLC,"Professional, Scientific, and Technical Services",JERSEY CITY,NJ,Continuation,2.0,0.0,2.0,1.0
2023,CELGENE CORPORATION,33 - Manufacturing,SUMMIT,NJ,Change of Employer,3.0,0.0,3.0,1.0
2023,CENTER FOR AMERICAN PROGRESS,"Professional, Scientific, and Technical Services",WASHINGTON,DC,New Employment,1.0,0.0,1.0,1.0
2023,CENTRAL CONTRA COSTA TRANSIT AUTHORITY,49 - Transportation and Warehousing,CONCORD,CA,Continuation,1.0,0.0,1.0,1.0
2023,CENTRAL FLORIDA HOSPITALS PARTNERS PA,Health Care and Social Assistance,APOPKA,FL,Change of Employer,1.0,0.0,1.0,1.0
2023,CENTRIC CONSULTING LLC,"Professional, Scientific, and Technical Services",DAYTON,OH,New Employment,13.0,1.0,14.0,0.9285714285714286
2023,CH INVESTMENT PARTNERS LLC,Finance and Insurance,DALLAS,TX,Continuation,1.0,0.0,1.0,1.0
2023,CH2M HILL INC,"Professional, Scientific, and Technical Services",HOUSTON,TX,Change of Employer,1.0,0.0,1.0,1.0
2023,CHESTNUT HILL COLLEGE,Educational Services,PHILADELPHIA,PA,New Employment,1.0,0.0,1.0,1.0
2023,CHEWY INC,45 - Retail Trade,DANIA,FL,Amended,7.0,0.0,7.0,1.0
2023,CHRONICLED INC,"Professional, Scientific, and Technical Services",SAN FRANCISCO,CA,Change of Employer,1.0,0.0,1.0,1.0
2023,CIGNEX INC,"Professional, Scientific, and Technical Services",LIVONIA,MI,New Employment,1.0,0.0,1.0,1.0
2023,CIRA INFOTECH INC,"Professional, Scientific, and Technical Services",ALPHARETTA,GA,Change with Same Employer,1.0,1.0,2.0,0.5
2023,CITICORP CREDIT SERVICES INC USA,Finance and Insurance,NEW YORK,NY,New Employment,1.0,0.0,1.0,1.0
2023,CITRUSBITS INC,"Professional, Scientific, and Technical Services",PLEASANTON,CA,New Employment,1.0,0.0,1.0,1.0
2023,CKV PEDIATRIC DENTISTRY PLLC DBA HAPPY KIDS PEDIATRIC DENTISTRY,Health Care and Social Assistance,FRISCO,TX,Change of Employer,1.0,0.0,1.0,1.0
2023,CLARION CORPORATION OF AMERICA,Wholesale Trade,AUBURN HILLS,MI,Continuation,2.0,0.0,2.0,1.0
2023,CLOUD NINE TECHNOLOGIES INC,"Professional, Scientific, and Technical Services",HERNDON,VA,Change of Employer,2.0,0.0,2.0,1.0
2023,CLOUTICS CODERS INC DBA CLOUTICS INC,"Professional, Scientific, and Technical Services",EDISON,NJ,New Employment,8.0,0.0,8.0,1.0
2023,CLUTCHPOINT LLC,"Professional, Scientific, and Technical Services",CENTREVILLE,VA,New Employment,1.0,0.0,1.0,1.0
2023,COCA COLA SOUTHWEST BEVERAGES LLC,33 - Manufacturing,DALLAS,TX,New Employment,1.0,0.0,1.0,1.0
2023,COINBASE INC,Finance and Insurance,OAKLAND,CA,New Employment,9.0,0.0,9.0,1.0
2023,COMMSCOPE TECHNOLOGIES LLC,33 - Manufacturing,HICKORY,NC,New Employment,2.0,0.0,2.0,1.0
2023,COMMUNITY HEALTH CARE INC,Health Care and Social Assistance,DAVENPORT,IA,Continuation,2.0,0.0,2.0,1.0
2023,COMPU21 INSTITUTE CORP,Educational Services,FLUSHING,NY,Change of Employer,1.0,0.0,1.0,1.0
2023,COMPUTER POWER GROUP INC,"Professional, Scientific, and Technical Services",JACKSONVILLE,FL,New Employment,3.0,2.0,5.0,0.6
2023,CONCRETE SAFETY SYSTEM,"Professional, Scientific, and Technical Services",BETHEL,PA,New Employment,1.0,0.0,1.0,1.0
2023,CONFIZ LLC,"Professional, Scientific, and Technical Services",BELLEVUE,WA,New Employment,8.0,0.0,8.0,1.0
2023,CORE TECH CONSTRUCTION CORPORATION,Construction,TAMUNING,GU,Change of Employer,1.0,0.0,1.0,1.0
2023,CORTEVA AGRISCIENCE LLC,"Professional, Scientific, and Technical Services",INDIANAPOLIS,IN,New Employment,14.0,0.0,14.0,1.0
2023,CRAWFORD MURPHY TILLY INC,"Professional, Scientific, and Technical Services",SPRINGFIELD,IL,New Employment,1.0,0.0,1.0,1.0
2023,CREATIVE TEAM LLC,"Professional, Scientific, and Technical Services",HOUSTON,TX,New Employment,11.0,1.0,12.0,0.9166666666666666
2023,CREDIT SUISSE SECURITIES USA LLC,Finance and Insurance,NEW YORK,NY,Change of Employer,10.0,0.0,10.0,1.0
2023,CUBERG INC,33 - Manufacturing,SAN LEANDRO,CA,New Employment,1.0,0.0,1.0,1.0
2023,CUBES TECHNOLOGIES INC,"Professional, Scientific, and Technical Services",BLOOMINGTON,IL,Continuation,1.0,0.0,1.0,1.0
2023,CXOPS LLC,Information,EL SEGUNDO,CA,Change of Employer,2.0,0.0,2.0,1.0
2023,DASH REGULATORY TECHNOLOGIES LLC,"Professional, Scientific, and Technical Services",JERSEY CITY,NJ,Continuation,1.0,0.0,1.0,1.0
2023,DEDICATED PHYSICIANS GROUP OF TEXAS PLLC,Health Care and Social Assistance,MIAMI GARDENS,FL,Change with Same Employer,1.0,0.0,1.0,1.0
2023,DEEPBD INC,"Professional, Scientific, and Technical Services",FAIRFAX,VA,New Employment,1.0,0.0,1.0,1.0
2023,DEFI AUTO LLC,Information,ROANOKE,TX,Continuation,1.0,0.0,1.0,1.0
2023,DELL FINANCIAL SERVICES L L C,Wholesale Trade,ROUND ROCK,TX,Continuation,1.0,0.0,1.0,1.0
2023,DELTA MATERIALS HANDLING INC,Wholesale Trade,MEMPHIS,TN,Continuation,1.0,0.0,1.0,1.0
2023,DESERVE INC,Finance and Insurance,PALO ALTO,CA,Amended,2.0,0.0,2.0,1.0
2023,DEXTERITY INC,"Professional, Scientific, and Technical Services",REDWOOD CITY,CA,Amended,1.0,0.0,1.0,1.0
2023,DIGNITY HEALTH,Health Care and Social Assistance,SANTA MARIA,CA,Continuation,0.0,1.0,1.0,0.0
2023,DISCOVER TECHNOLOGIES INC,"Professional, Scientific, and Technical Services",IRVING,TX,New Employment,9.0,2.0,11.0,0.8181818181818182
2023,DOCTORS ONLY LLC,Finance and Insurance,CHESTERFIELD,MO,Continuation,1.0,0.0,1.0,1.0
2023,DOEREN MAYHEW CO P C,"Professional, Scientific, and Technical Services",TROY,MI,Change of Employer,1.0,0.0,1.0,1.0
2023,DOLE PACKAGED FOODS LLC,33 - Manufacturing,WESTLAKE VILLAGE,CA,Continuation,1.0,0.0,1.0,1.0
2023,DOMINION ENERGY SERVICES INC,Utilities,CAYCE,SC,Change with Same Employer,1.0,0.0,1.0,1.0
2023,DOORDASH INC,"Professional, Scientific, and Technical Services",SAN FRANCISCO,CA,Change with Same Employer,14.0,0.0,14.0,1.0
2023,DORLE CONTROLS LLC,"Professional, Scientific, and Technical Services",FARMINGTON HILLS,MI,New Employment,1.0,0.0,1.0,1.0
2023,DOUGLAS UNIFIED SCHOOL DISTRICT 27,Information,DOUGLAS,AZ,New Employment,1.0,0.0,1.0,1.0
2023,DROPLETTE INC,"Professional, Scientific, and Technical Services",BOSTON,MA,Amended,1.0,0.0,1.0,1.0
2023,DURACELL MANUFACTURING LLC,33 - Manufacturing,FAIRBURN,GA,Continuation,1.0,0.0,1.0,1.0
2023,EATON CORPORATION,33 - Manufacturing,CLEVELAND,OH,Change of Employer,9.0,0.0,9.0,1.0
2023,EBAY INC,45 - Retail Trade,SAN JOSE,CA,Change with Same Employer,8.0,0.0,8.0,1.0
2023,EHVERT INC,"Professional, Scientific, and Technical Services",DALLAS,TX,New Employment,1.0,1.0,2.0,0.5
2023,EIGEN X LLC,"Professional, Scientific, and Technical Services",KING OF PRUSSIA,PA,Continuation,1.0,0.0,1.0,1.0
2023,ELITE IT SOLUTIONS INC,"Professional, Scientific, and Technical Services",STERLING,VA,New Employment,3.0,1.0,4.0,0.75
2023,EMBRY RIDDLE AERONAUTICAL UNIVERSITY,Educational Services,DAYTONA BEACH,FL,Continuation,14.0,2.0,16.0,0.875
2023,EMPOWERED SYSTEMS LLC,"Professional, Scientific, and Technical Services",DOVER,DE,Change of Employer,1.0,0.0,1.0,1.0
2023,ENABLING STRATEGIES LTD,Real Estate and Rental and Leasing,WALNUT CREEK,CA,New Employment,1.0,0.0,1.0,1.0
2023,ENCOMPASS HEALTH REHABILITATION HOSPITAL OF PROSPER LLC,Health Care and Social Assistance,PROSPER,TX,New Employment,1.0,0.0,1.0,1.0
2023,ENERGY SERVICES WEST LLC,Utilities,SPOKANE VALLEY,WA,New Employment,1.0,0.0,1.0,1.0
2023,ENSIGN  UNITED STATE DRILLING INC,"Mining, Quarrying, and Oil and Gas Extraction",HOUSTON,TX,Continuation,1.0,0.0,1.0,1.0
2023,ENVESTNET FINANCIAL TECHNOLOGIES INC,Finance and Insurance,BERWYN,PA,Change with Same Employer,4.0,0.0,4.0,1.0
2023,EON COLLECTIVE LLC,"Professional, Scientific, and Technical Services",BOISE,ID,Change of Employer,1.0,0.0,1.0,1.0
2023,EPATHUSA INC,"Professional, Scientific, and Technical Services",WDM,IA,Continuation,1.0,0.0,1.0,1.0
2023,EPOCH MICROSELECTRONICS INC,"Professional, Scientific, and Technical Services",VALHALLA,NY,Continuation,1.0,0.0,1.0,1.0
2023,EQUISOFT INC,"Professional, Scientific, and Technical Services",PHILADELPHIA,PA,Change of Employer,1.0,0.0,1.0,1.0
2023,EVENTIDE INC,33 - Manufacturing,LITTLE FERRY,NJ,Amended,1.0,0.0,1.0,1.0
2023,EVERCHARGE INC,33 - Manufacturing,SAN FRANCISCO,CA,Change of Employer,2.0,0.0,2.0,1.0
2023,EXCELLERATE EDUCATION SOLUTIONS DBA EXCELLERA,"Professional, Scientific, and Technical Services",HOFFMAN ESTATES,IL,New Employment,1.0,0.0,1.0,1.0
2023,EXERGI PREDICTIVE LLC,33 - Manufacturing,HUGO,MN,New Concurrent,1.0,0.0,1.0,1.0
2023,FACTORY HQ LLC SERIES 1,Finance and Insurance,MENLO PARK,CA,Change of Employer,1.0,0.0,1.0,1.0
2023,FAIRE WHOLESALE INC,Wholesale Trade,SAN FRANCISCO,CA,Amended,5.0,0.0,5.0,1.0
2023,FARM CREDIT ILLINOIS,Finance and Insurance,MAHOMET,IL,Continuation,1.0,0.0,1.0,1.0
2023,FEDERAL RESERVE BANK KANSAS CITY,Public Administration,KANSAS CITY,MO,Continuation,2.0,0.0,2.0,1.0
2023,FEDERAL RESERVE BANK OF SAN FRANCISCO,Finance and Insurance,SAN FRANCISCO,CA,Continuation,1.0,0.0,1.0,1.0
2023,FERMAT CAPITAL MANAGEMENT LLC,Finance and Insurance,WESTPORT,CT,Amended,1.0,0.0,1.0,1.0
2023,FFE LTD,33 - Manufacturing,ERLANGER,KY,Amended,1.0,0.0,1.0,1.0
2023,FIRST EAGLE ALTERNATIVE CREDIT LLC,Finance and Insurance,NEW YORK,NY,New Employment,1.0,0.0,1.0,1.0
2023,FLOCK FREIGHT INC,49 - Transportation and Warehousing,ENCINITAS,CA,Change of Employer,1.0,0.0,1.0,1.0
2023,FOODCHAIN ID GROUP INC,Administrative and Support and Waste Management and Remediation Services,FAIRFIELD,IA,Change with Same Employer,1.0,0.0,1.0,1.0
2023,FREEPORT MCMORAN SIERRITA INC,"Mining, Quarrying, and Oil and Gas Extraction",PHOENIX,AZ,Continuation,2.0,0.0,2.0,1.0
2023,FRESENIUS USA INC A FRESENIUS MEDICAL CARE NA COMPANY,33 - Manufacturing,WALTHAM,MA,Change with Same Employer,1.0,0.0,1.0,1.0
2023,FUND STREET TECHNOLOGIES LLC,"Professional, Scientific, and Technical Services",MIAMI,FL,New Employment,1.0,0.0,1.0,1.0
2023,FUSION PLUS SOLUTIONS INC,"Professional, Scientific, and Technical Services",EDISON,NJ,Amended,26.0,0.0,26.0,1.0
2023,GARLAND LLC DBA GARLAND FOOD,Construction,MIAMI,FL,New Employment,1.0,0.0,1.0,1.0
2023,GENERAL FOUNDRIES INC,33 - Manufacturing,NORTH BRUNSWICK,NJ,New Employment,1.0,0.0,1.0,1.0
2023,GENPACT LLC,"Professional, Scientific, and Technical Services",SHORT HILLS,NJ,New Employment,29.0,1.0,30.0,0.9666666666666668
2023,GEONAMIC SYSTEMS INC,"Professional, Scientific, and Technical Services",DULUTH,GA,New Employment,1.0,0.0,1.0,1.0
2023,GEORGIA COLLEGE AND STATE UNIVERSITY,Educational Services,MILLEDGEVILLE,GA,Change with Same Employer,1.0,0.0,1.0,1.0
2023,GF55 ARCHITECTS LLP,"Professional, Scientific, and Technical Services",BROOKLYN,NY,Continuation,1.0,0.0,1.0,1.0
2023,GHIRADELLI ASSOCIATES INC,"Professional, Scientific, and Technical Services",OAKLAND,CA,Change of Employer,2.0,0.0,2.0,1.0
2023,GITHUB INC,Information,SAN FRANCISCO,CA,Change with Same Employer,1.0,0.0,1.0,1.0
2023,GIVAUDAN FLAVORS CORPORATION,"Professional, Scientific, and Technical Services",CINCINNATI,OH,Amended,1.0,0.0,1.0,1.0
2023,GLOBAL ELECTRONICS TESTING SERVICE LLC,Wholesale Trade,ODESSA,FL,Change of Employer,1.0,0.0,1.0,1.0
2023,GLOBAL ENERGY MONITOR,"Professional, Scientific, and Technical Services",COVINA,CA,New Employment,0.0,1.0,1.0,0.0
2023,GLOBAL FORCE USA INC,"Professional, Scientific, and Technical Services",HOUSTON,TX,Continuation,1.0,0.0,1.0,1.0
2023,GOGO REALTORS R H CORP,Real Estate and Rental and Leasing,DIAMOND BAR,CA,New Employment,1.0,0.0,1.0,1.0
2023,GOLDMAN SACHS SERVICES LLC,Finance and Insurance,JERSEY CITY,NJ,Continuation,33.0,2.0,35.0,0.9428571428571428
2023,GREEN CHAIN LLC,33 - Manufacturing,SAN JOSE,CA,Amended,0.0,1.0,1.0,0.0
2023,GREENMAN PEDERSEN INC,"Professional, Scientific, and Technical Services",BABYLON,NY,Amended,1.0,0.0,1.0,1.0
2023,GREYCELLS TECHNOLOGIES LLC,"Professional, Scientific, and Technical Services",TRENTON,NJ,New Employment,1.0,0.0,1.0,1.0
2023,GULF SOUTH PIPELINE COMPANY LLC,49 - Transportation and Warehousing,HOUSTON,TX,Continuation,2.0,0.0,2.0,1.0
2023,GWC USA INC,33 - Manufacturing,BAKERSFIELD,CA,Continuation,1.0,0.0,1.0,1.0
2023,H LEE MOFFITT CANCER CENTER AND RESEARCH INSTITUTE INC,Health Care and Social Assistance,TAMPA,FL,Continuation,16.0,0.0,16.0,1.0
2023,HANWHA POWER SYSTEMS AMERICAS INC,33 - Manufacturing,HOUSTON,TX,Continuation,1.0,0.0,1.0,1.0
2023,HARMAN BECKER AUTOMOTIVE SYSTEMS INC,33 - Manufacturing,NOVI,MI,Continuation,10.0,0.0,10.0,1.0
2023,HAZELTREE FUND SERVICES INC,"Professional, Scientific, and Technical Services",NEW YORK,NY,Continuation,1.0,0.0,1.0,1.0
2023,HEXAR IT SOLUTIONS INC,"Professional, Scientific, and Technical Services",PEORIA,IL,Amended,3.0,0.0,3.0,1.0
2023,HIDDEN SHELF LLC,45 - Retail Trade,INDIANAPOLIS,IN,Change of Employer,1.0,0.0,1.0,1.0
2023,HIGH SIERRA POOLS INC,Administrative and Support and Waste Management and Remediation Services,ARLINGTON,VA,Amended,1.0,0.0,1.0,1.0
2023,HIGHMARK HEALTH,Finance and Insurance,PITTSBURGH,PA,Amended,17.0,0.0,17.0,1.0
2023,HIGHWAY STUDIO LLC,"Professional, Scientific, and Technical Services",MIAMI,FL,Continuation,1.0,0.0,1.0,1.0
2023,HKS INC,"Professional, Scientific, and Technical Services",DALLAS,TX,New Employment,9.0,0.0,9.0,1.0
2023,HOPPER USA INC,Administrative and Support and Waste Management and Remediation Services,BOSTON,MA,Amended,3.0,0.0,3.0,1.0
2023,HORSHAM DENTAL CARE,Health Care and Social Assistance,HORSHAM,PA,Continuation,1.0,0.0,1.0,1.0
2023,HOVIONE LLC,33 - Manufacturing,EAST WINDSOR,NJ,Continuation,1.0,0.0,1.0,1.0
2023,HULU ENTERPRISES LLC INDIRECT SUBSIDIARY OF THE WALT DISNEY COMPANY,Information,SANTA MONICA,CA,Change of Employer,1.0,0.0,1.0,1.0
2023,ICM CONTROLS LLC,33 - Manufacturing,NORTH SYRACUSE,NY,New Employment,1.0,0.0,1.0,1.0
2023,IDEXCEL INC,"Professional, Scientific, and Technical Services",HERNDON,VA,Change of Employer,5.0,1.0,6.0,0.8333333333333334
2023,IDRIBLE LLC,"Professional, Scientific, and Technical Services",FRANKLIN,TN,New Employment,0.0,1.0,1.0,0.0
2023,IGNITE SALES INC,Information,DALLAS,TX,Change of Employer,1.0,0.0,1.0,1.0
2023,IMAGE DIRECT GROUP LLC,33 - Manufacturing,FREDERICK,MD,Change of Employer,1.0,0.0,1.0,1.0
2023,IMPRINT PAYMENTS INC,"Professional, Scientific, and Technical Services",NEW YORK,NY,Change of Employer,4.0,0.0,4.0,1.0
2023,IMRE LLC,"Professional, Scientific, and Technical Services",TOWSON,MD,Change of Employer,1.0,0.0,1.0,1.0
2023,IN SITU INC,"Professional, Scientific, and Technical Services",FORT COLLINS,CO,New Employment,1.0,0.0,1.0,1.0
2023,INDIAN HEALTH CENTER OF SANTA CLARA VALLEY,Health Care and Social Assistance,SAN JOSE,CA,Continuation,1.0,0.0,1.0,1.0
2023,INDUSTRIAL AND COMMERCIAL BANK OF CHINA LIMITED NEW YORK BRANCH,Finance and Insurance,NEW YORK,NY,Change of Employer,5.0,0.0,5.0,1.0
2023,INFOSEMANTICS INC,"Professional, Scientific, and Technical Services",FLOWER MOUND,TX,Continuation,3.0,0.0,3.0,1.0
2023,INFOTECH SOURCING,"Professional, Scientific, and Technical Services",SAN FRANCISCO,CA,Change of Employer,1.0,0.0,1.0,1.0
2023,INFOWAYS,"Professional, Scientific, and Technical Services",LANGHORNE,PA,Amended,1.0,0.0,1.0,1.0
2023,INFUSION SOFTWARE INC DBA KEAP,Information,CHANDLER,AZ,New Employment,1.0,0.0,1.0,1.0
2023,INNOPEAK TECHNOLOGY INC,"Professional, Scientific, and Technical Services",PALO ALTO,CA,New Employment,7.0,0.0,7.0,1.0
2023,INST OF ADVANCED SCIENCES INC,"Professional, Scientific, and Technical Services",DARTMOUTH,MA,New Employment,1.0,0.0,1.0,1.0
2023,INTEGRAL INGENIEROS CONSULTORES USA LLC,"Professional, Scientific, and Technical Services",MIAMI,FL,New Employment,1.0,0.0,1.0,1.0
2023,INTUITES LLC,"Professional, Scientific, and Technical Services",ALPHARETTA,GA,Continuation,2.0,0.0,2.0,1.0
2023,INVENTURE CAPITAL CORP D/B/A TALA,Finance and Insurance,SANTA MONICA,CA,Continuation,1.0,0.0,1.0,1.0
2023,IP HEIGHTS LLC,"Professional, Scientific, and Technical Services",EDISON,NJ,Continuation,6.0,2.0,8.0,0.75
2023,IPS STRUCTURAL ADHESIVES INC DBA IPS,33 - Manufacturing,COMPTON,CA,Continuation,1.0,0.0,1.0,1.0
2023,ISTAY WIRELESS LLC,Information,HOUSTON,TX,New Employment,1.0,0.0,1.0,1.0
2023,IT PEOPLE CORPORATION,"Professional, Scientific, and Technical Services",MORRISVILLE,NC,New Employment,4.0,0.0,4.0,1.0
2023,ITECHMATICS INC,"Professional, Scientific, and Technical Services",SANTA ANA,CA,New Employment,13.0,0.0,13.0,1.0
2023,ITHACA COLLEGE,Educational Services,ITHACA,NY,Change of Employer,1.0,0.0,1.0,1.0
2023,JOBCASE INC,Information,CAMBRIDGE,MA,New Employment,1.0,0.0,1.0,1.0
2023,JOHN HANCOCK LIFE INSURANCE COMPANY USA,Finance and Insurance,BOSTON,MA,New Employment,12.0,0.0,12.0,1.0
2023,JOHNSON CONTROLS INC,33 - Manufacturing,MILWAUKEE,WI,Change of Employer,17.0,0.0,17.0,1.0
2023,JONATHAN LEVI ARCHITECTS LLC,"Professional, Scientific, and Technical Services",BOSTON,MA,New Employment,1.0,0.0,1.0,1.0
2023,KAIRAS TECH LLC,"Professional, Scientific, and Technical Services",MCKINNEY,TX,Change of Employer,5.0,0.0,5.0,1.0
2023,KALL ACCOUNTANCY CORPORATION,"Professional, Scientific, and Technical Services",WEST COVINA,CA,Continuation,1.0,0.0,1.0,1.0
2023,KAMTEK INC,33 - Manufacturing,BIRMINGHAM,AL,New Employment,1.0,0.0,1.0,1.0
2023,KHP SOLUTIONS INC,"Professional, Scientific, and Technical Services",PLANO,TX,Amended,1.0,0.0,1.0,1.0
2023,KING & WOOD MALLESONS LLP,"Professional, Scientific, and Technical Services",MENLO PARK,CA,Amended,1.0,0.0,1.0,1.0
2023,KOVAN TECHNOLOGY SOLUTIONS LLC,"Professional, Scientific, and Technical Services",HOUSTON,TX,New Employment,4.0,0.0,4.0,1.0
2023,LAKHI INFORMATION TECHNOLOGIES INC,"Professional, Scientific, and Technical Services",FRISCO,TX,New Employment,13.0,0.0,13.0,1.0
2023,LAM RESEARCH CORPORATION,33 - Manufacturing,FREMONT,CA,Change with Same Employer,4.0,0.0,4.0,1.0
2023,LANDSCAPE STRUCTURES INC,33 - Manufacturing,DELANO,MN,Change of Employer,1.0,0.0,1.0,1.0
2023,LAWRENCE LIVERMORE NATIONAL SECURITY LLC,"Professional, Scientific, and Technical Services",LIVERMORE,CA,Change with Same Employer,5.0,0.0,5.0,1.0
2023,LEAR CORPORATION,33 - Manufacturing,SOUTHFIELD,MI,Continuation,11.0,0.0,11.0,1.0
2023,LEVANTURE INC,"Professional, Scientific, and Technical Services",STERLING,VA,Amended,1.0,0.0,1.0,1.0
2023,LEVERAGE TECHNOLOGIES INC,"Professional, Scientific, and Technical Services",MECHANICSBURG,PA,New Employment,2.0,0.0,2.0,1.0
2023,LEVITON MANUFACTURING CO INC,33 - Manufacturing,MELVILLE,NY,Change with Same Employer,2.0,0.0,2.0,1.0
2023,LEXISNEXIS RISK SOLUTIONS INC,Information,ALPHARETTA,GA,Continuation,19.0,0.0,19.0,1.0
2023,LGM PHARMA SOLUTIONS LLC,Wholesale Trade,BOCA RATON,FL,Change of Employer,1.0,0.0,1.0,1.0
2023,LINA T RAMEY AND ASSOCIATES INC,"Professional, Scientific, and Technical Services",FARMERS BRANCH,TX,Continuation,0.0,1.0,1.0,0.0
2023,LOS ANGELES UNIFIED SCHOOL DISTRICT,Educational Services,LOS ANGELES,CA,Continuation,13.0,1.0,14.0,0.9285714285714286
2023,LTA RESEARCH AND EXPLORATION LLC,33 - Manufacturing,SUNNYVALE,CA,Change of Employer,1.0,0.0,1.0,1.0
2023,LUMINAR TECHNOLOGIES INC,33 - Manufacturing,ORLANDO,FL,Change of Employer,2.0,0.0,2.0,1.0
2023,LUXOTTICA OF AMERICA INC,45 - Retail Trade,MASON,OH,New Employment,3.0,0.0,3.0,1.0
2023,MAAX SPAS INDUSTRIES CORP,33 - Manufacturing,CHANDLER,AZ,Continuation,1.0,0.0,1.0,1.0
2023,MAAYEE INC,"Professional, Scientific, and Technical Services",SUWANEE,GA,Continuation,1.0,0.0,1.0,1.0
2023,MADEWELL INC,45 - Retail Trade,NEW YORK,NY,New Employment,1.0,0.0,1.0,1.0
2023,MANAGEMENT SCIENCE ASSOCIATES INC,"Professional, Scientific, and Technical Services",TARENTUM,PA,Change with Same Employer,1.0,0.0,1.0,1.0
2023,MAVERICK FAMILY DENTAL PC DBA DR DENTAL OF NEW ENGLAND,Health Care and Social Assistance,BOSTON,MA,New Concurrent,1.0,0.0,1.0,1.0
2023,MED CURE INTERNAL MEDICINE PLC,Health Care and Social Assistance,GOODYEAR,AZ,New Employment,1.0,0.0,1.0,1.0
2023,MEIS DESIGN STUDIO LLC,"Professional, Scientific, and Technical Services",NEW YORK,NY,New Employment,1.0,0.0,1.0,1.0
2023,MERCY COLLEGE,Educational Services,DOBBS FERRY,NY,Continuation,1.0,0.0,1.0,1.0
2023,MERGANT HEALTH LLC,Administrative and Support and Waste Management and Remediation Services,RESTON,VA,Continuation,1.0,0.0,1.0,1.0
2023,METAGENOMI CO,"Professional, Scientific, and Technical Services",EMERYVILLE,CA,Amended,1.0,0.0,1.0,1.0
2023,METROPOLITAN COMMERCIAL BANK,Finance and Insurance,NEW YORK,NY,Change of Employer,1.0,0.0,1.0,1.0
2023,MILLER & CHEVALIER CHARTERED,"Professional, Scientific, and Technical Services",WASHINGTON,DC,Continuation,1.0,0.0,1.0,1.0
2023,MING JIANG FOOD STORE INC,Wholesale Trade,MONTEBELLO,CA,Change of Employer,1.0,0.0,1.0,1.0
2023,MITSUBISHI CHEMICAL AMERICA INC,33 - Manufacturing,COMMERCE TOWNSHIP,MI,Amended,1.0,0.0,1.0,1.0
2023,MODULART INC,"Professional, Scientific, and Technical Services",SAN DIEGO,CA,Change of Employer,1.0,0.0,1.0,1.0
2023,MOODYS INVESTORS SERVICE INC,Administrative and Support and Waste Management and Remediation Services,NEW YORK,NY,Amended,2.0,0.0,2.0,1.0
2023,MOTIVITY LABS INC,"Professional, Scientific, and Technical Services",IRVING,TX,Change of Employer,4.0,0.0,4.0,1.0
2023,MUFG SECURITIES AMERICAS INC,Finance and Insurance,NEW YORK,NY,Continuation,4.0,0.0,4.0,1.0
2023,MUNICH RE AMERICA SERVICES INC,Finance and Insurance,PRINCETON,NJ,New Employment,4.0,0.0,4.0,1.0
2023,MYTIDE THERAPEUTICS INC,33 - Manufacturing,WALTHAM,MA,New Employment,1.0,0.0,1.0,1.0
2023,NAMELY INC,"Professional, Scientific, and Technical Services",NEW YORK,NY,Continuation,1.0,0.0,1.0,1.0
2023,NATIONAL GRID RENEWABLES DEVELOPMENT LLC,Utilities,MINNEAPOLIS,MN,Change of Employer,2.0,0.0,2.0,1.0
2023,NATIONAL LIFE INSURANCE COMPANY DBA NATIONAL LIFE GROUP,Finance and Insurance,MONTPELIER,VT,Continuation,0.0,1.0,1.0,0.0
2023,NEMERA,33 - Manufacturing,BUFFALO GROVE,IL,Continuation,1.0,0.0,1.0,1.0
2023,NESTIFY INTERNET INC,"Professional, Scientific, and Technical Services",NASHVILLE,TN,Continuation,1.0,0.0,1.0,1.0
2023,NESTOR TECHNOLOGIES INC,Administrative and Support and Waste Management and Remediation Services,PISCATAWAY,NJ,New Employment,10.0,0.0,10.0,1.0
2023,NETEX SOLUTIONS LLC,"Professional, Scientific, and Technical Services",MORRISVILLE,NC,Amended,1.0,0.0,1.0,1.0
2023,NETLOGIC SOLUTIONS INC,"Professional, Scientific, and Technical Services",CHANTILLY,VA,Continuation,1.0,0.0,1.0,1.0
2023,NEW ERA TECHNOLOGY INC,Construction,WEST CHESTER,PA,Amended,1.0,0.0,1.0,1.0
2023,NEW MEXICO INSTITUTE OF MINING AND TECHNOLOGY,Educational Services,SOCORRO,NM,Continuation,1.0,0.0,1.0,1.0
2023,NEXTEER AUTOMOTIVE CORPORATION,33 - Manufacturing,SAGINAW,MI,Change of Employer,3.0,0.0,3.0,1.0
2023,NGM BIOPHARMACEUTICALS INC,"Professional, Scientific, and Technical Services",SOUTH SAN FRANCISCO,CA,Continuation,1.0,0.0,1.0,1.0
2023,NIAGARA FALLS MEMORIAL MEDICAL CENTER,Health Care and Social Assistance,NIAGARA FALLS,NY,Continuation,5.0,0.0,5.0,1.0
2023,NOETIC INFORMATION SYSTEMS LLC,"Professional, Scientific, and Technical Services",PLEASANTON,CA,Change with Same Employer,3.0,0.0,3.0,1.0
2023,NORTHWEST MISSOURI STATE UNIVERSITY,Educational Services,MARYVILLE,MO,Continuation,2.0,0.0,2.0,1.0
2023,NOVELIS INC,33 - Manufacturing,ATLANTA,GA,Continuation,3.0,0.0,3.0,1.0
2023,NUBE9 LLC,"Professional, Scientific, and Technical Services",MASON,OH,New Employment,3.0,0.0,3.0,1.0
2023,NUWAY SOLUTIONS LLC,"Professional, Scientific, and Technical Services",NORTH BRUNSWICK,NJ,New Employment,5.0,0.0,5.0,1.0
2023,NVELOP THERAPEUTICS INC,"Professional, Scientific, and Technical Services",CAMBRIDGE,MA,Change of Employer,1.0,0.0,1.0,1.0
2023,NY FAN TUAN INC,49 - Transportation and Warehousing,BROOKLINE,MA,New Employment,0.0,1.0,1.0,0.0
2023,OCIENT INC,"Professional, Scientific, and Technical Services",CHICAGO,IL,Continuation,1.0,0.0,1.0,1.0
2023,OCTO CONSULTING GROUP LLC,"Professional, Scientific, and Technical Services",RESTON,VA,Amended,3.0,0.0,3.0,1.0
2023,OKASAN SECURITIES CO LTD,Finance and Insurance,NEW YORK,NY,Continuation,1.0,0.0,1.0,1.0
2023,ONBOARDIQ INC D/B/A FOUNTAIN,"Professional, Scientific, and Technical Services",SAN FRANCISCO,CA,New Employment,1.0,0.0,1.0,1.0
2023,ONELINK SOLUTION LLC,"Professional, Scientific, and Technical Services",SAN FRANCISCO,CA,New Employment,1.0,0.0,1.0,1.0
2023,ONESOURCE VIRTUAL INC,"Professional, Scientific, and Technical Services",COPPELL,TX,Change with Same Employer,3.0,0.0,3.0,1.0
2023,OPEX CORPORATION,33 - Manufacturing,MOORESTOWN,NJ,Change with Same Employer,1.0,0.0,1.0,1.0
2023,OSI DIGITAL INC,"Professional, Scientific, and Technical Services",CALABASAS,CA,Continuation,7.0,0.0,7.0,1.0
2023,OTC INC,"Professional, Scientific, and Technical Services",NEW YORK,NY,New Employment,1.0,0.0,1.0,1.0
2023,OTIS ELEVATOR COMPANY,33 - Manufacturing,FARMINGTON,CT,Amended,6.0,0.0,6.0,1.0
2023,OUTSET MEDICAL INC,33 - Manufacturing,SAN JOSE,CA,Continuation,1.0,0.0,1.0,1.0
2023,PACE COMPUTER SOLUTIONS INC,"Professional, Scientific, and Technical Services",COLUMBIA,MD,New Employment,7.0,0.0,7.0,1.0
2023,PALMETTO GBA LLC,Finance and Insurance,COLUMBIA,SC,Change of Employer,1.0,0.0,1.0,1.0
2023,PANORAMA WINDOWS LTD,33 - Manufacturing,BRONX,NY,Continuation,1.0,0.0,1.0,1.0
2023,PANORAMIC SOLUTIONS INC,Wholesale Trade,WALNUT,CA,New Employment,1.0,0.0,1.0,1.0
2023,PAYCARGO LLC,Finance and Insurance,CORAL GABLES,FL,Change of Employer,1.0,0.0,1.0,1.0
2023,PE SERVICES DBA WRIGHT ENGINEERS,"Professional, Scientific, and Technical Services",LAS VEGAS,NV,Amended,1.0,0.0,1.0,1.0
2023,PENCILS OF PROMISE INC,Educational Services,NEW YORK,NY,Continuation,1.0,0.0,1.0,1.0
2023,PENNSYLVANIA TURNPIKE COMMISSION,Public Administration,MIDDLETOWN,PA,Change with Same Employer,1.0,0.0,1.0,1.0
2023,PERFICIENT INC,"Professional, Scientific, and Technical Services",ST LOUIS,MO,Amended,2.0,0.0,2.0,1.0
2023,PERIGONSOFT LLC,"Professional, Scientific, and Technical Services",COLUMBIA,MD,New Employment,3.0,0.0,3.0,1.0
2023,PETCO ANIMAL SUPPLIES STORES INC,45 - Retail Trade,SAN DIEGO,CA,New Employment,3.0,0.0,3.0,1.0
2023,PHARMACEUTICS INTERNATIONAL INC PII,33 - Manufacturing,HUNT VALLEY,MD,Amended,1.0,0.0,1.0,1.0
2023,PIEZOS TECHNOLOGY SOLUTIONS INC,"Professional, Scientific, and Technical Services",NORTHVILLE,MI,Change with Same Employer,1.0,0.0,1.0,1.0
2023,PLANCK LLC DBA PATCH MEDIA,Information,NEW YORK,NY,Amended,2.0,0.0,2.0,1.0
2023,"PLUMROSE USA, INC D/B/A SWIFT PREPARED FOODS",33 - Manufacturing,GREELEY,CO,New Employment,2.0,0.0,2.0,1.0
2023,PNV SOLUTIONS INC,"Professional, Scientific, and Technical Services",DULUTH,GA,Continuation,2.0,0.0,2.0,1.0
2023,PORTLAND GENERAL ELECTRIC COMPANY,Utilities,PORTLAND,OR,Continuation,7.0,0.0,7.0,1.0
2023,PREDICTSPRING INC,"Professional, Scientific, and Technical Services",MOUNTAIN VIEW,CA,New Employment,3.0,0.0,3.0,1.0
2023,PROCONEX INC,Wholesale Trade,ROYERSFORD,PA,New Employment,1.0,0.0,1.0,1.0
2023,PROPERTY AND ENVIRONMENTAL MANAGEMENT INC,Real Estate and Rental and Leasing,COLUMBIA,MD,New Employment,1.0,0.0,1.0,1.0
2023,PROPLANNER INC,"Professional, Scientific, and Technical Services",AMES,IA,Continuation,1.0,0.0,1.0,1.0
2023,PVE LLC,"Professional, Scientific, and Technical Services",SEWICKLEY,PA,Continuation,0.0,1.0,1.0,0.0
2023,QUADPRO IT INC,"Professional, Scientific, and Technical Services",PISCATAWAY,NJ,Amended,1.0,0.0,1.0,1.0
2023,QUALITASK INC,33 - Manufacturing,ANAHEIM,CA,Continuation,1.0,0.0,1.0,1.0
2023,QUALITY THEOREM LLC,"Professional, Scientific, and Technical Services",TRENTON,NJ,New Employment,1.0,0.0,1.0,1.0
2023,QUANTUM VISION LLC,"Professional, Scientific, and Technical Services",GAITHERSBURG,MD,Amended,2.0,0.0,2.0,1.0
2023,RECREATIONAL EQUIPMENT INC,45 - Retail Trade,SUMNER,WA,Change of Employer,1.0,0.0,1.0,1.0
2023,RELIANT DENTAL GROUP PC,"Professional, Scientific, and Technical Services",WEST ROXBURY,MA,New Concurrent,1.0,0.0,1.0,1.0
2023,RESPONSE INFORMATICS INC,"Professional, Scientific, and Technical Services",PRINCETON,NJ,Change of Employer,1.0,1.0,2.0,0.5
2023,RESTORE REHAB SERVICES LLC,Health Care and Social Assistance,HOUSTON,TX,Change of Employer,1.0,0.0,1.0,1.0
2023,RIOS INTELLIGENT MACHINES INC,"Professional, Scientific, and Technical Services",MENLO PARK,CA,New Employment,1.0,0.0,1.0,1.0
2023,ROBERT W BAIRD CO INCORPORATED,Finance and Insurance,MILWAUKEE,WI,Continuation,1.0,0.0,1.0,1.0
2023,ROUTEONE LLC,"Professional, Scientific, and Technical Services",FARMINGTN HLS,MI,Change of Employer,1.0,0.0,1.0,1.0
2023,ROUTESPRING INC,Information,BETHESDA,MD,Continuation,1.0,0.0,1.0,1.0
2023,RUDOLPH LIBBE INC,Construction,WALBRIDGE,OH,New Employment,1.0,0.0,1.0,1.0
2023,S AND D OIL INC,45 - Retail Trade,PITTSBURGH,PA,New Employment,1.0,0.0,1.0,1.0
2023,S AND W PAYROLL SERV DBA NETCHEX,"Professional, Scientific, and Technical Services",COVINGTON,LA,Change with Same Employer,1.0,0.0,1.0,1.0
2023,SAN JOSE UNIFIED SCHOOL DISTRICT,Educational Services,SAN JOSE,CA,Change of Employer,4.0,0.0,4.0,1.0
2023,SANDATA TECHNOLOGIES LLC,Health Care and Social Assistance,HICKSVILLE,NY,Change of Employer,1.0,0.0,1.0,1.0
2023,SANFORD CLINIC NORTH,Health Care and Social Assistance,SIOUX FALLS,SD,New Employment,11.0,0.0,11.0,1.0
2023,SANTA CRUZ VALLEY UNIFIED SCHOOL DISTRICT 35,Educational Services,RIO RICO,AZ,Continuation,2.0,0.0,2.0,1.0
2023,SAPTALIS PHARMACEUTICALS LLC,33 - Manufacturing,HAUPPAUGE,NY,New Employment,1.0,0.0,1.0,1.0
2023,SCIPHER MEDICINE CORPORATION,"Professional, Scientific, and Technical Services",WALTHAM,MA,Amended,1.0,0.0,1.0,1.0
2023,SCORPION ENTERPRISES LLC,"Professional, Scientific, and Technical Services",VALENCIA,CA,Continuation,1.0,0.0,1.0,1.0
2023,SEMINOLE HARD ROCK DIGITAL LLC,"Arts, Entertainment, and Recreation",FORT LAUDERDALE,FL,New Employment,1.0,0.0,1.0,1.0
2023,SENSORTOWER INC,Information,SAN FRANCISCO,CA,Change of Employer,1.0,0.0,1.0,1.0
2023,SFW CAPITAL PARTNERS L P,"Professional, Scientific, and Technical Services",RYE,NY,Change of Employer,1.0,0.0,1.0,1.0
2023,SHARPLINK SOFTWARE LLC,"Professional, Scientific, and Technical Services",LEANDER,TX,Change of Employer,3.0,0.0,3.0,1.0
2023,SHORE BAYY HOSPITALISTS ASSOCIATES LLC,Health Care and Social Assistance,EASTON,MD,Continuation,0.0,2.0,2.0,0.0
2023,SHORELINE LABS INC DBA NIGHTFALL,"Professional, Scientific, and Technical Services",SAN FRANCISCO,CA,Amended,1.0,0.0,1.0,1.0
2023,SIGNIFY NORTH AMERICA CORPORATION,33 - Manufacturing,BRIDGEWATER,NJ,Change of Employer,2.0,0.0,2.0,1.0
2023,SIRIUS COMPUTER SOLUTIONS LLC,"Professional, Scientific, and Technical Services",ALAMO,TX,Continuation,1.0,0.0,1.0,1.0
2023,SLIGO SOFTWARE SOLUTIONS INC,"Professional, Scientific, and Technical Services",ALBANY,NY,New Employment,8.0,1.0,9.0,0.8888888888888888
2023,SOFIDEL AMERICA CORP,33 - Manufacturing,HORSHAM,PA,Continuation,1.0,0.0,1.0,1.0
2023,SOUTHERN OREGON HOSPITALISTS PC,Health Care and Social Assistance,MEDFORD,OR,New Employment,3.0,0.0,3.0,1.0
2023,SPLN INTERNATIONAL LLC,"Professional, Scientific, and Technical Services",JERSEY CITY,NJ,Change of Employer,3.0,0.0,3.0,1.0
2023,SPORTS GROUP ILLINOIS LLC,"Professional, Scientific, and Technical Services",BLOOMINGTON,IL,New Employment,1.0,0.0,1.0,1.0
2023,SPX CORPORATION,33 - Manufacturing,CHARLOTTE,NC,Continuation,1.0,0.0,1.0,1.0
2023,SQUIRE TECHNOLOGIES INC,"Professional, Scientific, and Technical Services",NEW YORK,NY,Change of Employer,1.0,0.0,1.0,1.0
2023,STAMPIN UP INC,45 - Retail Trade,HERRIMAN,UT,Change of Employer,1.0,0.0,1.0,1.0
2023,STIER SOLUTIONS INC,"Professional, Scientific, and Technical Services",ALPHARETTA,GA,Continuation,2.0,0.0,2.0,1.0
2023,STOCKTON UNIVERSITY,Educational Services,GALLOWAY,NJ,New Employment,3.0,0.0,3.0,1.0
2023,STRATEDGE INC,"Professional, Scientific, and Technical Services",SAN RAMON,CA,Change of Employer,1.0,0.0,1.0,1.0
2023,STREAMLINE SOFTWARE INC,Information,SACRAMENTO,CA,New Employment,1.0,0.0,1.0,1.0
2023,STRUCTURAL ENGINEERS COMPANY I,"Professional, Scientific, and Technical Services",CHANDLER,AZ,New Employment,2.0,0.0,2.0,1.0
2023,SUMBLE INC,Information,SANTA CRUZ,CA,Change of Employer,1.0,0.0,1.0,1.0
2023,SUNPOWER CORPORATION SYSTEMS,33 - Manufacturing,SAN JOSE,CA,New Employment,1.0,0.0,1.0,1.0
2023,SUNRISE BRANDS LLC,Wholesale Trade,VERNON,CA,New Employment,1.0,0.0,1.0,1.0
2023,SUNRUN INC,Utilities,SAN FRANCISCO,CA,Continuation,1.0,0.0,1.0,1.0
2023,SUNSET PARK HEALTH COUNCIL INC DBA FAMILY HEALTH CENTERS AT NYU LANGONE,Health Care and Social Assistance,NEW YORK,NY,New Employment,2.0,0.0,2.0,1.0
2023,SUPERNOVA LENDING LLC,"Professional, Scientific, and Technical Services",CHICAGO,IL,New Employment,1.0,0.0,1.0,1.0
2023,SUPPLY FACTORY BRANDS LLC,"Agriculture, Forestry, Fishing and Hunting",STUDIO CITY,CA,New Employment,1.0,0.0,1.0,1.0
2023,SWIFT TECHNICAL SERVICES LLC,"Professional, Scientific, and Technical Services",HOUSTON,TX,New Employment,1.0,0.0,1.0,1.0
2023,SYMPLORE INC,"Professional, Scientific, and Technical Services",FARMINGTON HILLS,MI,New Employment,0.0,1.0,1.0,0.0
2023,TAKEDA MANUFACTURING USA INC.,33 - Manufacturing,LEXINGTON,MA,New Employment,1.0,0.0,1.0,1.0
2023,TANGENT SERVICES CORPORATION,"Professional, Scientific, and Technical Services",ALPHARETTA,GA,Change of Employer,3.0,0.0,3.0,1.0
2023,TANISHA SYSTEMS INC,"Professional, Scientific, and Technical Services",ISELIN,NJ,Amended,7.0,0.0,7.0,1.0
2023,TATA CONSULT SVCS LTD,"Professional, Scientific, and Technical Services",ROCKVILLE,MD,Continuation,1.0,0.0,1.0,1.0
2023,TEAMSUCCESS LLC DBA HIEDSUCCESS,"Professional, Scientific, and Technical Services",ALPHARETTA,GA,New Employment,1.0,0.0,1.0,1.0
2023,TECH MAHINDRA AMERICAS INC,"Professional, Scientific, and Technical Services",BEDMINSTER,NJ,Change with Same Employer,1.0,0.0,1.0,1.0
2023,TECHBOW LLC,Educational Services,SANTA CLARA,CA,New Concurrent,1.0,0.0,1.0,1.0
2023,TECHNICAL STRATEGIES INC,"Professional, Scientific, and Technical Services",CHANTILLY,VA,New Employment,1.0,0.0,1.0,1.0
2023,TECHOUTS INC,"Professional, Scientific, and Technical Services",HERNDON,VA,New Employment,17.0,0.0,17.0,1.0
2023,TEESPRING INC,45 - Retail Trade,SAN FRANCISCO,CA,Amended,1.0,0.0,1.0,1.0
2023,TEK ANALYTICS LLC,"Professional, Scientific, and Technical Services",SCHAUMBURG,IL,Amended,4.0,0.0,4.0,1.0
2023,TERRAIN STUDIO INC,"Professional, Scientific, and Technical Services",OAKLAND,CA,Continuation,1.0,0.0,1.0,1.0
2023,TESSPAY INC,Wholesale Trade,FORT MYERS,FL,Change of Employer,1.0,0.0,1.0,1.0
2023,THE AMERICAN INSTITUTE OF ARCHITECTS,Other Services (except Public Administration),WASHINGTON,DC,Change of Employer,1.0,0.0,1.0,1.0
2023,THE BENEFICIENT COMPANY GROUP USA LLC,Finance and Insurance,DALLAS,TX,Continuation,1.0,0.0,1.0,1.0
2023,THE BLACKSTONE GROUP,Finance and Insurance,NEW YORK,NY,Continuation,0.0,1.0,1.0,0.0
2023,THE DAK GROUP LTD,Finance and Insurance,ROCHELLE PARK,NJ,New Employment,1.0,0.0,1.0,1.0
2023,THE GLOBE ACADEMY INC,Educational Services,ATLANTA,GA,Continuation,1.0,0.0,1.0,1.0
2023,THE MUSEUM OF MODERN ART,"Arts, Entertainment, and Recreation",NEW YORK,NY,Amended,1.0,0.0,1.0,1.0
2023,THE NEW YORK STEM CELL FOUNDATION INC,Other Services (except Public Administration),NEW YORK,NY,Continuation,6.0,0.0,6.0,1.0
2023,THE NEW YORK TIMES COMPANY,Information,NEW YORK,NY,New Employment,6.0,0.0,6.0,1.0
2023,THE OHIO UNIVERSITY,Educational Services,ATHENS,OH,Amended,11.0,0.0,11.0,1.0
2023,THE RED OAKS SCHOOL INC,Educational Services,MORRISTOWN,NJ,Continuation,1.0,0.0,1.0,1.0
2023,THE SCRIPPS RESEARCH INSTITUTE,"Professional, Scientific, and Technical Services",LA JOLLA,CA,Change with Same Employer,3.0,0.0,3.0,1.0
2023,THERMO FISHER SCIENTIFIC INC,"Professional, Scientific, and Technical Services",WALTHAM,MA,Continuation,59.0,0.0,59.0,1.0
2023,THINKBYTE CONSULTING INC,"Professional, Scientific, and Technical Services",SANTA CLARA,CA,New Employment,1.0,0.0,1.0,1.0
2023,TK CHAIN LLC,"Professional, Scientific, and Technical Services",PRINCETON,NJ,New Employment,12.0,0.0,12.0,1.0
2023,TOLEDO REGIONAL CHAMBER OF COMMERCE,Other Services (except Public Administration),TOLEDO,OH,New Employment,1.0,0.0,1.0,1.0
2023,TORANA INC,"Professional, Scientific, and Technical Services",STAMFORD,CT,Continuation,2.0,0.0,2.0,1.0
2023,TRACKONOMY SYSTEMS INC,33 - Manufacturing,SAN JOSE,CA,Change of Employer,6.0,0.0,6.0,1.0
2023,TRC ENVIRONMENTAL CORPORATION,"Professional, Scientific, and Technical Services",WINDSOR,CT,New Employment,1.0,0.0,1.0,1.0
2023,TREW LLC,"Professional, Scientific, and Technical Services",FAIRFIELD,OH,Change of Employer,1.0,0.0,1.0,1.0
2023,TRINE LLC,"Professional, Scientific, and Technical Services",BELLEVUE,WA,Change of Employer,1.0,0.0,1.0,1.0
2023,TRINITY INDUSTRIES INC,33 - Manufacturing,DALLAS,TX,Continuation,2.0,0.0,2.0,1.0
2023,TROY UNIVERSITY,Educational Services,TROY,AL,New Employment,8.0,0.0,8.0,1.0
2023,TRUVETA INC,"Professional, Scientific, and Technical Services",BELLEVUE,WA,New Employment,3.0,0.0,3.0,1.0
2023,TT TECHNOLOGIES INC,"Professional, Scientific, and Technical Services",FLUSHING,NY,Amended,1.0,0.0,1.0,1.0
2023,TURN/RIVER MANAGEMENT L P,Finance and Insurance,SAN FRANCISCO,CA,Continuation,1.0,0.0,1.0,1.0
2023,TUSCULUM UNIVERSTY,Educational Services,TUSCULUM,TN,Change of Employer,0.0,1.0,1.0,0.0
2023,TWIN PEAKS INC,"Professional, Scientific, and Technical Services",LONG ISLAND CITY,NY,Continuation,4.0,0.0,4.0,1.0
2023,UCHICAGO ARGONNE LLC,"Professional, Scientific, and Technical Services",LEMONT,IL,Continuation,24.0,0.0,24.0,1.0
2023,UHY ADVISORS NY INC,"Professional, Scientific, and Technical Services",NEW YORK,NY,Continuation,1.0,0.0,1.0,1.0
2023,UKTHA GLOBAL INC,"Professional, Scientific, and Technical Services",SUWANEE,GA,Change of Employer,2.0,0.0,2.0,1.0
2023,UNIFY SOLUTIONS INC,"Professional, Scientific, and Technical Services",COLUMBIA,MD,Change of Employer,2.0,0.0,2.0,1.0
2023,UNION PACIFIC RAILROAD COMPANY,49 - Transportation and Warehousing,OMAHA,NE,Change of Employer,7.0,0.0,7.0,1.0
2023,UNISOFT SOLUTIONS LLC,"Professional, Scientific, and Technical Services",SOMERVILLE,NJ,New Employment,12.0,0.0,12.0,1.0
2023,UNISYS CORPORATION,Information,BLUE BELL,PA,New Employment,3.0,0.0,3.0,1.0
2023,UNIVERSITIES SPACE RESEARCH ASSOC,"Professional, Scientific, and Technical Services",WASHINGTON,DC,New Concurrent,1.0,0.0,1.0,1.0
2023,UNIVERSITY FEDERAL CREDIT UNION,Finance and Insurance,AUSTIN,TX,Continuation,1.0,0.0,1.0,1.0
2023,UNIVERSITY OF ARKANSAS DIVISION OF AGRICULTURE,"Professional, Scientific, and Technical Services",LITTLE ROCK,AR,Change of Employer,3.0,0.0,3.0,1.0
2023,UNIVERSITY OF PITTSBURGH,Educational Services,PITTSBURGH,PA,New Employment,139.0,1.0,140.0,0.9928571428571428
2023,UTILITY DATA CONTRACTORS INC D/B/A UDC INC AND/OR UDC,"Professional, Scientific, and Technical Services",ENGLEWOOD,CO,Amended,1.0,0.0,1.0,1.0
2023,VALASSIS COMMUNICATIONS INC,"Professional, Scientific, and Technical Services",SAN ANTONIO,TX,New Employment,1.0,0.0,1.0,1.0
2023,VALIDATION ASSOCIATES LLC,"Professional, Scientific, and Technical Services",HERNDON,VA,New Employment,1.0,0.0,1.0,1.0
2023,VELOC INFOTECH LLC,"Professional, Scientific, and Technical Services",GLEN OAKS,NY,Amended,1.0,0.0,1.0,1.0
2023,VESOFT COMPANY LTD DBA VESOFT INC,"Professional, Scientific, and Technical Services",DOVER,DE,Change of Employer,1.0,0.0,1.0,1.0
2023,VETCOR PROFESSIONAL PRACTICES LLC,"Professional, Scientific, and Technical Services",NORWELL,MA,Change of Employer,1.0,0.0,1.0,1.0
2023,VIVARAN IT SOLUTIONS INC,"Professional, Scientific, and Technical Services",FLEMINGTON,NJ,Amended,1.0,0.0,1.0,1.0
2023,VLINK INC,"Professional, Scientific, and Technical Services",SOUTH WINDSOR,CT,New Employment,8.0,0.0,8.0,1.0
2023,VYCERTECH LLC,"Professional, Scientific, and Technical Services",AUSTIN,TX,Change of Employer,2.0,0.0,2.0,1.0
2023,WASATCH COUNTY SCHOOL DISTRICT,Educational Services,HEBER CITY,UT,Continuation,1.0,0.0,1.0,1.0
2023,WAYVE TECHNOLOGIES INC,Management of Companies and Enterprises,MOUNTAIN VIEW,CA,Change of Employer,1.0,0.0,1.0,1.0
2023,WELLS FARGO BANK NA,Finance and Insurance,SIOUX FALLS,SD,Change of Employer,161.0,1.0,162.0,0.9938271604938272
2023,WELLSTAR MEDICAL GROUP,Health Care and Social Assistance,MARIETTA,GA,New Employment,1.0,0.0,1.0,1.0
2023,WESTERN NEW ENGLAND UNIVERSITY,Educational Services,SPRINGFIELD,MA,New Employment,3.0,0.0,3.0,1.0
2023,WG YATES AND SONS CONSTRUCTION CO,Construction,BILOXI,MS,Change of Employer,6.0,0.0,6.0,1.0
2023,WHITE CASE LLP,"Professional, Scientific, and Technical Services",NEW YORK,NY,Continuation,10.0,0.0,10.0,1.0
2023,WHITTIER FILTRATION INC,Utilities,CARY,NC,Continuation,1.0,0.0,1.0,1.0
2023,WHOOP INC,Information,BOSTON,MA,Continuation,1.0,0.0,1.0,1.0
2023,WILLOWTREE LLC,"Professional, Scientific, and Technical Services",CHARLOTTESVILLE,VA,Continuation,1.0,0.0,1.0,1.0
2023,WISECODE LLC,Information,RENO,NV,New Employment,1.0,0.0,1.0,1.0
2023,WYNN LAS VEGAS LLC,Accommodation and Food Services,LAS VEGAS,NV,Continuation,2.0,0.0,2.0,1.0
2023,XOS FLEET INC DBA XOS,33 - Manufacturing,LOS ANGELES,CA,Change of Employer,2.0,0.0,2.0,1.0
2023,XSPHERA BIOSCIENCES INC,"Professional, Scientific, and Technical Services",BOSTON,MA,New Employment,1.0,0.0,1.0,1.0
2023,YAPET LLC,45 - Retail Trade,QUINCY,MA,Change of Employer,1.0,0.0,1.0,1.0
2023,YUGABYTEDB INC,"Professional, Scientific, and Technical Services",SUNNYVALE,CA,Continuation,3.0,0.0,3.0,1.0
2023,ZEN3 INFOSOLUTIONS AMERICA INC,"Professional, Scientific, and Technical Services",BELLEVUE,WA,Continuation,4.0,1.0,5.0,0.8
2023,ZENVIRO TECH US INC,"Professional, Scientific, and Technical Services",CRYSTAL LAKE,IL,New Employment,1.0,0.0,1.0,1.0
2024,1WAY SOLUTIONS INC,"Professional, Scientific, and Technical Services",MARIETTA,GA,Change of Employer,0.0,1.0,1.0,0.0
2024,3EDGEUSA INC,"Professional, Scientific, and Technical Services",PISCATAWAY,NJ,New Employment,1.0,0.0,1.0,1.0
2024,3S BUSINESS CORPORATION,"Professional, Scientific, and Technical Services",CYPRESS,TX,Change of Employer,6.0,0.0,6.0,1.0
2024,9DOTS TECHNOLOGY INC,"Professional, Scientific, and Technical Services",FARMINGTON,MI,New Concurrent,1.0,0.0,1.0,1.0
2024,A PLUS TOTAL FINANCIAL SOLUTIONS I,"Professional, Scientific, and Technical Services",SOUTH ELGIN,IL,New Employment,1.0,0.0,1.0,1.0
2024,A10 NETWORKS INC,"Professional, Scientific, and Technical Services",SAN JOSE,CA,New Employment,8.0,0.0,8.0,1.0
2024,ABJAYON INC,"Professional, Scientific, and Technical Services",FREMONT,CA,Change with Same Employer,1.0,0.0,1.0,1.0
2024,ACCION LABS US INC,"Professional, Scientific, and Technical Services",BRIDGEVILLE,PA,Amended,1.0,0.0,1.0,1.0
2024,ACCUMATIC INC,Information,KIRKLAND,WA,Change of Employer,1.0,0.0,1.0,1.0
2024,ACE SOFTWARE LLC,"Professional, Scientific, and Technical Services",GLENDALE,AZ,Change of Employer,1.0,0.0,1.0,1.0
2024,ADNET ADVERTISING AGENCY INC,"Professional, Scientific, and Technical Services",EAST ELMHURST,NY,New Employment,1.0,0.0,1.0,1.0
2024,ADVITHRI TECHNOLOGIES LLC,"Professional, Scientific, and Technical Services",FRISCO,TX,Continuation,8.0,0.0,8.0,1.0
2024,AEROSAPIEN TECHNOLOGIES LLC,33 - Manufacturing,DAYTONA BEACH,FL,Amended,1.0,0.0,1.0,1.0
2024,AGILITY TECHNOLOGIES LLC,"Professional, Scientific, and Technical Services",ATLANTA,GA,Change of Employer,2.0,0.0,2.0,1.0
2024,AHRC NYC,Health Care and Social Assistance,NEW YORK,NY,New Employment,1.0,0.0,1.0,1.0
2024,AISIN USA MFG INC,33 - Manufacturing,SEYMOUR,IN,Change of Employer,1.0,0.0,1.0,1.0
2024,AJO UNIFIED SCHOOL DISTRICT,Educational Services,AJO,AZ,New Employment,3.0,0.0,3.0,1.0
2024,AKHAN SEMICONDUCTOR INC,"Professional, Scientific, and Technical Services",GURNEE,IL,New Employment,1.0,0.0,1.0,1.0
2024,ALEX TONG CPA AND ASSOCIATES LLC,"Professional, Scientific, and Technical Services",PLANO,TX,Continuation,1.0,0.0,1.0,1.0
2024,ALIXPARTNERS LLP,"Professional, Scientific, and Technical Services",SOUTHFIELD,MI,New Employment,22.0,0.0,22.0,1.0
2024,ALL KIDS DENTAL CENTER LLC,Health Care and Social Assistance,GRAYSLAKE,IL,Continuation,1.0,0.0,1.0,1.0
2024,"ALLIED INFORMATICS, INC","Professional, Scientific, and Technical Services",DULUTH,GA,Amended,1.0,0.0,1.0,1.0
2024,ALPHA FINANCIAL MARKETS CONSULTING INC,Finance and Insurance,NEW YORK,NY,Change of Employer,1.0,0.0,1.0,1.0
2024,ALPHA IT CONSULTING CORPORATION,"Professional, Scientific, and Technical Services",S BRUNSWICK TOWNSHIP,NJ,New Employment,1.0,0.0,1.0,1.0
2024,ALVAREZ MARSAL TRANSACTION ADVISORY GROUP LLC,"Professional, Scientific, and Technical Services",NEW YORK,NY,Change of Employer,1.0,0.0,1.0,1.0
2024,AM NS CALVERT LLC,33 - Manufacturing,CALVERT,AL,Continuation,1.0,0.0,1.0,1.0
2024,AMERICAN DREAM HOME GOODS INC,Wholesale Trade,ELIZABETH,NJ,Change of Employer,1.0,0.0,1.0,1.0
2024,AMERICAN TECHNO SOLUTIONS INC,"Professional, Scientific, and Technical Services",HACKENSACK,NJ,New Employment,6.0,0.0,6.0,1.0
2024,AMERICARIBE LLC,"Professional, Scientific, and Technical Services",MIAMI,FL,New Employment,3.0,0.0,3.0,1.0
2024,AMEYA GLOBAL INC,"Professional, Scientific, and Technical Services",FARMINGTON,MI,New Employment,5.0,0.0,5.0,1.0
2024,AMP SOLUTIONS LLC,"Professional, Scientific, and Technical Services",NUTLEY,NJ,New Employment,2.0,0.0,2.0,1.0
2024,AMREP CORPORATION,Construction,HAVERTOWN,PA,Continuation,2.0,0.0,2.0,1.0
2024,ANCESTRY COM OPERATIONS INC,"Professional, Scientific, and Technical Services",LEHI,UT,Amended,4.0,0.0,4.0,1.0
2024,ANGLOGOLD ASHANTI NORTH AMERICA IN,"Mining, Quarrying, and Oil and Gas Extraction",GREENWOOD VILLAGE,CO,New Employment,4.0,1.0,5.0,0.8
2024,ANTHROPIC PBC D B A ANTHROPIC INC,"Professional, Scientific, and Technical Services",SAN FRANCISCO,CA,Change of Employer,21.0,0.0,21.0,1.0
2024,AOAO HAO LLC,Accommodation and Food Services,IRVINE,CA,New Employment,1.0,0.0,1.0,1.0
2024,APPLIED BIOPLASTICS CORP DBA APPLIED BIOPLASTICS,33 - Manufacturing,AUSTIN,TX,Continuation,1.0,0.0,1.0,1.0
2024,APPLIED STEMCELL INC,"Professional, Scientific, and Technical Services",MILPITAS,CA,New Employment,2.0,0.0,2.0,1.0
2024,ARCBEST TECHNOLOGIES INC,"Professional, Scientific, and Technical Services",FORT SMITH,AR,Amended,1.0,0.0,1.0,1.0
2024,ARGYLL INFO TECH INC,"Professional, Scientific, and Technical Services",CHICAGO,IL,New Concurrent,1.0,0.0,1.0,1.0
2024,ARTHREX INC,Wholesale Trade,NAPLES,FL,Amended,3.0,0.0,3.0,1.0
2024,ARUNA INFO INC,"Professional, Scientific, and Technical Services",CORAOPOLIS,PA,Change of Employer,1.0,0.0,1.0,1.0
2024,ASIMILY INC,Information,SUNNYVALE,CA,Continuation,1.0,0.0,1.0,1.0
2024,ASM A-STRATEGY MANAGEMENT LLC,Real Estate and Rental and Leasing,BURLINGTON,KY,New Employment,1.0,0.0,1.0,1.0
2024,ASPEN JOURNALISM,Information,ASPEN,CO,New Employment,0.0,1.0,1.0,0.0
2024,ASPYRETECH INC,"Professional, Scientific, and Technical Services",SAINT PETERS,MO,Amended,1.0,0.0,1.0,1.0
2024,ASTA CRS INC,"Professional, Scientific, and Technical Services",ASHBURN,VA,New Employment,18.0,0.0,18.0,1.0
2024,ATLANTIC PICTURES LLC,Information,NEW YORK,NY,New Employment,1.0,0.0,1.0,1.0
2024,AUBURN UNIVERSITY,Educational Services,MONTGOMERY,AL,New Employment,6.0,0.0,6.0,1.0
2024,AUGUSTA IT SOLUTIONS LLC,"Professional, Scientific, and Technical Services",CHARLOTTE,NC,New Employment,0.0,3.0,3.0,0.0
2024,AURORA EXPEDITIONS LLC,Administrative and Support and Waste Management and Remediation Services,FAIRBANKS,AK,New Employment,1.0,0.0,1.0,1.0
2024,AUTO CLUB SERVICES INC,Finance and Insurance,TAMPA,FL,Change of Employer,4.0,0.0,4.0,1.0
2024,AVNIL LLC,"Professional, Scientific, and Technical Services",ALPHARETTA,GA,Change of Employer,1.0,0.0,1.0,1.0
2024,AXIOM GROUP LLC,"Professional, Scientific, and Technical Services",OAK BROOK,IL,New Employment,7.0,0.0,7.0,1.0
2024,AYRA TECH SOLUTIONS,"Professional, Scientific, and Technical Services",LEESBURG,VA,New Employment,1.0,0.0,1.0,1.0
2024,B N RESTORATION INC,Construction,WOODSIDE,NY,Continuation,1.0,0.0,1.0,1.0
2024,BAKER BOTTS LLP,"Professional, Scientific, and Technical Services",HOUSTON,TX,Change of Employer,1.0,0.0,1.0,1.0
2024,BARNES-JEWISH HOSPITAL,Health Care and Social Assistance,SAINT LOUIS,MO,Continuation,1.0,0.0,1.0,1.0
2024,BEE WELL PHARMACY LLC,45 - Retail Trade,CARY,NC,New Employment,1.0,0.0,1.0,1.0
2024,BIONEXUS CONSULTING LLC,"Professional, Scientific, and Technical Services",SAN DIEGO,CA,Change of Employer,1.0,0.0,1.0,1.0
2024,BITWISE INC,"Professional, Scientific, and Technical Services",SCHAUMBURG,IL,Continuation,19.0,0.0,19.0,1.0
2024,BIZ2CREDIT INC,Finance and Insurance,NEW YORK,NY,Change of Employer,1.0,0.0,1.0,1.0
2024,BLACK BULL ADVISORS LLC,Finance and Insurance,AUSTIN,TX,New Employment,1.0,0.0,1.0,1.0
2024,BLACKSTRAW LLC,"Professional, Scientific, and Technical Services",TAMPA,FL,Continuation,1.0,0.0,1.0,1.0
2024,BLUE SPACE TECHNOLOGIES INC,"Professional, Scientific, and Technical Services",HOUSTON,TX,New Employment,5.0,0.0,5.0,1.0
2024,"BLUE-RIBBON ACCOUNTING& TAX, INC.","Professional, Scientific, and Technical Services",ELMHURST,NY,New Employment,1.0,0.0,1.0,1.0
2024,BOOKER ISD,Educational Services,BOOKER,TX,Change of Employer,1.0,0.0,1.0,1.0
2024,BOOKITNGO CORP,Administrative and Support and Waste Management and Remediation Services,IRVINE,CA,New Concurrent,1.0,0.0,1.0,1.0
2024,BOWMAN ENGINEERING AND CONSULTING,"Professional, Scientific, and Technical Services",DALLAS,TX,Change of Employer,1.0,0.0,1.0,1.0
2024,BRAINBOW SERVICES INC,"Professional, Scientific, and Technical Services",BEDFORD,TX,Change of Employer,1.0,0.0,1.0,1.0
2024,BRAINS TECHNOLOGY SOLUTIONS INC,"Professional, Scientific, and Technical Services",FARMINGTON,MI,Change of Employer,2.0,0.0,2.0,1.0
2024,BRAMBLES USA INC,33 - Manufacturing,ORLANDO,FL,Change with Same Employer,1.0,0.0,1.0,1.0
2024,BRINKS INCORPORATED,Administrative and Support and Waste Management and Remediation Services,RICHMOND,VA,Continuation,1.0,0.0,1.0,1.0
2024,BRISTOL-MYERS SQUIBB COMPANY,33 - Manufacturing,PRINCETON,NJ,New Employment,51.0,0.0,51.0,1.0
2024,BROSE NORTH AMERICA INC,33 - Manufacturing,AUBURN HILLS,MI,Change of Employer,2.0,0.0,2.0,1.0
2024,"BSU, INC.",33 - Manufacturing,AUSTIN,TX,Continuation,1.0,0.0,1.0,1.0
2024,BUFFALO MEDICAL GROUP P C,Health Care and Social Assistance,WILLIAMSVILLE,NY,Continuation,1.0,0.0,1.0,1.0
2024,BUNGE MILLING INC,Finance and Insurance,CHESTERFIELD,MO,New Employment,1.0,0.0,1.0,1.0
2024,C A LITZLER CO INC,33 - Manufacturing,CLEVELAND,OH,New Employment,1.0,0.0,1.0,1.0
2024,CAL POLY POMONA FOUNDATION INC,Public Administration,POMONA,CA,New Employment,1.0,0.0,1.0,1.0
2024,CALIBUR INTEGRATED SOLUTIONS INC,"Professional, Scientific, and Technical Services",HOUSTON,TX,New Employment,2.0,0.0,2.0,1.0
2024,"CALIFORNIA ESCROW GROUP, INC",Real Estate and Rental and Leasing,DIAMOND BAR ,CA,Change of Employer,1.0,0.0,1.0,1.0
2024,CANVENTA LIFE SCIENCES INC,33 - Manufacturing,EMERYVILLE,CA,Continuation,1.0,0.0,1.0,1.0
2024,CARMAX ENTERPRISE SERVICES LLC CES,45 - Retail Trade,HENRICO,VA,Continuation,1.0,0.0,1.0,1.0
2024,CARNEGIE INFOTECH INC,"Professional, Scientific, and Technical Services",SOUTH PLAINFIELD,NJ,Change of Employer,1.0,0.0,1.0,1.0
2024,CBRE INVESTMENT MANAGEMENT LLC,Finance and Insurance,NEW YORK,NY,New Employment,1.0,0.0,1.0,1.0
2024,CEREVEL THERAPEUTICS LLC D B A CER,"Professional, Scientific, and Technical Services",CAMBRIDGE,MA,New Employment,1.0,0.0,1.0,1.0
2024,CERTIFIED KERNEL TECH LLC,"Professional, Scientific, and Technical Services",NEW YORK,NY,Change of Employer,1.0,0.0,1.0,1.0
2024,CHIANG ARCHITECTURAL CORPORATION,"Professional, Scientific, and Technical Services",SAN FRANCISCO,CA,Continuation,1.0,0.0,1.0,1.0
2024,CHMC OTOLARYNGOLOGIC FOUNDATION INC,Health Care and Social Assistance,BOSTON,MA,New Employment,1.0,0.0,1.0,1.0
2024,CIEN AGUAS INTERNATIONAL SCHOOL,Educational Services,ALBUQUERQUE,NM,Continuation,1.0,0.0,1.0,1.0
2024,CITADEL ENTERPRISE AMERICAS SERVICES LLC,Finance and Insurance,MIAMI,FL,New Employment,15.0,0.0,15.0,1.0
2024,CITIZENS FINANCIAL GROUP INC,Management of Companies and Enterprises,JOHNSTON,RI,Change with Same Employer,31.0,0.0,31.0,1.0
2024,CITTACORE TECHNOLOGIES INC,"Professional, Scientific, and Technical Services",FAIRFIELD,NJ,Change of Employer,2.0,0.0,2.0,1.0
2024,CITY AND COUNTY OF SAN FRANCISCO PLANNING DEPARTMENT,Public Administration,SAN FRANCISCO,CA,Continuation,2.0,0.0,2.0,1.0
2024,CITY OF CORINTH,Public Administration,CORINTH,TX,New Employment,1.0,0.0,1.0,1.0
2024,CIVIC CM INC,"Professional, Scientific, and Technical Services",CARLSBAD,CA,New Employment,1.0,0.0,1.0,1.0
2024,CLEARLAKE CAPITAL GROUP L P,Finance and Insurance,SANTA MONICA,CA,New Employment,1.0,0.0,1.0,1.0
2024,CLIENT FOCUS LLC,"Professional, Scientific, and Technical Services",CENTREVILLE,VA,Amended,1.0,0.0,1.0,1.0
2024,CLOPAY CORPORATION,33 - Manufacturing,MASON,OH,Change of Employer,1.0,0.0,1.0,1.0
2024,CLOUD DATA LLC,"Professional, Scientific, and Technical Services",PHOENIX,AZ,Change of Employer,1.0,0.0,1.0,1.0
2024,CLOUD INTEGRATION SERVICES LLC,"Professional, Scientific, and Technical Services",EDISON,NJ,Change of Employer,1.0,0.0,1.0,1.0
2024,CLOUD IT TEC INC,"Professional, Scientific, and Technical Services",MCKINNEY,TX,Change of Employer,3.0,0.0,3.0,1.0
2024,CLOUD88 INC,"Professional, Scientific, and Technical Services",WEST WINDSOR TOWNSHIP,NJ,Continuation,1.0,0.0,1.0,1.0
2024,CLOUDSCAPE LLC,"Professional, Scientific, and Technical Services",FREDERICK,MD,Change of Employer,2.0,0.0,2.0,1.0
2024,CMG STRATEGY CO LLC,Accommodation and Food Services,NEWPORT BEACH,CA,Change of Employer,1.0,0.0,1.0,1.0
2024,COGENT HEALTHCARE OF NORTH CAROLIN,Health Care and Social Assistance,BRENTWOOD,TN,Change of Employer,1.0,0.0,1.0,1.0
2024,COLLEGE OF THE HOLY CROSS,Educational Services,WORCESTER,MA,Continuation,2.0,0.0,2.0,1.0
2024,COLORADO COLLEGE,Educational Services,COLORADO SPRINGS,CO,New Employment,3.0,1.0,4.0,0.75
2024,COLUMBUS INTERNATIONAL CORPORATION,"Professional, Scientific, and Technical Services",COLUMBUS,OH,Change of Employer,2.0,0.0,2.0,1.0
2024,COMMERCE BANK,Finance and Insurance,ST LOUIS,MO,New Employment,1.0,0.0,1.0,1.0
2024,COMMITPOINT INC,"Professional, Scientific, and Technical Services",LEESBURG,VA,Continuation,3.0,0.0,3.0,1.0
2024,COMMUNITY HOSPITAL,Health Care and Social Assistance,MUNSTER,IN,New Employment,5.0,0.0,5.0,1.0
2024,CONNECT HEARING INC,45 - Retail Trade,AURORA,IL,New Employment,1.0,0.0,1.0,1.0
2024,CONSULTNET LLC,"Professional, Scientific, and Technical Services",SOUTH JORDAN,UT,New Employment,1.0,0.0,1.0,1.0
2024,CONTRACTPOD TECHNOLOGIES INC,Information,NEW YORK,NY,New Employment,1.0,0.0,1.0,1.0
2024,CONVERGE LAB INC,"Professional, Scientific, and Technical Services",SUNNYVALE,CA,New Employment,1.0,0.0,1.0,1.0
2024,CONVERSIGHT AI FORMERLY THICKSTAT INC,"Professional, Scientific, and Technical Services",INDIANAPOLIS,IN,Amended,1.0,0.0,1.0,1.0
2024,COSTELLO CONSTRUCTION GROUP LLC,Construction,THORNWOOD,NY,Change of Employer,1.0,0.0,1.0,1.0
2024,COVESTRO LLC,33 - Manufacturing,PITTSBURGH,PA,Amended,2.0,0.0,2.0,1.0
2024,CREATIO AMERICAS INC,Information,BOSTON,MA,Change of Employer,1.0,0.0,1.0,1.0
2024,CREDIT SUISSE SERVICES USA LLC,Administrative and Support and Waste Management and Remediation Services,NEW YORK,NY,Amended,2.0,0.0,2.0,1.0
2024,CS DISCO INC,"Professional, Scientific, and Technical Services",AUSTIN,TX,Change of Employer,2.0,0.0,2.0,1.0
2024,DAIFUKU AIRPORT AMERICA CORPORATION,33 - Manufacturing,NOVI,MI,Change of Employer,2.0,0.0,2.0,1.0
2024,DATA STRATEGIES INTERCHANGE LLC,"Professional, Scientific, and Technical Services",HOUSTON,TX,Change of Employer,7.0,1.0,8.0,0.875
2024,DATAVAIL CORPORATION,"Professional, Scientific, and Technical Services",BROOMFIELD,CO,Change of Employer,1.0,0.0,1.0,1.0
2024,DB GLOBAL TECHNOLOGY INC,Finance and Insurance,CARY,NC,Continuation,43.0,0.0,43.0,1.0
2024,"DEASIE, INC.","Professional, Scientific, and Technical Services",NEW YORK,NY,Change of Employer,1.0,0.0,1.0,1.0
2024,DECHERT LLP,"Professional, Scientific, and Technical Services",PHILADELPHIA,PA,Continuation,5.0,0.0,5.0,1.0
2024,DELOITTE TRANSACTIONS AND BUSINESS ANALYTICS LLP,"Professional, Scientific, and Technical Services",PHILADELPHIA,PA,Change with Same Employer,3.0,0.0,3.0,1.0
2024,DELUXE CORPORATION,Administrative and Support and Waste Management and Remediation Services,MINNEAPOLIS,MN,New Employment,2.0,0.0,2.0,1.0
2024,DENTAL PROFESSIONALS OF KANSAS PC,Health Care and Social Assistance,EFFINGHAM,IL,Continuation,1.0,0.0,1.0,1.0
2024,DICTATEMD INC,"Professional, Scientific, and Technical Services",NEW YORK,NY,Change of Employer,1.0,0.0,1.0,1.0
2024,DM LOGIC ASSOCIATES CORP,"Professional, Scientific, and Technical Services",PISCATAWAY,NJ,New Employment,3.0,0.0,3.0,1.0
2024,DOMINO DATA LAB INC,"Professional, Scientific, and Technical Services",SAN FRANCISCO,CA,Continuation,3.0,0.0,3.0,1.0
2024,DOYENSYS INC,"Professional, Scientific, and Technical Services",DALLAS,TX,Continuation,2.0,0.0,2.0,1.0
2024,DXA STUDIO ARCHITECTURE PLLC DBA D,"Professional, Scientific, and Technical Services",NEW YORK,NY,New Employment,1.0,0.0,1.0,1.0
2024,E RITTER COMMUNICATIONS HOLDINGS LLC,Information,JONESBORO,AR,New Employment,1.0,0.0,1.0,1.0
2024,E-LAN CAR COMPONENTS USA INC,45 - Retail Trade,HAZEL PARK,MI,New Employment,1.0,0.0,1.0,1.0
2024,EASTBANC TECHNOLOGIES LLC,"Professional, Scientific, and Technical Services",WASHINGTON,DC,Continuation,1.0,0.0,1.0,1.0
2024,EASTERN CONTRACTORS CORPORATION,Construction,SUWANEE,GA,New Employment,3.0,0.0,3.0,1.0
2024,EBAY INC,45 - Retail Trade,SAN JOSE,CA,Change of Employer,52.0,0.0,52.0,1.0
2024,ECCOM NETWORK USA INC,Information,SANTA CLARA,CA,Change of Employer,1.0,0.0,1.0,1.0
2024,EDU INFOTECH INTERNATIONAL RESOURCES INC,Educational Services,CONYERS,GA,Amended,1.0,0.0,1.0,1.0
2024,EDWARD W SPARROW HOSPITAL ASSOCIAT,Health Care and Social Assistance,LANSING,MI,New Employment,3.0,0.0,3.0,1.0
2024,EDWARDS LIFESCIENCES LLC,33 - Manufacturing,IRVINE,CA,Change of Employer,4.0,0.0,4.0,1.0
2024,EIKON THERAPEUTICS INC,"Professional, Scientific, and Technical Services",HAYWARD,CA,Change of Employer,11.0,0.0,11.0,1.0
2024,ELINK ELITE LLC,"Professional, Scientific, and Technical Services",RICHARDSON,TX,Continuation,2.0,1.0,3.0,0.6666666666666666
2024,ELTON CYBER MEDTECH LLC,"Professional, Scientific, and Technical Services",NAPERVILLE,IL,New Employment,1.0,0.0,1.0,1.0
2024,EMERALD HOSPITALITY LLC,Accommodation and Food Services,LEWISTON,ME,New Employment,1.0,0.0,1.0,1.0
2024,EMERGENT BIOSOLUTIONS INC,33 - Manufacturing,GAITHERSBURG,MD,Continuation,0.0,1.0,1.0,0.0
2024,EMORY CHILDRENS PEDIATRIC INSTITUTE INC,Health Care and Social Assistance,ATLANTA,GA,Amended,1.0,0.0,1.0,1.0
2024,ENVISIONWARE INC,"Professional, Scientific, and Technical Services",ALPHARETTA,GA,New Employment,1.0,0.0,1.0,1.0
2024,ESHO FUNI INC,Information,BURBANK,CA,New Employment,1.0,0.0,1.0,1.0
2024,EVEREST CONSULTING GROUP INC,"Professional, Scientific, and Technical Services",EDISON,NJ,New Employment,1.0,0.0,1.0,1.0
2024,EVERETT PUBLIC SCHOOLS,Educational Services,EVERETT,WA,Continuation,1.0,0.0,1.0,1.0
2024,EVERQUOTE INC,"Professional, Scientific, and Technical Services",CAMBRIDGE,MA,Continuation,1.0,0.0,1.0,1.0
2024,EVOLENT HEALTH LLC,Health Care and Social Assistance,ARLINGTON,VA,Amended,1.0,0.0,1.0,1.0
2024,EXETER HOSPITAL INC,Health Care and Social Assistance,EXETER,NH,Amended,1.0,0.0,1.0,1.0
2024,EZENIUS INC,"Professional, Scientific, and Technical Services",CATONSVILLE,MD,New Employment,1.0,0.0,1.0,1.0
2024,FARMINGTON MUNICIPAL SCHOOLS,Educational Services,FARMINGTON,NM,New Employment,1.0,0.0,1.0,1.0
2024,FEDERATO TECHNOLOGIES INC,Finance and Insurance,SAN FRANCISCO,CA,New Employment,1.0,0.0,1.0,1.0
2024,FLAWLESS AL INC,"Professional, Scientific, and Technical Services",SANTA MONICA,CA,New Employment,1.0,0.0,1.0,1.0
2024,FLOW AMERICA LLC,Wholesale Trade,CHARLOTTE,NC,New Employment,1.0,0.0,1.0,1.0
2024,FLUOR ENTERPRISES INC,Construction,SUGAR LAND,TX,Change of Employer,2.0,0.0,2.0,1.0
2024,FOCUS IT INC,"Professional, Scientific, and Technical Services",WESLEY CHAPEL,FL,New Employment,1.0,0.0,1.0,1.0
2024,FORESIGHT FINISHING LLC,"Professional, Scientific, and Technical Services",TEMPE,AZ,Amended,1.0,0.0,1.0,1.0
2024,FORVIS MAZARS LLP,"Professional, Scientific, and Technical Services",DALLAS,TX,Change of Employer,2.0,0.0,2.0,1.0
2024,FOURTHSQUARE LLC,"Professional, Scientific, and Technical Services",IRVING,TX,Amended,2.0,0.0,2.0,1.0
2024,FOX REHABILITATION SERVICES PC DBA,Health Care and Social Assistance,CHERRY HILL,NJ,New Employment,1.0,0.0,1.0,1.0
2024,G3 SOFT INC,"Professional, Scientific, and Technical Services",FLOWER MOUND,TX,Change of Employer,1.0,0.0,1.0,1.0
2024,GALLOP GLOBAL INC,Administrative and Support and Waste Management and Remediation Services,QUINCY,MA,New Employment,1.0,0.0,1.0,1.0
2024,"GANNETT FLEMING, INC.","Professional, Scientific, and Technical Services",CAMP HILL,PA,Change with Same Employer,3.0,0.0,3.0,1.0
2024,GARUDA THERAPEUTICS INC,"Professional, Scientific, and Technical Services",CAMBRIDGE,MA,Change of Employer,1.0,0.0,1.0,1.0
2024,GATIK AI INC,"Professional, Scientific, and Technical Services",MOUNTAIN VIEW,CA,New Employment,3.0,0.0,3.0,1.0
2024,GEN LLC,"Professional, Scientific, and Technical Services",WYNNEWOOD,PA,Change with Same Employer,1.0,0.0,1.0,1.0
2024,GENESCO INC,33 - Manufacturing,NASHVILLE,TN,Change of Employer,1.0,0.0,1.0,1.0
2024,GILLS PROCESS CONTROL INC,"Professional, Scientific, and Technical Services",ROCKY MOUNT,NC,Change of Employer,1.0,0.0,1.0,1.0
2024,GLOBALPOINT INC,"Professional, Scientific, and Technical Services",NORTH BRUNSWICK,NJ,Amended,11.0,0.0,11.0,1.0
2024,GOFUNDME INC,"Professional, Scientific, and Technical Services",SAN DIEGO,CA,Change of Employer,2.0,0.0,2.0,1.0
2024,GOLDEN VALLEY MEMORIAL HOSPITAL DISTRICT,Health Care and Social Assistance,CLINTON,MO,Amended,1.0,0.0,1.0,1.0
2024,GORDIAN INDUSTRIES INC,"Professional, Scientific, and Technical Services",PITTSBURGH,PA,Change of Employer,1.0,0.0,1.0,1.0
2024,GRADLINK CORPORATION DBA GRANDLINK,"Professional, Scientific, and Technical Services",FOOTHILL RANCH,CA,Continuation,1.0,0.0,1.0,1.0
2024,GRANADA INDEMNITY COMPANY,Finance and Insurance,LONG BEACH,NY,New Employment,1.0,0.0,1.0,1.0
2024,GREATER PHOENIX ECONOMIC COUNCIL,"Professional, Scientific, and Technical Services",PHOENIX,AZ,New Employment,1.0,0.0,1.0,1.0
2024,GUARDHAT INC,"Professional, Scientific, and Technical Services",CANTON,MI,New Employment,1.0,0.0,1.0,1.0
2024,GUSTO INC,"Professional, Scientific, and Technical Services",SAN FRANCISCO,CA,Change of Employer,22.0,0.0,22.0,1.0
2024,H I G CAPITAL MANAGEMENT LLC,Finance and Insurance,MIAMI,FL,New Employment,1.0,0.0,1.0,1.0
2024,HANWHA ENERGY USA HOLDINGS CORPORA,Construction,IRVINE,CA,New Employment,1.0,0.0,1.0,1.0
2024,HAPPY DRAGON OF NEW YORK INC,Educational Services,FLUSHING,NY,Amended,1.0,0.0,1.0,1.0
2024,HARLEY DAVIDSON MOTOR COMPANY GROUP LLC,45 - Retail Trade,MILWAUKEE,WI,Change of Employer,3.0,0.0,3.0,1.0
2024,HARRIS CALIFORNIA INC,Construction,OAKLAND,CA,Change with Same Employer,1.0,0.0,1.0,1.0
2024,HARTFORD HEALTHCARE MEDICAL GROUP,Health Care and Social Assistance,WETHERSFIELD,CT,Change with Same Employer,1.0,0.0,1.0,1.0
2024,HEALTHCARE.COM,Finance and Insurance,MIAMI,FL,New Employment,1.0,0.0,1.0,1.0
2024,HEBREW SENIORLIFE,Management of Companies and Enterprises,BOSTON,MA,Change of Employer,1.0,0.0,1.0,1.0
2024,HENKE SASS WOLF OF AMERICA INC,33 - Manufacturing,DUDLEY,MA,Change with Same Employer,2.0,0.0,2.0,1.0
2024,HILL PATH CAPITAL LP,Finance and Insurance,NEW YORK,NY,Continuation,4.0,0.0,4.0,1.0
2024,HILOS INC,33 - Manufacturing,PORTLAND,OR,Change of Employer,1.0,0.0,1.0,1.0
2024,HNI CORPORATION,33 - Manufacturing,MUSCATINE,IA,Change with Same Employer,4.0,0.0,4.0,1.0
2024,HNI HOSPITAL SERVICES OF FLORIDA L,Health Care and Social Assistance,AUSTIN,TX,New Employment,1.0,0.0,1.0,1.0
2024,HOMESOME INC,Information,SAN JOSE,CA,Amended,1.0,0.0,1.0,1.0
2024,HONGJOO KIM LANDSCAPE ARCHITECTS I,"Professional, Scientific, and Technical Services",LOS ANGELES,CA,Change of Employer,1.0,0.0,1.0,1.0
2024,HOSPITAL FOR SPECIAL SURGERY,Health Care and Social Assistance,NEW YORK,NY,Change with Same Employer,3.0,0.0,3.0,1.0
2024,HUMACH LLC,Administrative and Support and Waste Management and Remediation Services,DUBUQUE,IA,New Employment,1.0,0.0,1.0,1.0
2024,HYPER SOLUTIONS INC,33 - Manufacturing,GLEN ALLEN,VA,Change of Employer,1.0,0.0,1.0,1.0
2024,I SQUARED CAPITAL ADVISORS US LLC,Finance and Insurance,MIAMI,FL,Change of Employer,1.0,0.0,1.0,1.0
2024,I TECHOPS LLC,"Professional, Scientific, and Technical Services",TROY,MI,New Employment,1.0,0.0,1.0,1.0
2024,IBN SINA FOUNDATION INC,Health Care and Social Assistance,HOUSTON,TX,New Employment,1.0,0.0,1.0,1.0
2024,IDOL SOFT INC,"Professional, Scientific, and Technical Services",MANSFIELD,MA,Amended,2.0,0.0,2.0,1.0
2024,INARI MEDICAL INC,33 - Manufacturing,IRVINE,CA,Continuation,1.0,0.0,1.0,1.0
2024,INFOBAHN SOFTWORLD INC,"Professional, Scientific, and Technical Services",SAN JOSE,CA,Amended,1.0,0.0,1.0,1.0
2024,INFORMATION ASSET LLC,Information,OLD TAPPAN,NJ,Amended,1.0,0.0,1.0,1.0
2024,INFORMATION TECHNOLOGY AND MANAGEMENT CONSULTING INC ITMC,"Professional, Scientific, and Technical Services",PARSIPANNY -TROY  HILLS,NJ,New Employment,1.0,0.0,1.0,1.0
2024,"INFORMATION TECHNOLOGY AND MANAGEMENT CONSULTING, INC.","Professional, Scientific, and Technical Services",PARSIPPANY,NJ,Amended,2.0,0.0,2.0,1.0
2024,INFRRD INC,Information,SAN JOSE,CA,Continuation,2.0,0.0,2.0,1.0
2024,INNIO WAUKESHA GAS ENGINES INC,"Mining, Quarrying, and Oil and Gas Extraction",WAUKESHA,WI,Amended,1.0,0.0,1.0,1.0
2024,INNOVATE SOLUTIONS INC,"Professional, Scientific, and Technical Services",SANTA CLARA,CA,New Employment,0.0,2.0,2.0,0.0
2024,"INNOVATION SQUAD, INC.","Professional, Scientific, and Technical Services",DALLAS,TX,New Employment,1.0,0.0,1.0,1.0
2024,INNOVATIVE SYSTEMS GROUP INC,"Professional, Scientific, and Technical Services",GLEN ELLYN,IL,Change with Same Employer,1.0,0.0,1.0,1.0
2024,INOGEN,"Professional, Scientific, and Technical Services",PLANO,TX,Change of Employer,4.0,0.0,4.0,1.0
2024,INPRO SEAL LLC,33 - Manufacturing,ROCK ISLAND,IL,New Employment,2.0,0.0,2.0,1.0
2024,INSIDE IDEAS INC DBA OLIVER AGENCY,"Professional, Scientific, and Technical Services",NEW YORK,NY,New Employment,1.0,0.0,1.0,1.0
2024,INTERNATIONAL COMPUTER CONSULTING,"Professional, Scientific, and Technical Services",WARRINGTON,PA,New Employment,3.0,0.0,3.0,1.0
2024,INTERNATIONAL MERCHANDISING COMPAN,"Arts, Entertainment, and Recreation",NEW YORK,NY,New Employment,2.0,0.0,2.0,1.0
2024,INTERNATIONAL TECHNOLOGIES AND SYSTEMS CORP (DBA ID TECH),Finance and Insurance,CYPRESS,CA,Continuation,1.0,0.0,1.0,1.0
2024,INVENTIV TECHNOLOGY LLC,"Professional, Scientific, and Technical Services",KATY,TX,New Employment,1.0,0.0,1.0,1.0
2024,IT ADVANZ LLC,"Professional, Scientific, and Technical Services",RICHARDSON,TX,Amended,1.0,0.0,1.0,1.0
2024,IT MINDS LLC,"Professional, Scientific, and Technical Services",ASHBURN,VA,Change of Employer,2.0,0.0,2.0,1.0
2024,IT RESOURCES INC,"Professional, Scientific, and Technical Services",NEWARK,DE,Change with Same Employer,11.0,0.0,11.0,1.0
2024,ITFACES INC,"Professional, Scientific, and Technical Services",ALPHARETTA,GA,New Employment,2.0,0.0,2.0,1.0
2024,J M ROBERTSON INC D B A AMORIENT ENGINEERING,"Professional, Scientific, and Technical Services",BARRIGADA,GU,New Employment,1.0,0.0,1.0,1.0
2024,J S WALTZ CONSTRUCTION LLC,"Professional, Scientific, and Technical Services",TEMPE,AZ,Continuation,1.0,0.0,1.0,1.0
2024,JASH USA INC DBA RODNEY HUNT INC,33 - Manufacturing,HOUSTON,TX,New Employment,1.0,0.0,1.0,1.0
2024,JDRF INTERNATIONAL,Other Services (except Public Administration),NEW YORK,NY,New Employment,1.0,0.0,1.0,1.0
2024,JEFFERSON COUNTY BOARD OF EDUCATION,Educational Services,LOUISVILLE,GA,Continuation,1.0,0.0,1.0,1.0
2024,JEWISH BOARD OF FAMILY AND CHILDRE,Health Care and Social Assistance,NEW YORK,NY,New Employment,2.0,0.0,2.0,1.0
2024,JINKOSOLAR U S INC,Wholesale Trade,SAN FRANCISCO,CA,Continuation,1.0,0.0,1.0,1.0
2024,JOB CREATION LLC,Administrative and Support and Waste Management and Remediation Services,MONTGOMERY,AL,Continuation,1.0,0.0,1.0,1.0
2024,JOHN LAING USA LTD,Finance and Insurance,NEW YORK,NY,New Employment,1.0,0.0,1.0,1.0
2024,JOOL PRODUCTS LLC DBA JOOL BABY,Wholesale Trade,LAKEWOOD,NJ,New Employment,1.0,0.0,1.0,1.0
2024,JORSEK INC DBA HERETTO,"Professional, Scientific, and Technical Services",ROCHESTER,NY,Change of Employer,1.0,0.0,1.0,1.0
2024,K TEK SOFT INC,"Professional, Scientific, and Technical Services",BENTONVILLE,AR,Amended,1.0,0.0,1.0,1.0
2024,K W PLASTICS RECYCLING,33 - Manufacturing,TROY,AL,Continuation,1.0,0.0,1.0,1.0
2024,KANLER INC,Construction,REDWOOD CITY,CA,Continuation,1.0,0.0,1.0,1.0
2024,KASTECH SOLUTIONS LLC,"Professional, Scientific, and Technical Services",HOUSTON,TX,New Employment,6.0,4.0,10.0,0.6
2024,KAYNE ANDERSON CAPITAL ADVISORS L,Finance and Insurance,LOS ANGELES,CA,New Employment,1.0,0.0,1.0,1.0
2024,KB CORPORATE HOLDINGS LLC,Wholesale Trade,TAMPA,FL,New Employment,1.0,0.0,1.0,1.0
2024,KENTUCKY FARM BUREAU MUTUAL INSURANCE CO,Finance and Insurance,LOUISVILLE,KY,Change of Employer,5.0,0.0,5.0,1.0
2024,KERN COUNTY HOSPITAL AUTHORITY,Health Care and Social Assistance,BAKERSFIELD,CA,Change of Employer,1.0,0.0,1.0,1.0
2024,KEY MANAGEMENT GROUP INC,"Professional, Scientific, and Technical Services",JERICHO,NY,Change with Same Employer,3.0,0.0,3.0,1.0
2024,KEYSIGHT TECHNOLOGIES INC,33 - Manufacturing,SANTA ROSA,CA,New Employment,16.0,0.0,16.0,1.0
2024,KEYSTONE STRATEGY LLC,"Professional, Scientific, and Technical Services",SAN FRANCISCO,CA,New Employment,9.0,0.0,9.0,1.0
2024,KHOURY NAIM LLP,"Professional, Scientific, and Technical Services",HOUSTON,TX,New Employment,1.0,0.0,1.0,1.0
2024,KITCHENAID GLOBAL LLC,33 - Manufacturing,BENTON HARBOR,MI,Change of Employer,3.0,0.0,3.0,1.0
2024,KKR CAPSTONE AMERICAS LLC,Finance and Insurance,NEW YORK,NY,New Employment,1.0,0.0,1.0,1.0
2024,KOH YOUNG AMERICA INC,"Professional, Scientific, and Technical Services",DULUTH,GA,Continuation,1.0,0.0,1.0,1.0
2024,KORN FERRY US,"Professional, Scientific, and Technical Services",LOS ANGELES,CA,Continuation,3.0,0.0,3.0,1.0
2024,KUDO BIOTECHNOLOGY INC,"Professional, Scientific, and Technical Services",NEEDHAM HEIGHTS,MA,Change of Employer,0.0,1.0,1.0,0.0
2024,LACTALIS AMERICAN GROUP INC,33 - Manufacturing,NEW YORK,NY,Continuation,1.0,0.0,1.0,1.0
2024,LAMBDANETS SERVICES LLC,"Professional, Scientific, and Technical Services",COLUMBUS,OH,Amended,7.0,0.0,7.0,1.0
2024,LEADER MARINE USA INC,45 - Retail Trade,LA PORTE,TX,New Employment,1.0,0.0,1.0,1.0
2024,LEGACY COMMUNITY HEALTH SERVICES INC,Health Care and Social Assistance,HOUSTON,TX,Continuation,2.0,0.0,2.0,1.0
2024,LENDAGE LLC,Finance and Insurance,SAN MATEO,CA,Continuation,1.0,0.0,1.0,1.0
2024,LEXIA VOYAGER SOPRIS INC,Educational Services,WASHINGTON,DC,New Employment,1.0,0.0,1.0,1.0
2024,LINGATECH INC,"Professional, Scientific, and Technical Services",CAMP HILL,PA,Amended,1.0,0.0,1.0,1.0
2024,LIRO ENGINEERS INC,"Professional, Scientific, and Technical Services",SYOSSET,NY,New Employment,2.0,0.0,2.0,1.0
2024,LONG HING WHOLESALE EXPRESS LLC,Wholesale Trade,STAFFORD,TX,New Employment,1.0,0.0,1.0,1.0
2024,LOOM INC,Information,SAN FRANCISCO,CA,Amended,1.0,0.0,1.0,1.0
2024,LORVEN TECHNOLOGIES INC,"Professional, Scientific, and Technical Services",PLAINSBORO,NJ,New Employment,6.0,0.0,6.0,1.0
2024,LUMA HEALTH INC,"Professional, Scientific, and Technical Services",SAN MATEO,CA,Continuation,1.0,0.0,1.0,1.0
2024,LUMMUS TECHNOLOGY LLC,"Professional, Scientific, and Technical Services",HOUSTON,TX,Continuation,1.0,0.0,1.0,1.0
2024,LUV N CARE LTD DBA NUBY,45 - Retail Trade,MONROE,LA,New Employment,1.0,0.0,1.0,1.0
2024,M ARTHUR GENSLER JR & ASSOCIATES INC,"Professional, Scientific, and Technical Services",SAN FRANCISCO,CA,Amended,8.0,0.0,8.0,1.0
2024,M-E ENGINEERS INC D B A ME ENGINEE,"Professional, Scientific, and Technical Services",LOS ANGELES,CA,Change of Employer,1.0,0.0,1.0,1.0
2024,MADISON PARISH SCHOOL BOARD,Educational Services,TALLULAH,LA,New Employment,4.0,0.0,4.0,1.0
2024,"MANER, COSTERISAN & ELLIS, P.C.","Professional, Scientific, and Technical Services",LANSING,MI,New Employment,1.0,0.0,1.0,1.0
2024,MARIA DROSTE SVCS OF COLORADO INC D/B/A MARIA DROSTE COUNSELING CTR,Health Care and Social Assistance,DENVER,CO,New Employment,1.0,0.0,1.0,1.0
2024,MCGRAW HILL LLC,Educational Services,COLUMBUS,OH,New Employment,3.0,0.0,3.0,1.0
2024,MCGRAW HILL LLC,Educational Services,COLUMBUS,OH,Amended,1.0,1.0,2.0,0.5
2024,MEDINNOVA USA INC,"Professional, Scientific, and Technical Services",NEW YORK,NY,New Employment,1.0,0.0,1.0,1.0
2024,MEDITOLOGY SERVICES LLC,"Professional, Scientific, and Technical Services",CHAMBLEE,GA,Continuation,1.0,0.0,1.0,1.0
2024,MEDRIO INC,"Professional, Scientific, and Technical Services",SAN FRANCISCO,CA,New Employment,1.0,0.0,1.0,1.0
2024,MERCHANT AND GOULD P C,"Professional, Scientific, and Technical Services",MINNEAPOLIS,MN,New Employment,1.0,0.0,1.0,1.0
2024,MERCY INPATIENT MEDICAL ASSOCIATES INC D/B/A MERCY INPATIENT MEDICINE SERVICES,Health Care and Social Assistance,SPRINGFIELD,MA,Continuation,0.0,1.0,1.0,0.0
2024,MERLYN MIND INC,"Professional, Scientific, and Technical Services",NEW YORK,NY,Change with Same Employer,1.0,0.0,1.0,1.0
2024,MESQUITE INDEPENDENT SCHOOL DISTRICT,Educational Services,MESQUITE,TX,New Employment,1.0,0.0,1.0,1.0
2024,METRIC SEARCH INC,"Professional, Scientific, and Technical Services",NEW YORK,NY,New Employment,1.0,0.0,1.0,1.0
2024,METROPOLITAN UTILITIES DISTRICT,Utilities,OMAHA,NE,Change of Employer,2.0,0.0,2.0,1.0
2024,MGT IMPACT SOLUTIONS LLC,"Professional, Scientific, and Technical Services",NORCROSS,GA,Amended,1.0,0.0,1.0,1.0
2024,MIDCONTINENT INDEPENDENT SYSTEM OP,Utilities,CARMEL,IN,Continuation,2.0,0.0,2.0,1.0
2024,MIDCONTINENT INDEPENDENT SYSTEM OPERATOR INC D B A MISO,Utilities,CARMEL,IN,Continuation,1.0,0.0,1.0,1.0
2024,MILLIMAN INC,Finance and Insurance,SEATTLE,WA,Continuation,1.0,0.0,1.0,1.0
2024,MONOLITHIC POWER SYSTEMS INC,33 - Manufacturing,SAN JOSE,CA,Change of Employer,2.0,0.0,2.0,1.0
2024,MORNINGSTAR INVESTMENT MANAGEMENT LLC,Finance and Insurance,CHICAGO,IL,Amended,3.0,0.0,3.0,1.0
2024,MOVABLE INC,Information,NEW YORK,NY,Change of Employer,1.0,0.0,1.0,1.0
2024,MUHLENBERG COLLEGE,Educational Services,ALLENTOWN ,PA,New Employment,1.0,0.0,1.0,1.0
2024,MULTICARE HEALTH SYSTEM,Health Care and Social Assistance,TACOMA,WA,Amended,1.0,0.0,1.0,1.0
2024,MULTIPLAN INC,Finance and Insurance,NEW YORK,NY,Amended,5.0,0.0,5.0,1.0
2024,MULTIVAC INC,33 - Manufacturing,KANSAS CITY,MO,Change of Employer,1.0,0.0,1.0,1.0
2024,MYERS CONSTRUCTION INC,Construction,BROKEN BOW,NE,New Employment,1.0,0.0,1.0,1.0
2024,N AND B PUERTO RICO INC,Information,GUAYNABO,PR,New Employment,1.0,0.0,1.0,1.0
2024,NASHVILLE CIVIC DESIGN CENTER,"Professional, Scientific, and Technical Services",NASHVILLE,TN,Continuation,1.0,0.0,1.0,1.0
2024,NATIONAL UNION FIRE INSURANCE COMPANY OF PITTSBURGH PA,Finance and Insurance,JERSEY CITY,NJ,New Employment,2.0,0.0,2.0,1.0
2024,NATIONWIDE CHILDRENS HOSPITAL,Health Care and Social Assistance,COLUMBUS,OH,Change of Employer,1.0,0.0,1.0,1.0
2024,NAVASAL INC,"Professional, Scientific, and Technical Services",CARROLLTON,TX,New Concurrent,1.0,0.0,1.0,1.0
2024,NAVAYUGA INFOTECH LLC,"Professional, Scientific, and Technical Services",MARIETTA,GA,New Employment,2.0,0.0,2.0,1.0
2024,NEOTEK SOLUTIONS LLC,"Professional, Scientific, and Technical Services",NASHVILLE,TN,Amended,4.0,0.0,4.0,1.0
2024,NETFLIX GLOBAL LLC,Information,LOS GATOS,CA,New Employment,2.0,0.0,2.0,1.0
2024,NETWORK OPTIX INC,"Professional, Scientific, and Technical Services",WALNUT CREEK,CA,New Employment,1.0,0.0,1.0,1.0
2024,NEVADA NANOTECH SYSTEMS INC.,"Professional, Scientific, and Technical Services",SPARKS,NV,New Employment,1.0,0.0,1.0,1.0
2024,NEW DATATECH LLC,"Professional, Scientific, and Technical Services",BRIDGEWATER,NJ,Change with Same Employer,1.0,0.0,1.0,1.0
2024,NEW IBERIA HOLDINGS INC,Health Care and Social Assistance,CINCINNATI,OH,New Employment,1.0,0.0,1.0,1.0
2024,NEW LINE STRUCTURES DEVELOPMENT LLC,Construction,NEW YORK,NY,Continuation,1.0,0.0,1.0,1.0
2024,NIKE RETAIL SERVICES INC,33 - Manufacturing,BEAVERTON,OR,Change with Same Employer,1.0,0.0,1.0,1.0
2024,NITCO INC,"Professional, Scientific, and Technical Services",KATY,TX,New Employment,2.0,0.0,2.0,1.0
2024,NORTHSTAR MEDICAL RADIOISOTOPES LLC,33 - Manufacturing,BELOIT,WI,Amended,3.0,0.0,3.0,1.0
2024,NOVA WEB TECHNOLOGIES LLC,"Professional, Scientific, and Technical Services",CHANDLER,AZ,New Employment,2.0,0.0,2.0,1.0
2024,NOVARTIS INSTITUTES FOR BIOMEDICAL,Information,EAST HANOVER,NJ,New Employment,1.0,0.0,1.0,1.0
2024,NP CORPORATE SERVICES LLC,33 - Manufacturing,SHELBYVILLE,TN,Amended,1.0,0.0,1.0,1.0
2024,NSG TECHNOLOGY INC,"Professional, Scientific, and Technical Services",SAN JOSE,CA,New Employment,1.0,0.0,1.0,1.0
2024,NUESTRO MUNDO PUBLIC CHARTER SCHOO,Educational Services,PROVIDENCE,RI,New Employment,1.0,0.0,1.0,1.0
2024,NUTRIEN AG SOLUTIONS INC,Wholesale Trade,LOVELAND,CO,New Employment,1.0,0.0,1.0,1.0
2024,O CONNOR HOSPITAL,Health Care and Social Assistance,DELHI,NY,Continuation,1.0,0.0,1.0,1.0
2024,OMRON ROBOTICS AND SAFETY TECHNOLOGIES INC,"Professional, Scientific, and Technical Services",PLEASANTON,CA,Continuation,2.0,0.0,2.0,1.0
2024,ONE WORKPLACE L FERRARI LLC,Wholesale Trade,SEATTLE,WA,New Employment,1.0,0.0,1.0,1.0
2024,ONESOURCE VIRTUAL INC,Information,COPPELL,TX,Continuation,1.0,0.0,1.0,1.0
2024,ONLY IT CONSULTING LLC,"Professional, Scientific, and Technical Services",SOUTH BARRINGTON,IL,Continuation,2.0,0.0,2.0,1.0
2024,ONYX CLINICAL RESEARCH,"Professional, Scientific, and Technical Services",FLINT,MI,Change with Same Employer,1.0,0.0,1.0,1.0
2024,OPINIONATED LLC,"Professional, Scientific, and Technical Services",PORTLAND,OR,New Employment,1.0,0.0,1.0,1.0
2024,"OPTIMAL TECHNOLOGIES, INC.","Professional, Scientific, and Technical Services",LAWRENCEVILLE,GA,Amended,1.0,0.0,1.0,1.0
2024,OPTIMUM WEB MARKETING CONSULTANTS LLC,"Professional, Scientific, and Technical Services",CORAL GABLES,FL,Continuation,1.0,0.0,1.0,1.0
2024,OPTIONSPLAY LLC,45 - Retail Trade,BASKING RIDGE,NJ,New Employment,1.0,0.0,1.0,1.0
2024,P2P SOFTTEK LLC,Information,PLEASANTON,CA,Amended,5.0,1.0,6.0,0.8333333333333334
2024,PALM BEACH ATLANTIC UNIVERSITY,Educational Services,WEST PALM BEACH,FL,Change with Same Employer,1.0,0.0,1.0,1.0
2024,PANGEA CONSULTING,"Professional, Scientific, and Technical Services",CENTENNIAL,CO,New Employment,2.0,0.0,2.0,1.0
2024,PAYPAL INC,Finance and Insurance,SAN JOSE,CA,Amended,64.0,0.0,64.0,1.0
2024,PC CONNECTION INC,"Professional, Scientific, and Technical Services",MERRIMACK,NH,Change with Same Employer,0.0,1.0,1.0,0.0
2024,PEABODY PROPERTIES INC,Real Estate and Rental and Leasing,BRAINTREE,MA,Continuation,1.0,0.0,1.0,1.0
2024,PETIT POT INC,33 - Manufacturing,EMERYVILLE,CA,New Employment,1.0,0.0,1.0,1.0
2024,PHILIPS HEALTHCARE INFORMATICS INC,33 - Manufacturing,PLEASANTON,CA,Continuation,2.0,0.0,2.0,1.0
2024,PINTA INTERNATIONAL INC,Wholesale Trade,HAYWARD,CA,New Employment,1.0,0.0,1.0,1.0
2024,PINTEREST INC,Information,SAN FRANCISCO,CA,New Employment,54.0,0.0,54.0,1.0
2024,PIONEER CHARTER SCHOOL OF SCI,Educational Services,SAUGUS,MA,Continuation,1.0,0.0,1.0,1.0
2024,PIPELINE PS INC D B A STUDIO RX PR,"Professional, Scientific, and Technical Services",NEW YORK,NY,Continuation,2.0,0.0,2.0,1.0
2024,PLYMOUTH ROCK MANAGEMENT COMPANY OF NEW JERSEY,Finance and Insurance,WOODBRIDGE,NJ,Continuation,2.0,1.0,3.0,0.6666666666666666
2024,PMC SMART SOLUTIONS LLC,33 - Manufacturing,BLUE ASH,OH,New Employment,1.0,0.0,1.0,1.0
2024,POLYPHASE SYSTEM INC,Construction,BARRIGADA,GU,New Employment,8.0,0.0,8.0,1.0
2024,POTRANCO FAMILY DENTAL PLLC,Health Care and Social Assistance,CYPRESS,TX,Continuation,1.0,0.0,1.0,1.0
2024,PPD DEVELOPMENT LP D/B/A ACURIAN INC,"Professional, Scientific, and Technical Services",WILMINGTON,NC,Continuation,0.0,1.0,1.0,0.0
2024,PRAETORIAN SECURITY INC,"Professional, Scientific, and Technical Services",AUSTIN,TX,Amended,1.0,1.0,2.0,0.5
2024,"PREDICINE, INC.","Professional, Scientific, and Technical Services",HAYWARD,CA,Amended,1.0,0.0,1.0,1.0
2024,PREVISE SOLUTIONS LLC,"Professional, Scientific, and Technical Services",GAITHERSBURG,MD,Change with Same Employer,1.0,0.0,1.0,1.0
2024,PRICEWATERHOUSECOOPERS LLP,"Professional, Scientific, and Technical Services",TAMPA,FL,New Employment,29.0,0.0,29.0,1.0
2024,PRIMERLI INC,Educational Services,LAGUNA NIGUEL,CA,New Employment,1.0,0.0,1.0,1.0
2024,PROBUILDERO CORP,Construction,BROOKLYN,NY,New Employment,1.0,0.0,1.0,1.0
2024,PROD DESIGN AND ANALYSIS INC,33 - Manufacturing,EL PASO,TX,Continuation,1.0,0.0,1.0,1.0
2024,PROJECT M VENTURES LLC DBA REVERE VC,Finance and Insurance,ORINDA,CA,Change with Same Employer,1.0,0.0,1.0,1.0
2024,PROVIDENCE SAINT JOHNS HEALTH CENT,Health Care and Social Assistance,RENTON,WA,Continuation,2.0,0.0,2.0,1.0
2024,QUALYS INC,Information,FOSTER CITY,CA,Continuation,10.0,0.0,10.0,1.0
2024,QUANTERIX CORPORATION,"Professional, Scientific, and Technical Services",BILLERICA,MA,Change with Same Employer,1.0,0.0,1.0,1.0
2024,QUARTET FINANCIAL SYSTEMS INC D B A ACTIVEVIAM ACTIVEVIAM,"Professional, Scientific, and Technical Services",NEW YORK,NY,Continuation,1.0,0.0,1.0,1.0
2024,R G MILLER ENGINEERS INC,"Professional, Scientific, and Technical Services",HOUSTON,TX,New Employment,1.0,0.0,1.0,1.0
2024,R10 NETWORKS INC,"Professional, Scientific, and Technical Services",INDIANAPOLIS,IN,New Employment,1.0,0.0,1.0,1.0
2024,RADIOLOGY PARTNERS MANAGEMENT LLC,Health Care and Social Assistance,EL SEGUNDO,CA,Change of Employer,0.0,1.0,1.0,0.0
2024,RECIPROCAL LABS CORPORATION DBA PROPELLER HEALTH,Health Care and Social Assistance,MADISON,WI,New Employment,1.0,0.0,1.0,1.0
2024,REDMANE TECHNOLOGY LLC,"Professional, Scientific, and Technical Services",CHICAGO,IL,Continuation,2.0,0.0,2.0,1.0
2024,RELIANCE STANDARD LIFE INSURANCE COMPANY,Finance and Insurance,PHILADELPHIA,PA,Continuation,1.0,0.0,1.0,1.0
2024,RENOTEK SOLUTIONS LLC,"Professional, Scientific, and Technical Services",PISCATAWAY,NJ,Change of Employer,1.0,0.0,1.0,1.0
2024,REVOLUTION MEDICINES INC,33 - Manufacturing,REDWOOD CITY,CA,Change of Employer,6.0,0.0,6.0,1.0
2024,"REVOLUTIONPARTS, INC.",Information,PHOENIX,AZ,Change of Employer,1.0,0.0,1.0,1.0
2024,RGL ENDEAVORS,Educational Services,LEANDER,TX,New Employment,1.0,0.0,1.0,1.0
2024,RICHMOND AREA MULTI SERVICES INC,Health Care and Social Assistance,SAN FRANCISCO,CA,Change with Same Employer,1.0,0.0,1.0,1.0
2024,ROSEMAN UNIVERSITY OF HEALTH SCIENCES,Educational Services,HENDERSON,NV,New Employment,1.0,0.0,1.0,1.0
2024,RYDER SYSTEM INC,"Professional, Scientific, and Technical Services",MIAMI,FL,New Employment,2.0,0.0,2.0,1.0
2024,S & S TECH SOLUTIONS LLC,"Professional, Scientific, and Technical Services",DALLAS,TX,Amended,2.0,0.0,2.0,1.0
2024,S AND ME INC,"Professional, Scientific, and Technical Services",RALEIGH,NC,New Employment,4.0,0.0,4.0,1.0
2024,SAFEAI INC,"Professional, Scientific, and Technical Services",SANTA CLARA,CA,Change with Same Employer,1.0,0.0,1.0,1.0
2024,"SAFETRACES, INC.","Professional, Scientific, and Technical Services",PLEASANTON,CA,Amended,1.0,0.0,1.0,1.0
2024,SAHI SOFTTECH INC,"Professional, Scientific, and Technical Services",CHANDLER,AZ,Continuation,2.0,0.0,2.0,1.0
2024,SALSIFY INC,"Professional, Scientific, and Technical Services",BOSTON,MA,Continuation,1.0,0.0,1.0,1.0
2024,SARA LEE FROZEN BAKERY LLC,33 - Manufacturing,OAKBROOK TERRACE,IL,Continuation,1.0,0.0,1.0,1.0
2024,SARAH CANNON RESEARCH INSTITUTE HOLDINGS LLC,"Professional, Scientific, and Technical Services",IRVING,TX,Change with Same Employer,1.0,0.0,1.0,1.0
2024,SAVVY INFO SYSTEMS INC,"Professional, Scientific, and Technical Services",SCHAUMBURG,IL,New Employment,2.0,0.0,2.0,1.0
2024,SCIENCE CORPORATION,"Professional, Scientific, and Technical Services",ALAMEDA,CA,Change of Employer,2.0,0.0,2.0,1.0
2024,SCIENTIFIC COMPONENTS CORP DBA MINI CIRCUITS,33 - Manufacturing,BROOKLYN,NY,Continuation,1.0,0.0,1.0,1.0
2024,SEATTLE NORTHWEST CONSULTING LLC,Finance and Insurance,BELLEVUE,WA,Continuation,1.0,0.0,1.0,1.0
2024,SELECTHEALTH INC,Health Care and Social Assistance,MURRAY,UT,Change of Employer,2.0,0.0,2.0,1.0
2024,SEMANTICBITS LLC,"Professional, Scientific, and Technical Services",RESTON,VA,Change with Same Employer,9.0,0.0,9.0,1.0
2024,SG SOFTECH LLC,"Professional, Scientific, and Technical Services",CHARLOTTE,NC,Change of Employer,2.0,0.0,2.0,1.0
2024,SGS TECHNOLOGIE LLC,"Professional, Scientific, and Technical Services",JACKSONVILLE,FL,Amended,7.0,0.0,7.0,1.0
2024,SHELL GLOBAL SOLUTIONS US INC,"Mining, Quarrying, and Oil and Gas Extraction",HOUSTON,TX,Amended,2.0,0.0,2.0,1.0
2024,SHINE LINK INTERNATIONAL GROUP INC,Wholesale Trade,DES MOINES,IA,Continuation,1.0,0.0,1.0,1.0
2024,SHUTTERFLY LLC,45 - Retail Trade,SAN JOSE,CA,New Employment,2.0,0.0,2.0,1.0
2024,SIARAA TECHNOLOGIES INC,"Professional, Scientific, and Technical Services",PRINCETON,NJ,Change of Employer,5.0,0.0,5.0,1.0
2024,SID GLOBAL SOLUTIONS,"Professional, Scientific, and Technical Services",EXTON,PA,Amended,3.0,0.0,3.0,1.0
2024,SIGMA TECHNOLOGIES LLC,Information,KEARNY,NJ,New Employment,1.0,0.0,1.0,1.0
2024,SIGNITIVES TECHNOLOGIES LLC,"Professional, Scientific, and Technical Services",IRVING,TX,Amended,1.0,0.0,1.0,1.0
2024,SIRRUS SOFTWARE SERVICES INC,"Professional, Scientific, and Technical Services",TAMPA,FL,New Employment,2.0,0.0,2.0,1.0
2024,"SITEMETRIC, LLC","Professional, Scientific, and Technical Services",HOUSTON,TX,New Employment,1.0,0.0,1.0,1.0
2024,"SKAPA, LLC","Professional, Scientific, and Technical Services",SEATTLE,WA,New Employment,1.0,0.0,1.0,1.0
2024,SKY BRAND WOOD PRODUCTS INC,Wholesale Trade,KATY,TX,New Employment,1.0,0.0,1.0,1.0
2024,SKY TECHNOLOGIES LLC,"Professional, Scientific, and Technical Services",ALEXANDRIA,VA,Amended,6.0,0.0,6.0,1.0
2024,SKYLINE INTERACTIVE INC,"Professional, Scientific, and Technical Services",PASADENA,CA,Change of Employer,1.0,0.0,1.0,1.0
2024,SMASH ANALYTICS INC DBA SMASH CR,Information,MILLCREEK,UT,Amended,1.0,0.0,1.0,1.0
2024,SMIGEL ANDERSON & SACKS LLP,"Professional, Scientific, and Technical Services",HARRISBURG,PA,Amended,1.0,0.0,1.0,1.0
2024,SMITHBRIDGE GUAM INC,Construction,YIGO,GU,New Employment,7.0,0.0,7.0,1.0
2024,SONICSOFT INC,"Professional, Scientific, and Technical Services",SCHAUMBURG,IL,Amended,1.0,0.0,1.0,1.0
2024,SOUTH HAVEN HOMES LC,Construction,PLEASANT GROVE,UT,Change of Employer,1.0,0.0,1.0,1.0
2024,SOUTHEAST TOYOTA DISTRIBUTORS LLC,Wholesale Trade,DEERFIELD BEACH,FL,New Employment,1.0,0.0,1.0,1.0
2024,SOUTHEASTERN PHYSICIAN SERVICES PC,Health Care and Social Assistance,KNOXVILLE,TN,Amended,2.0,0.0,2.0,1.0
2024,SOUTHEASTERN UNIVERSITY INC,Educational Services,LAKELAND,FL,New Employment,1.0,0.0,1.0,1.0
2024,SPINNAKER SUPPORT LLC,"Professional, Scientific, and Technical Services",GREENWOOD VILLAGE,CO,New Employment,1.0,0.0,1.0,1.0
2024,"SPIRIT MOUNTAIN GAMING, INC.",Accommodation and Food Services,GRAND RONDE,OR,New Employment,1.0,0.0,1.0,1.0
2024,SRIVEN TECHNOLOGIES LLC,"Professional, Scientific, and Technical Services",ASHBURN,VA,Continuation,2.0,0.0,2.0,1.0
2024,ST JUDE MEDICAL CARDIOLOGY DIVISION INC AN ABBOTT LABORATORIES COMPANY,33 - Manufacturing,ABBOTT PARK,IL,Amended,1.0,1.0,2.0,0.5
2024,STATE FARM MUTUAL AUTOMOBILE INSURANCE COMPANY,Finance and Insurance,BLOOMINGTON,IL,New Employment,4.0,0.0,4.0,1.0
2024,STATE UNIVERSITY OF NEW YORK AT BUFFALO,Educational Services,NEW PALTZ,NY,Amended,1.0,0.0,1.0,1.0
2024,STRATEGIC SYSTEMS INC,"Professional, Scientific, and Technical Services",DUBLIN,OH,Change with Same Employer,8.0,0.0,8.0,1.0
2024,STUDIO COLLECTIVE LLC,"Professional, Scientific, and Technical Services",VENICE,CA,New Employment,1.0,0.0,1.0,1.0
2024,SUBLIME WIRELESS INC,"Professional, Scientific, and Technical Services",WEST HARRISON,NY,New Employment,1.0,0.0,1.0,1.0
2024,SUNLIGHTEN INC,33 - Manufacturing,OVERLAND PARK,KS,Continuation,1.0,1.0,2.0,0.5
2024,SUNTECHPROS INC,"Professional, Scientific, and Technical Services",MORRISVILLE,NC,New Employment,5.0,0.0,5.0,1.0
2024,SUPER FREE GAMES INC,Information,CONCORD,CA,Amended,2.0,0.0,2.0,1.0
2024,SYMCON GLOBAL TECHNOLOGIES USA LP,"Professional, Scientific, and Technical Services",HOUSTON,TX,Change of Employer,1.0,0.0,1.0,1.0
2024,SYMMETRY MEDICAL MANUFACTURING INC DBA TECOMET,33 - Manufacturing,WARSAW,IN,New Employment,1.0,0.0,1.0,1.0
2024,SYNAPSE TECH SERVICES INC,"Professional, Scientific, and Technical Services",COLUMBUS,OH,New Employment,6.0,2.0,8.0,0.75
2024,SYNTAGE TECH LLC,"Professional, Scientific, and Technical Services",MOUNT JULIET,TN,New Employment,6.0,0.0,6.0,1.0
2024,SYNTHESIS INCORPORATED,"Professional, Scientific, and Technical Services",INDIANAPOLIS,IN,Change of Employer,1.0,0.0,1.0,1.0
2024,TABNER INC,"Professional, Scientific, and Technical Services",CHARLOTTE,NC,Change of Employer,5.0,1.0,6.0,0.8333333333333334
2024,TATA CONSULTANCY SERVICES LIMITED,"Professional, Scientific, and Technical Services",ROCKVILLE,MD,Change of Employer,3.0,0.0,3.0,1.0
2024,TATA TECHNOLOGIES INC,"Professional, Scientific, and Technical Services",DETROIT,MI,Change of Employer,15.0,0.0,15.0,1.0
2024,TECH FABRIC LLC,"Professional, Scientific, and Technical Services",GILBERT,AZ,New Employment,1.0,0.0,1.0,1.0
2024,TECH ZOOM INC,"Professional, Scientific, and Technical Services",SAN FRANCISCO,CA,New Employment,2.0,0.0,2.0,1.0
2024,TECHCESS SOLUTIONS LLC,Other Services (except Public Administration),RICHARDSON,TX,Amended,1.0,0.0,1.0,1.0
2024,TECHFLUENT SYSTEMS LLC,"Professional, Scientific, and Technical Services",LEHI,UT,New Employment,1.0,0.0,1.0,1.0
2024,TECHNOLGY HUB INC,"Professional, Scientific, and Technical Services",STERLING,VA,New Employment,1.0,0.0,1.0,1.0
2024,TECHNOLOGY CONSULTANTS INC,"Professional, Scientific, and Technical Services",FARMINGTON,MI,Change of Employer,1.0,0.0,1.0,1.0
2024,TECHVORKS LLC,"Professional, Scientific, and Technical Services",OVERLAND PARK,KS,New Employment,3.0,0.0,3.0,1.0
2024,TECSPIRIT CORP,"Professional, Scientific, and Technical Services",CEDAR PARK,TX,Amended,5.0,0.0,5.0,1.0
2024,TEK VALLEY CORPORATION INC,"Professional, Scientific, and Technical Services",PLEASANTON,CA,Change of Employer,1.0,0.0,1.0,1.0
2024,TEKHOPS LLC,"Professional, Scientific, and Technical Services",ANOKA,MN,New Employment,7.0,0.0,7.0,1.0
2024,TEKION CORP,Information,PLEASANTON,CA,Continuation,3.0,0.0,3.0,1.0
2024,TEKORION INC.,"Professional, Scientific, and Technical Services",IRVING,TX,New Employment,2.0,0.0,2.0,1.0
2024,TESLAC IT SOLUTIONS LLC,"Professional, Scientific, and Technical Services",BENTONVILLE,AR,New Employment,2.0,0.0,2.0,1.0
2024,TEXAS FIRST INDUSTRIAL CORPORATION INC,Wholesale Trade,BROOKSHIRE,TX,New Employment,1.0,0.0,1.0,1.0
2024,THE BANK OF NOVA SCOTIA,Finance and Insurance,NEW YORK,NY,Change of Employer,6.0,0.0,6.0,1.0
2024,THE BOARD OF DIRECTORS OF WITTENBERG COLLEGE D/B/A WITTENBERG UNIV,Educational Services,SPRINGFIELD,OH,New Employment,1.0,0.0,1.0,1.0
2024,THE BOSTON CONSULTING GROUP INC,"Professional, Scientific, and Technical Services",BOSTON,MA,Change with Same Employer,33.0,0.0,33.0,1.0
2024,THE CAMPAIGN REGISTRY INC,Information,MC LEAN,VA,Change of Employer,1.0,0.0,1.0,1.0
2024,THE HUNTINGTON NATIONAL BANK,Finance and Insurance,COLUMBUS,OH,New Employment,12.0,0.0,12.0,1.0
2024,THE SEGAL COMPANY EASTERN STATES INC,"Professional, Scientific, and Technical Services",NEW YORK,NY,Amended,2.0,0.0,2.0,1.0
2024,THE TRUSTEES OF PRINCETON UNIVERSITY,Educational Services,PRINCETON,NJ,Change with Same Employer,1.0,0.0,1.0,1.0
2024,THE UNIVERSITY OF ARIZONA,Educational Services,TUCSON,AZ,Change with Same Employer,3.0,0.0,3.0,1.0
2024,THE UNIVERSITY OF IOWA,Educational Services,IOWA CITY,IA,New Employment,92.0,1.0,93.0,0.989247311827957
2024,THE UNIVERSITY OF KANSAS PHYSICIANS,Health Care and Social Assistance,KANSAS CITY,KS,New Concurrent,5.0,0.0,5.0,1.0
2024,THE VIA GROUP LLC,"Professional, Scientific, and Technical Services",PORTLAND,ME,New Concurrent,1.0,0.0,1.0,1.0
2024,THOMSON REUTERS HOLDINGS INC,Information,NEW YORK,NY,Change of Employer,1.0,0.0,1.0,1.0
2024,THREADING WIZ INC,Other Services (except Public Administration),ARLINGTON HTS,IL,New Employment,1.0,0.0,1.0,1.0
2024,TOGGLE INDUSTIRES INC,"Professional, Scientific, and Technical Services",HOLBROOK,NY,Continuation,1.0,0.0,1.0,1.0
2024,TOTAL NETWORK MANUFACTURING LLC,33 - Manufacturing,AUBURN HILLS,MI,Continuation,1.0,0.0,1.0,1.0
2024,TOWER HILL INSURANCE GROUP LLC,Finance and Insurance,GAINESVILLE,FL,Continuation,2.0,0.0,2.0,1.0
2024,TOYOTA TSUSHO SYSTEMS US INC,"Professional, Scientific, and Technical Services",PLANO,TX,Change of Employer,3.0,0.0,3.0,1.0
2024,TRANSSOLUTIONS LLC,"Professional, Scientific, and Technical Services",FORT WORTH,TX,Continuation,1.0,0.0,1.0,1.0
2024,TRI WIN OUTSOURCING INC,"Professional, Scientific, and Technical Services",DALLAS,TX,Continuation,1.0,0.0,1.0,1.0
2024,TRIAMBEC SOLUTIONS LLC,"Professional, Scientific, and Technical Services",RICHMOND,CA,New Employment,1.0,0.0,1.0,1.0
2024,TRICUBIC INC,Information,FRISCO,TX,Change of Employer,1.0,0.0,1.0,1.0
2024,TRINITY HEALTH MID ATLANTIC MEDICAL GROUP,Health Care and Social Assistance,NEWTOWN,PA,Change of Employer,2.0,0.0,2.0,1.0
2024,TRINITY INDUSTRIES INC,33 - Manufacturing,DALLAS,TX,New Employment,1.0,0.0,1.0,1.0
2024,TRIPADVISOR LLC,"Professional, Scientific, and Technical Services",NEEDHAM HEIGHTS,MA,Continuation,2.0,0.0,2.0,1.0
2024,TRUCKX INC,Information,SUNNYVALE,CA,Continuation,1.0,0.0,1.0,1.0
2024,U S P FURNITURE CORP,45 - Retail Trade,CITY OF INDUSTRY,CA,Continuation,1.0,0.0,1.0,1.0
2024,UMB BANK NA,Finance and Insurance,KANSAS CITY,MO,Continuation,9.0,0.0,9.0,1.0
2024,UNICORN TECHNOLOGIES LLC,"Professional, Scientific, and Technical Services",ALPHARETTA,GA,Continuation,7.0,1.0,8.0,0.875
2024,UNITED INFO SERVICES INC,"Professional, Scientific, and Technical Services",ROLLING MEADOWS,IL,New Employment,2.0,1.0,3.0,0.6666666666666666
2024,UNIV OF PITTSBURGH PHYSICIANS,Health Care and Social Assistance,PITTSBURGH,PA,Continuation,18.0,2.0,20.0,0.9
2024,UNIVERSITY OF CONNECTICUT HEALTH C,Educational Services,FARMINGTON,CT,Amended,5.0,0.0,5.0,1.0
2024,UNIVERSITY OF LOUISVILLE,Educational Services,LOUISVILLE,KY,Amended,7.0,0.0,7.0,1.0
2024,US GROUP CONSOLIDATOR INC,49 - Transportation and Warehousing,BURLINGAME,CA,New Employment,1.0,0.0,1.0,1.0
2024,UTNS LLC,45 - Retail Trade,NORTH SALT LAKE,UT,Change of Employer,1.0,0.0,1.0,1.0
2024,VED SOFTWARE SERVICES INC,"Professional, Scientific, and Technical Services",FARMINGTON HILLS,MI,Continuation,4.0,0.0,4.0,1.0
2024,VEN SOFT LLC,"Professional, Scientific, and Technical Services",CHANTILLY,VA,New Employment,3.0,0.0,3.0,1.0
2024,VENABLE LLP,"Professional, Scientific, and Technical Services",WASHINGTON,DC,New Employment,1.0,0.0,1.0,1.0
2024,VEOCI INC,Information,NEW HAVEN,CT,Amended,1.0,0.0,1.0,1.0
2024,VERTOGIC,"Professional, Scientific, and Technical Services",DOYLESTOWN,PA,Amended,1.0,0.0,1.0,1.0
2024,VHS OUTPATIENT CLINICS INC DBA ABRAZO MEDICAL GROUP,Health Care and Social Assistance,PHOENIX,AZ,Continuation,1.0,0.0,1.0,1.0
2024,VIBRANT AMERICA LLC,Health Care and Social Assistance,SANTA CLARA,CA,Continuation,1.0,0.0,1.0,1.0
2024,VIDEOAMP INC,"Professional, Scientific, and Technical Services",LOS ANGELES,CA,Change of Employer,1.0,0.0,1.0,1.0
2024,VIJAYA CONSULTANCY SERVICES INC,"Professional, Scientific, and Technical Services",MANVEL,TX,New Employment,10.0,0.0,10.0,1.0
2024,VINTECH SOLUTIONS INC,"Professional, Scientific, and Technical Services",SAINT LOUIS,MO,Continuation,5.0,0.0,5.0,1.0
2024,VIRTUOUS TECH INC,"Professional, Scientific, and Technical Services",RESTON,VA,New Employment,21.0,1.0,22.0,0.9545454545454546
2024,VIVIKTA INC,"Professional, Scientific, and Technical Services",HERNDON,VA,New Employment,2.0,0.0,2.0,1.0
2024,VURAM INC,"Professional, Scientific, and Technical Services",TAMPA,FL,Amended,1.0,0.0,1.0,1.0
2024,WAFTS SOLUTIONS INC,"Professional, Scientific, and Technical Services",ALBANY,NY,Change of Employer,2.0,0.0,2.0,1.0
2024,WAG LABS INC,"Professional, Scientific, and Technical Services",SAN FRANCISCO,CA,Amended,1.0,0.0,1.0,1.0
2024,WALTECH INC,"Professional, Scientific, and Technical Services",WESTBOROUGH,MA,Continuation,1.0,0.0,1.0,1.0
2024,WAUKEGAN COMMUNITY UNIT SCHOOL DISTRICT 60,Educational Services,WAUKEGAN,IL,Continuation,0.0,1.0,1.0,0.0
2024,WAYSIDE YOUTH & FAMILY SUPPORT NETWORK INC,Health Care and Social Assistance,FRAMINGHAM,MA,Continuation,2.0,0.0,2.0,1.0
2024,WILKUS ARCHITECTS PA,"Professional, Scientific, and Technical Services",HOPKINS,MN,New Employment,0.0,1.0,1.0,0.0
2024,WILSON CONSTRUCTION MANAGEMENT LLC,Construction,NORCROSS,GA,New Employment,1.0,0.0,1.0,1.0
2024,WIPRO LIMITED,"Professional, Scientific, and Technical Services",EAST BRUNSWICK,NJ,Amended,620.0,15.0,635.0,0.9763779527559056
2024,WIZSOLUTION LLC,"Professional, Scientific, and Technical Services",PLAINSBORO,NJ,Continuation,1.0,0.0,1.0,1.0
2024,WODA COOPER COMPANIES INC,Real Estate and Rental and Leasing,COLUMBUS,OH,Amended,1.0,0.0,1.0,1.0
2024,WOLVERINE ADVANCED MATERIALS LLC,33 - Manufacturing,STAMFORD,CT,Continuation,1.0,0.0,1.0,1.0
2024,WORKLLAMA LLC,"Professional, Scientific, and Technical Services",DUNWOODY,GA,Amended,1.0,0.0,1.0,1.0
2024,WORKSTREAM TECHNOLOGIES INC,Information,SAN FRANCISCO,CA,Amended,1.0,0.0,1.0,1.0
2024,YARROW TECHNOLOGIES INC,"Professional, Scientific, and Technical Services",CHARLOTTE,NC,New Employment,2.0,0.0,2.0,1.0
2024,YES WE GROUP LLC,"Professional, Scientific, and Technical Services",COPPELL,TX,New Employment,2.0,0.0,2.0,1.0
2024,ZEKELMAN INDUSTRIES INC,33 - Manufacturing,CHICAGO,IL,Change of Employer,1.0,0.0,1.0,1.0
2024,ZIMMER GUNSUL FRASCA ARCHITECTS LL,"Professional, Scientific, and Technical Services",PORTLAND,OR,Change with Same Employer,3.0,0.0,3.0,1.0
2024,ZPA LLC,Accommodation and Food Services,SEWARD,AK,New Employment,1.0,0.0,1.0,1.0
2024,ZYDUS PHARMACEUTICALS USA INC,33 - Manufacturing,PENNINGTON,NJ,New Employment,2.0,0.0,2.0,1.0
2025,21 SPICES LLC,Accommodation and Food Services,NAPLES,FL,New Employment,1.0,0.0,1.0,1.0
2025,3B SERVICES LLC,Finance and Insurance,BLAUVELT,NY,New Employment,1.0,0.0,1.0,1.0
2025,A6 SCIENTIFIC CORP,"Professional, Scientific, and Technical Services",HOUSTON,TX,New Employment,1.0,0.0,1.0,1.0
2025,AAA VIRGINIA CONSULTING INC,"Professional, Scientific, and Technical Services",LEESBURG,VA,New Employment,10.0,0.0,10.0,1.0
2025,ABBOTT CARDIOVASCULAR SYSTEMS INC,33 - Manufacturing,CHICAGO,IL,Amended,1.0,0.0,1.0,1.0
2025,ABD SOLUTIONS INC,"Professional, Scientific, and Technical Services",CHANTILLY,VA,Amended,2.0,0.0,2.0,1.0
2025,ABNORMAL SECURITY CORPORATION,"Professional, Scientific, and Technical Services",LAS VEGAS,NV,Amended,1.0,0.0,1.0,1.0
2025,ACORD SOLUTIONS GROUP INC,Information,LITTLE FALLS,NJ,Continuation,1.0,0.0,1.0,1.0
2025,ADDVERB TECHNOLOGIES USA INC,"Professional, Scientific, and Technical Services",IRVINE,CA,New Employment,1.0,0.0,1.0,1.0
2025,ADROIT ASSOCIATES LLC,"Professional, Scientific, and Technical Services",LEWIS CENTER,OH,Change with Same Employer,1.0,0.0,1.0,1.0
2025,ADVANCED KNOWLEDGE TECHNOLOGIES IN,"Professional, Scientific, and Technical Services",PISCATAWAY,NJ,Amended,1.0,0.0,1.0,1.0
2025,ADVANTAGE TECHNICAL RESOURCING INC,Administrative and Support and Waste Management and Remediation Services,CINCINNATI,OH,Continuation,2.0,0.0,2.0,1.0
2025,ADVENTIST HEALTH RIVERVIEW INC D B,Health Care and Social Assistance,ALTAMONTE SPRINGS,FL,Continuation,4.0,0.0,4.0,1.0
2025,ADVENTIST HEALTH SYSTEM SUNBELT INC D B A ADVENTHEALTH SEBRING,Health Care and Social Assistance,ALTAMONTE SPRINGS,FL,Amended,1.0,0.0,1.0,1.0
2025,AI23-LABS LLC,"Professional, Scientific, and Technical Services",CUPERTINO,CA,Change of Employer,1.0,0.0,1.0,1.0
2025,AIM DYNAMICS INC,45 - Retail Trade,LONGMONT,CO,New Employment,1.0,0.0,1.0,1.0
2025,AIR WORLDWIDE CORPORATION,Finance and Insurance,BOSTON,MA,Change with Same Employer,11.0,0.0,11.0,1.0
2025,ALBANY INFORMATION TECHNOLOGY GROUP LLC,"Professional, Scientific, and Technical Services",ALBANY,NY,Change of Employer,0.0,1.0,1.0,0.0
2025,"ALIRO TECHNOLOGIES, INC.",Information,BRIGHTON,MA,New Employment,1.0,0.0,1.0,1.0
2025,ALLYIS INC,"Professional, Scientific, and Technical Services",REDMOND,WA,Continuation,1.0,0.0,1.0,1.0
2025,ALMIT SERVICES INC,"Professional, Scientific, and Technical Services",PLANO,TX,New Employment,2.0,0.0,2.0,1.0
2025,ALPHA SYNOPSYS INC,"Professional, Scientific, and Technical Services",CHESTERFIELD,MO,New Employment,5.0,0.0,5.0,1.0
2025,ALSAC ST JUDE CHILDRENS RESEARCH H,Administrative and Support and Waste Management and Remediation Services,MEMPHIS,TN,Continuation,2.0,0.0,2.0,1.0
2025,ALTAMETRICS LLC,"Professional, Scientific, and Technical Services",COSTA MESA,CA,Amended,1.0,0.0,1.0,1.0
2025,AMCOR FLEXIBLES LLC,33 - Manufacturing,OSHKOSH,WI,Continuation,1.0,0.0,1.0,1.0
2025,AMENTUM SERVICES INC,Administrative and Support and Waste Management and Remediation Services,CHANTILLY,VA,Change of Employer,1.0,1.0,2.0,0.5
2025,AMERICAN EAGLE FINANCIAL CREDIT UNION INC,Finance and Insurance,EAST HARTFORD,CT,Amended,1.0,0.0,1.0,1.0
2025,"AMERICAN TECH VISION SOLUTIONS, LLC.","Professional, Scientific, and Technical Services",HOUSTON,TX,Change with Same Employer,1.0,0.0,1.0,1.0
2025,AMERICANINFO INC,"Professional, Scientific, and Technical Services",IRVING,TX,New Employment,9.0,1.0,10.0,0.9
2025,ANTHOLOGY INC,"Professional, Scientific, and Technical Services",BOCA RATON,FL,New Employment,1.0,0.0,1.0,1.0
2025,APOCUS INC,33 - Manufacturing,SAN ANTONIO,TX,Change of Employer,1.0,0.0,1.0,1.0
2025,AQUEDUCT INC,Information,SAN FRANCISCO,CA,Change with Same Employer,1.0,0.0,1.0,1.0
2025,ARBELLA INSURANCE GROUP,Finance and Insurance,QUINCY,MA,Continuation,2.0,0.0,2.0,1.0
2025,ARCHENTS INC,"Professional, Scientific, and Technical Services",DUBLIN,OH,Continuation,5.0,0.0,5.0,1.0
2025,ARVATO USA LLC,Administrative and Support and Waste Management and Remediation Services,WALTHAM,MA,Change with Same Employer,4.0,0.0,4.0,1.0
2025,AS3K TECHNOLOGIES INC,"Professional, Scientific, and Technical Services",IRVING,TX,New Employment,3.0,0.0,3.0,1.0
2025,"ASTROBLOX, INC.",Information,LOS ALTOS,CA,Change of Employer,1.0,0.0,1.0,1.0
2025,ASTUTE BUSINESS SOLUTIONS,"Professional, Scientific, and Technical Services",DUBLIN,CA,Amended,1.0,0.0,1.0,1.0
2025,"ATC DRIVETRAIN, LLC.",33 - Manufacturing,OKLAHOMA CITY,OK,New Employment,2.0,0.0,2.0,1.0
2025,AUTHENTIC INSURANCE SERVICES INC,Information,NEW YORK,NY,Continuation,1.0,0.0,1.0,1.0
2025,AUTOMOTIVE ROBOTICS INC,"Professional, Scientific, and Technical Services",EAST PEORIA,IL,Continuation,3.0,0.0,3.0,1.0
2025,AVALON HEALTH CARE MANAGEMENT INC.,Health Care and Social Assistance,SALT LAKE CITY,UT,Continuation,1.0,0.0,1.0,1.0
2025,AVAUNT CONSULTING GROUP INC,"Professional, Scientific, and Technical Services",WESTON,FL,New Employment,1.0,0.0,1.0,1.0
2025,AVERY DENNISON CORPORATION,33 - Manufacturing,MENTOR,OH,Amended,1.0,0.0,1.0,1.0
2025,"AXION RAY, INC.",Information,BROOKLYN,NY,Change of Employer,3.0,0.0,3.0,1.0
2025,AXWAY INC,Information,SCOTTSDALE,AZ,Amended,1.0,0.0,1.0,1.0
2025,BALLINGER COMPANY,"Professional, Scientific, and Technical Services",PHILADELPHIA,PA,Change with Same Employer,1.0,0.0,1.0,1.0
2025,BATTLECREEK PHARMACY INC,45 - Retail Trade,DETROIT,MI,Continuation,1.0,0.0,1.0,1.0
2025,BAYLAND PRO SOLUTIONS LLC DBA BAYLAND HEALTH,45 - Retail Trade,BELLEVUE,WA,New Employment,1.0,0.0,1.0,1.0
2025,BENEFIT HARBOR LP,"Professional, Scientific, and Technical Services",PLANO,TX,Continuation,1.0,0.0,1.0,1.0
2025,BETHEL CHURCH OF REDDING,Other Services (except Public Administration),REDDING,CA,New Employment,1.0,0.0,1.0,1.0
2025,BEYOND FINANCE LLC,"Professional, Scientific, and Technical Services",HOUSTON,TX,Change of Employer,7.0,1.0,8.0,0.875
2025,BHARAT FORGE AMERICA INC,33 - Manufacturing,SURGOINSVILLE,TN,New Employment,1.0,0.0,1.0,1.0
2025,BILIN ACADEMY INC,Educational Services,CHICAGO,IL,Continuation,1.0,0.0,1.0,1.0
2025,BIMCON INC,"Professional, Scientific, and Technical Services",NORTHVILLE,MI,Amended,1.0,0.0,1.0,1.0
2025,BLOOMBERG INDUSTRY GROUP INC,Information,ARLINGTON,VA,Change with Same Employer,5.0,0.0,5.0,1.0
2025,BNBUILDERS INC,Construction,SEATTLE,WA,New Employment,1.0,0.0,1.0,1.0
2025,BOP LLC,45 - Retail Trade,ARLINGTON,VA,Change of Employer,1.0,0.0,1.0,1.0
2025,BORGWARNER TRANSMISSION PRODUCTS LLC,33 - Manufacturing,BELLWOOD,IL,Change of Employer,1.0,0.0,1.0,1.0
2025,BOZZUTOS INC,Wholesale Trade,CHESHIRE,CT,New Employment,1.0,0.0,1.0,1.0
2025,BTSS CORPORATION,"Professional, Scientific, and Technical Services",MCKINNEY,TX,New Concurrent,1.0,0.0,1.0,1.0
2025,"BYE UAS, INC.","Professional, Scientific, and Technical Services",MCLEAN,VA,New Employment,1.0,0.0,1.0,1.0
2025,CAE TECHNOLOGY SERVICES INC,"Professional, Scientific, and Technical Services",SAN JOSE,CA,New Employment,3.0,0.0,3.0,1.0
2025,CALIFORNIA CREATIVE SOLUTIONS INC,"Professional, Scientific, and Technical Services",POWAY,CA,Amended,14.0,0.0,14.0,1.0
2025,CALIFORNIANS FOR EQUAL RIGHTS FOUNDATION,Other Services (except Public Administration),SAN DIEGO,CA,Amended,1.0,0.0,1.0,1.0
2025,CALPINE CORPORATION,Utilities,HOUSTON,TX,Continuation,11.0,0.0,11.0,1.0
2025,CAMBREX CHARLES CITY INC,33 - Manufacturing,CHARLES CITY,IA,Change of Employer,3.0,1.0,4.0,0.75
2025,CANADIAN SOLAR USA INC,Construction,WALNUT CREEK,CA,New Employment,1.0,0.0,1.0,1.0
2025,CANOO TECHNOLOGIES INC,33 - Manufacturing,TORRANCE,CA,Change with Same Employer,1.0,0.0,1.0,1.0
2025,CARECENTRIX INC,Health Care and Social Assistance,HARTFORD,CT,Change with Same Employer,5.0,0.0,5.0,1.0
2025,CARMAX ENTERPRISE SERVICES LLC,45 - Retail Trade,RICHMOND,VA,Change of Employer,5.0,0.0,5.0,1.0
2025,CARNEGIE PHARMACEUTICALS LLC,33 - Manufacturing,DELRAN,NJ,New Employment,3.0,0.0,3.0,1.0
2025,CASTLETON COMMODITIES MANAGEMENT S,Finance and Insurance,STAMFORD,CT,Change with Same Employer,1.0,0.0,1.0,1.0
2025,CAT TECHNOLOGY INC,"Professional, Scientific, and Technical Services",MAHWAH,NJ,New Employment,2.0,0.0,2.0,1.0
2025,CATTERTON LATIN AMERICA MANAGEMENT,Finance and Insurance,NEW YORK,NY,Change of Employer,1.0,0.0,1.0,1.0
2025,CEDENT CONSULTING INC,"Professional, Scientific, and Technical Services",PLANO,TX,Change of Employer,2.0,0.0,2.0,1.0
2025,CENTRACARE CLINIC,Health Care and Social Assistance,ST CLOUD,MN,Continuation,1.0,0.0,1.0,1.0
2025,CHARTMETRIC INC,Information,SAN MATEO,CA,Continuation,1.0,0.0,1.0,1.0
2025,CHERISH HOME CARE NETWORK INC DBA VIETNAM HOME HEALTH CARE INC,Health Care and Social Assistance,GARLAND,TX,New Employment,1.0,0.0,1.0,1.0
2025,CHILDRENS HEALTH CARE DBA CHILDRENS MINNESOTA,Health Care and Social Assistance,MINNEAPOLIS,MN,New Employment,2.0,0.0,2.0,1.0
2025,CHROMATIC INC,"Professional, Scientific, and Technical Services",NEW YORK,NY,Change of Employer,1.0,0.0,1.0,1.0
2025,CITADEL SECURITIES AMERICAS SERVIC,Finance and Insurance,MIAMI,FL,New Employment,1.0,0.0,1.0,1.0
2025,CITIUSTECH INC,"Professional, Scientific, and Technical Services",PRINCETON,NJ,Change with Same Employer,2.0,0.0,2.0,1.0
2025,CITIZENS MEDICAL CENTER INC,Health Care and Social Assistance,COLBY,KS,New Employment,3.0,0.0,3.0,1.0
2025,"CITY OF ROCHESTER, MINNESOTA",Public Administration,ROCHESTER,MN,New Employment,1.0,0.0,1.0,1.0
2025,CLAXTON-HEPBURN MEDICAL CENTER,Health Care and Social Assistance,OGDENSBURG,NY,Change with Same Employer,1.0,0.0,1.0,1.0
2025,CLOUD EPA LLC,"Professional, Scientific, and Technical Services",HUNTINGDON VALLEY,PA,Continuation,1.0,0.0,1.0,1.0
2025,CLOUTICS CODERS INC DBA CLOUTICS I,"Professional, Scientific, and Technical Services",EDISON,NJ,Amended,1.0,0.0,1.0,1.0
2025,COMMON SECURITIZATION SOLUTIONS LLC,Finance and Insurance,BETHESDA,MD,Amended,1.0,0.0,1.0,1.0
2025,COMMUNICATIONS TEST DESIGN INC,Other Services (except Public Administration),WEST CHESTER,PA,Amended,7.0,1.0,8.0,0.875
2025,"COMOTOMO 2022, INC.",33 - Manufacturing,SUNNYVALE,CA,New Employment,1.0,0.0,1.0,1.0
2025,COMPUTEK SOLUTIONS INC.,"Professional, Scientific, and Technical Services",FARMINGTON HILLS,MI,New Employment,1.0,0.0,1.0,1.0
2025,COMPUTER SCIENCES CORPORATION,"Professional, Scientific, and Technical Services",ASHBURN,VA,New Employment,13.0,0.0,13.0,1.0
2025,CONCORD HOSPITAL,Health Care and Social Assistance,CONCORD,NH,New Employment,1.0,0.0,1.0,1.0
2025,CONTENT SQUARE INC,"Professional, Scientific, and Technical Services",NEW YORK,NY,Continuation,2.0,0.0,2.0,1.0
2025,COPPER DART INC,"Professional, Scientific, and Technical Services",FARMINGTN HLS,MI,Continuation,2.0,0.0,2.0,1.0
2025,CORVEL HEALTHCARE CORPORATION,"Professional, Scientific, and Technical Services",FORT WORTH,TX,New Employment,1.0,0.0,1.0,1.0
2025,COUCHBASE INC,Information,SANTA CLARA,CA,Change of Employer,2.0,0.0,2.0,1.0
2025,COUNTY OF SOLANO,"Professional, Scientific, and Technical Services",FAIRFIELD,CA,Change of Employer,3.0,0.0,3.0,1.0
2025,COVANT SOLUTIONS INC,"Professional, Scientific, and Technical Services",NEWARK,DE,Change of Employer,12.0,0.0,12.0,1.0
2025,COVER WHALE INSURANCE SOLUTIONS INC DBA COVER WHALE,Finance and Insurance,NEW YORK,NY,New Employment,1.0,0.0,1.0,1.0
2025,CP AND Y INC D B A STV INFRASTRUCTURE,"Professional, Scientific, and Technical Services",DOUGLASSVILLE,PA,Change with Same Employer,1.0,0.0,1.0,1.0
2025,CRAWFORD MURPHY AND TILLY INC,"Professional, Scientific, and Technical Services",SPRINGFIELD,IL,Amended,2.0,0.0,2.0,1.0
2025,CREIGHTON UNIVERSITY,Educational Services,OMAHA,NE,New Employment,6.0,0.0,6.0,1.0
2025,CROUSE HEALTH HOSPITAL INC DBA CROUSE HOSPITAL,Health Care and Social Assistance,SYRACUSE,NY,New Employment,1.0,0.0,1.0,1.0
2025,DAISY BRAND LLC,33 - Manufacturing,DALLAS,TX,New Employment,2.0,0.0,2.0,1.0
2025,DANDELION HEALTH INC,"Professional, Scientific, and Technical Services",SYOSSET,NY,New Employment,1.0,0.0,1.0,1.0
2025,DARLINGTON COUNTY SCHOOL DISTRICT,Educational Services,DARLINGTON,SC,Continuation,7.0,0.0,7.0,1.0
2025,DAT SOLUTIONS LLC,"Professional, Scientific, and Technical Services",BEAVERTON,OR,Change of Employer,1.0,0.0,1.0,1.0
2025,DATA EVOLUTION CORPORATION,"Professional, Scientific, and Technical Services",NEW YORK,NY,Continuation,1.0,0.0,1.0,1.0
2025,"DATALORE TECHNOLOGIES, INC","Professional, Scientific, and Technical Services",MORRISVILLE,NC,Change of Employer,3.0,0.0,3.0,1.0
2025,DELTA MATERIAL SERVICES LLC,"Professional, Scientific, and Technical Services",ATLANTA,GA,Continuation,1.0,0.0,1.0,1.0
2025,DENNIS K WONG DDS,Health Care and Social Assistance,LOS GATOS,CA,Change of Employer,1.0,0.0,1.0,1.0
2025,DESCOTO WEST INC,Construction,WEST HOLLYWOOD,CA,New Employment,1.0,0.0,1.0,1.0
2025,DGN TECHNOLOGIES INC,"Professional, Scientific, and Technical Services",FREMONT,CA,Change of Employer,6.0,0.0,6.0,1.0
2025,DIAMOND ELECTRIC MFG CORPORATION,33 - Manufacturing,ELEANOR,WV,New Employment,1.0,0.0,1.0,1.0
2025,DIGITAL INSIGHTS LLC,"Professional, Scientific, and Technical Services",PHOENIX,AZ,Change of Employer,3.0,0.0,3.0,1.0
2025,DISYS SOLUTIONS INC,"Professional, Scientific, and Technical Services",ASHBURN,VA,Amended,1.0,0.0,1.0,1.0
2025,DOMINOS PIZZA INC,Accommodation and Food Services,ANN ARBOR,MI,Change of Employer,5.0,0.0,5.0,1.0
2025,DOTS TECHNOLOGIES INC,"Professional, Scientific, and Technical Services",SOUTHLAKE,TX,New Employment,1.0,0.0,1.0,1.0
2025,DOUGHERTY COUNTY SCHOOL DISTRICT,Educational Services,ALBANY,GA,Continuation,3.0,0.0,3.0,1.0
2025,DRFIRST COM INC,"Professional, Scientific, and Technical Services",CLAYMONT,DE,Change with Same Employer,1.0,0.0,1.0,1.0
2025,DSTIM US CO,Finance and Insurance,MENLO PARK,CA,Continuation,1.0,0.0,1.0,1.0
2025,DUKE UNIVERSITY HEALTH SYSTEM INC,Educational Services,DURHAM,NC,Change with Same Employer,1.0,0.0,1.0,1.0
2025,E AND R SERVICES INC,Construction,LANHAM,MD,Continuation,1.0,0.0,1.0,1.0
2025,E NEXUS INC,"Professional, Scientific, and Technical Services",NOVI,MI,Change of Employer,1.0,0.0,1.0,1.0
2025,E-TECHNOLOGIES GROUP LLC,"Professional, Scientific, and Technical Services",WEST CHESTER,OH,New Employment,1.0,0.0,1.0,1.0
2025,EAGLE CONSTRUCTION OF VA LLC,Construction,HENRICO,VA,Continuation,1.0,0.0,1.0,1.0
2025,EAST TENNESSEE STATE UNIVERSITY,Educational Services,JOHNSON CITY,TN,Continuation,7.0,0.0,7.0,1.0
2025,ECLAT SOLUTIONS LLC,"Professional, Scientific, and Technical Services",LAKEWAY,TX,New Concurrent,2.0,0.0,2.0,1.0
2025,EGEN SOLUTIONS LLC,"Professional, Scientific, and Technical Services",NAPERVILLE,IL,Continuation,21.0,1.0,22.0,0.9545454545454546
2025,EKSOURCE TECHNOLOGIES INC.,"Professional, Scientific, and Technical Services",HERNDON,VA,Amended,1.0,0.0,1.0,1.0
2025,ELDER PHARMACY LLC DBA LEROY PHARMACY,45 - Retail Trade,BRONX,NY,New Employment,1.0,0.0,1.0,1.0
2025,ELECSYS ENGINEERING GROUP PLLC,"Professional, Scientific, and Technical Services",VALHALLA,NY,Continuation,1.0,0.0,1.0,1.0
2025,ELICC AMERICAS CORPORATION,"Professional, Scientific, and Technical Services",POWAY,CA,New Employment,1.0,0.0,1.0,1.0
2025,ELINT PRO SOLUTIONS LLC,"Professional, Scientific, and Technical Services",WAXHAW,NC,Change of Employer,4.0,0.0,4.0,1.0
2025,ELLISON INSTITUTE LLC DBA ELLISON MEDICAL INSTITUTE,"Professional, Scientific, and Technical Services",LOS ANGELES,CA,New Employment,2.0,1.0,3.0,0.6666666666666666
2025,EMERGTECH BUSINESS SOLUTIONS INC,"Professional, Scientific, and Technical Services",FARMINGTON,MI,Amended,1.0,0.0,1.0,1.0
2025,ENCOVA SERVICE CORP DBA ENCOVA INSURANCE,Finance and Insurance,COLUMBUS,OH,Change with Same Employer,2.0,0.0,2.0,1.0
2025,ENERGY SOLUTIONS AND SUPPLIES LLC,Wholesale Trade,MESA,AZ,New Employment,1.0,0.0,1.0,1.0
2025,ENERGYSAGE INC,Utilities,BOSTON,MA,Change with Same Employer,2.0,0.0,2.0,1.0
2025,ENNEAD ARCHITECTS LLP,"Professional, Scientific, and Technical Services",NEW YORK,NY,Continuation,6.0,0.0,6.0,1.0
2025,ENVOY INC,Information,SAN FRANCISCO,CA,Change of Employer,4.0,0.0,4.0,1.0
2025,EPICOR SOFTWARE CORPORATION,"Professional, Scientific, and Technical Services",AUSTIN,TX,New Employment,2.0,1.0,3.0,0.6666666666666666
2025,ERNST AND YOUNG US LLP,"Professional, Scientific, and Technical Services",SECAUCUS,NJ,Continuation,1.0,0.0,1.0,1.0
2025,EVERSOURCE ENERGY SERVICE COMPANY,Utilities,HARTFORD,CT,New Employment,1.0,0.0,1.0,1.0
2025,EXCELACOM INC,"Professional, Scientific, and Technical Services",RESTON,VA,Amended,3.0,0.0,3.0,1.0
2025,FASTRAK SOFTWORKS INC,Information,MEQUON,WI,New Employment,1.0,0.0,1.0,1.0
2025,FEDEX FREIGHT INC,49 - Transportation and Warehousing,HARRISON,AR,Continuation,1.0,0.0,1.0,1.0
2025,FINANCIAL INDUSTRY REGULATORY AUTH,Other Services (except Public Administration),WASHINGTON,DC,Continuation,13.0,0.0,13.0,1.0
2025,FINANCIAL-INFORMATION-TECHNOLOGIES LLC,Finance and Insurance,TAMPA,FL,Change with Same Employer,1.0,0.0,1.0,1.0
2025,FIREFLY PROS INC,"Professional, Scientific, and Technical Services",EDISON,NJ,Change of Employer,1.0,0.0,1.0,1.0
2025,FIVOS INC,Information,WEST LEBANON,NH,Amended,0.0,1.0,1.0,0.0
2025,FLAGSHIP PIONEERING INC,Finance and Insurance,CAMBRIDGE,MA,Change with Same Employer,2.0,0.0,2.0,1.0
2025,FLEXIV ROBOTICS INC.,"Professional, Scientific, and Technical Services",SAN JOSE,CA,New Employment,1.0,0.0,1.0,1.0
2025,FLEXSTONE PARTNERS LLC,Finance and Insurance,NEW YORK,NY,New Employment,2.0,0.0,2.0,1.0
2025,FORMAL BUSINESS SOLUTIONS LLC,"Professional, Scientific, and Technical Services",PARSIPPANY,NJ,Change of Employer,1.0,0.0,1.0,1.0
2025,FOURTH AGE LLC,"Professional, Scientific, and Technical Services",PHILADELPHIA,PA,Change of Employer,1.0,0.0,1.0,1.0
2025,FULL MEALS TECHNOLOGY INC D B A LOOP AI,Information,SAN FRANCISCO,CA,New Employment,1.0,0.0,1.0,1.0
2025,GAINWELL TECHNOLOGIES LLC,"Professional, Scientific, and Technical Services",CONWAY,AR,Amended,2.0,0.0,2.0,1.0
2025,"GALLUP, INC.","Professional, Scientific, and Technical Services",OMAHA,NE,Continuation,3.0,1.0,4.0,0.75
2025,GENERAL MILLS INC,33 - Manufacturing,MINNEAPOLIS,MN,Change with Same Employer,2.0,0.0,2.0,1.0
2025,GENERIC SOLUTIONS INC DBA GENERIC SOLUTIONS,"Professional, Scientific, and Technical Services",FARMERS BRANCH,TX,Continuation,1.0,0.0,1.0,1.0
2025,GILSANZ MURRAY STEFICEK LLP ENGINE,"Professional, Scientific, and Technical Services",NEW YORK,NY,Amended,1.0,0.0,1.0,1.0
2025,GINE TECH LABS LLC,"Professional, Scientific, and Technical Services",EAST BRUNSWICK,NJ,Continuation,1.0,0.0,1.0,1.0
2025,GLOBAL DISCIPLES,Other Services (except Public Administration),LANCASTER,PA,New Employment,1.0,0.0,1.0,1.0
2025,GLOBAL PAYMENTS HOLDING COMPANY,Finance and Insurance,ALPHARETTA,GA,Change of Employer,1.0,0.0,1.0,1.0
2025,GLOBALINK SECURITIES INC,Finance and Insurance,PASADENA,CA,New Employment,1.0,0.0,1.0,1.0
2025,GRACO INC,33 - Manufacturing,MINNEAPOLIS,MN,New Employment,1.0,0.0,1.0,1.0
2025,GRIDX INC,"Professional, Scientific, and Technical Services",OAKLAND,CA,Continuation,1.0,0.0,1.0,1.0
2025,GROUNDSWELL CORPORATION,"Professional, Scientific, and Technical Services",MCLEAN,VA,Change with Same Employer,2.0,0.0,2.0,1.0
2025,GROUP VOYAGERS INC DBA GLOBUS FAMILY OF BRANDS,49 - Transportation and Warehousing,DENVER,CO,Continuation,1.0,0.0,1.0,1.0
2025,GUARDIAN ENERGY MANAGEMENT SOLUTIO,"Professional, Scientific, and Technical Services",MARLBOROUGH,MA,New Employment,1.0,0.0,1.0,1.0
2025,H LEE MOFFITT CANCER CENTER AND RESEARCH INSTITUTE INC,Health Care and Social Assistance,TAMPA,FL,Continuation,13.0,0.0,13.0,1.0
2025,HAAS AUTOMATION,33 - Manufacturing,OXNARD,CA,Continuation,3.0,0.0,3.0,1.0
2025,HARBOR EMPLOYEES LLC,"Professional, Scientific, and Technical Services",CHICAGO,IL,Change of Employer,1.0,0.0,1.0,1.0
2025,HARMON INC,Construction,BLOOMINGTON,MN,Amended,1.0,0.0,1.0,1.0
2025,HARVARD PILGRIM HEALTH CARE INSTITUTE LLC,"Professional, Scientific, and Technical Services",BOSTON,MA,Change with Same Employer,1.0,0.0,1.0,1.0
2025,HARVEST PARTNERS LP,Finance and Insurance,NEW YORK,NY,Continuation,1.0,0.0,1.0,1.0
2025,HBPO NORTH AMERICA INC,"Professional, Scientific, and Technical Services",CHATTANOOGA,TN,Change of Employer,1.0,0.0,1.0,1.0
2025,HEART AEROSPACE US LLC,33 - Manufacturing,PALO ALTO,CA,New Employment,1.0,0.0,1.0,1.0
2025,HEARTFLOW INC,33 - Manufacturing,MOUNTAIN VIEW,CA,New Employment,1.0,0.0,1.0,1.0
2025,HEMISPHERE DEVELOPMENT GROUP LLC,"Professional, Scientific, and Technical Services",WALTHAM,MA,Continuation,1.0,0.0,1.0,1.0
2025,HERE NORTH AMERICA LLC,"Professional, Scientific, and Technical Services",CHICAGO,IL,Continuation,1.0,0.0,1.0,1.0
2025,HEXAR IT SOLUTIONS INC,"Professional, Scientific, and Technical Services",PEORIA,IL,Amended,3.0,0.0,3.0,1.0
2025,HILL CITY CAPITAL LP,Finance and Insurance,BOSTON,MA,Change of Employer,1.0,0.0,1.0,1.0
2025,HOGAN LOVELLS US LLP,"Professional, Scientific, and Technical Services",WASHINGTON,DC,New Employment,1.0,0.0,1.0,1.0
2025,HOMESITE GROUP INCORPORATED,Finance and Insurance,BOSTON,MA,New Employment,6.0,0.0,6.0,1.0
2025,HOUSTON INDEPENDENT SCHOOL DISTRICT,Educational Services,HOUSTON,TX,Continuation,24.0,2.0,26.0,0.9230769230769232
2025,HSA LOUISIANA PHYSICIAN GROUP INC,Health Care and Social Assistance,GLENDALE,CA,Change of Employer,1.0,0.0,1.0,1.0
2025,HVAC CONTROL TECHNOLOGY LLC,Construction,EWING,NJ,Continuation,1.0,0.0,1.0,1.0
2025,ICON GLOBAL TECHNOLOGIES LLC,"Professional, Scientific, and Technical Services",BLOOMINGTON,IL,New Employment,2.0,0.0,2.0,1.0
2025,ILLINOIS TOOL WORKS INC,33 - Manufacturing,ROCKFORD,MI,Change of Employer,1.0,0.0,1.0,1.0
2025,IMAGRY INC,"Professional, Scientific, and Technical Services",SAN JOSE,CA,New Employment,1.0,0.0,1.0,1.0
2025,IMANAGE LLC,"Professional, Scientific, and Technical Services",CHICAGO,IL,Continuation,2.0,0.0,2.0,1.0
2025,IMINDS TECHNOLOGY SYSTEMS INC,"Professional, Scientific, and Technical Services",PITTSBURGH,PA,Amended,2.0,0.0,2.0,1.0
2025,IMPEX TECHNOLOGIES INC,Wholesale Trade,EL SEGUNDO,CA,Continuation,1.0,0.0,1.0,1.0
2025,"INCYTE PATHOLOGY, P.S. DBA INCYTE DIAGNOSTICS",Health Care and Social Assistance,SPOKANE VALLEY,WA,Change of Employer,1.0,0.0,1.0,1.0
2025,INDEPENDENCE BLUE CROSS LLC,Finance and Insurance,PHILADELPHIA,PA,Continuation,2.0,0.0,2.0,1.0
2025,"INDU LAW GROUP, P.C.","Professional, Scientific, and Technical Services",SAN JOSE,CA,New Employment,1.0,0.0,1.0,1.0
2025,"INFO SERVICES, LLC","Professional, Scientific, and Technical Services",LIVONIA,MI,Change with Same Employer,4.0,0.0,4.0,1.0
2025,INFOGEN LABS INC,"Professional, Scientific, and Technical Services",VALENCIA,CA,New Employment,2.0,1.0,3.0,0.6666666666666666
2025,INTERBOROUGH DEVELOPMENTAL AND CONSULTATION CENTER INC,Health Care and Social Assistance,BROOKLYN,NY,New Employment,1.0,0.0,1.0,1.0
2025,INTERNATIONAL AIDS VACCINE INITIATIVE IAVI,"Professional, Scientific, and Technical Services",NEW YORK,NY,Amended,1.0,0.0,1.0,1.0
2025,INTEROS INC,Information,ARLINGTON,VA,Amended,1.0,0.0,1.0,1.0
2025,INTUITIVE SURGICAL OPERATIONS INC,33 - Manufacturing,SUNNYVALE,CA,Change with Same Employer,113.0,2.0,115.0,0.982608695652174
2025,IRONCLAD INC,"Professional, Scientific, and Technical Services",SAN FRANCISCO,CA,Continuation,7.0,0.0,7.0,1.0
2025,IRWIN INC,"Professional, Scientific, and Technical Services",SAN FRANCISCO,CA,Change of Employer,2.0,0.0,2.0,1.0
2025,ISLAMIC CENTER OF CLAREMONT,Other Services (except Public Administration),POMONA,CA,New Employment,1.0,0.0,1.0,1.0
2025,ITRENDING SOLUTIONS LLC,"Professional, Scientific, and Technical Services",TAMPA,FL,Change with Same Employer,1.0,0.0,1.0,1.0
2025,JD COM AMERICAN TECHNOLOGIES CORPO,"Professional, Scientific, and Technical Services",MOUNTAIN VIEW,CA,Continuation,1.0,0.0,1.0,1.0
2025,JEELANI LAW FIRM PLC,"Professional, Scientific, and Technical Services",ROLLING MEADOWS,IL,Change of Employer,1.0,0.0,1.0,1.0
2025,JEVS HUMAN SERVICES,Health Care and Social Assistance,PHILADELPHIA,PA,Change with Same Employer,1.0,0.0,1.0,1.0
2025,JND INC,"Professional, Scientific, and Technical Services",DALLAS,TX,Amended,1.0,0.0,1.0,1.0
2025,JSP IT SERVICES LLC,"Professional, Scientific, and Technical Services",PLANO,TX,New Employment,1.0,0.0,1.0,1.0
2025,"JUDLAU CONTRACTING, INC.",Construction,EAST ELMHURST,NY,New Concurrent,1.0,0.0,1.0,1.0
2025,JUPITER IT SERVICES,"Professional, Scientific, and Technical Services",ALPHARETTA,GA,New Employment,3.0,1.0,4.0,0.75
2025,KATAL TECH INC,"Professional, Scientific, and Technical Services",BASKING RIDGE,NJ,Change of Employer,1.0,0.0,1.0,1.0
2025,KERRY INC,33 - Manufacturing,BELOIT,WI,Amended,1.0,0.0,1.0,1.0
2025,KETCH KLOUD INC,"Professional, Scientific, and Technical Services",SAN FRANCISCO,CA,Continuation,1.0,0.0,1.0,1.0
2025,KHP SOLUTIONS INC,"Professional, Scientific, and Technical Services",PLANO,TX,New Employment,5.0,0.0,5.0,1.0
2025,KITE PHARMA INC,"Professional, Scientific, and Technical Services",FOSTER CITY,CA,New Employment,11.0,0.0,11.0,1.0
2025,KOMUNE SPACE INC,45 - Retail Trade,NEW YORK,NY,New Employment,1.0,0.0,1.0,1.0
2025,KONNECTONE INC.,Wholesale Trade,BELLEVUE,WA,Change of Employer,3.0,0.0,3.0,1.0
2025,KOREAN AMERICAN FAMILY SERVICES INC,Health Care and Social Assistance,LOS ANGELES,CA,Continuation,1.0,0.0,1.0,1.0
2025,KOSTAL OF AMERICA INC,33 - Manufacturing,TROY,MI,Amended,9.0,0.0,9.0,1.0
2025,KUEHNE NAGEL INC,49 - Transportation and Warehousing,JERSEY CITY,NJ,Change with Same Employer,5.0,0.0,5.0,1.0
2025,LAFAYETTE HEALTH VENTURES INC,Health Care and Social Assistance,LAFAYETTE,LA,New Employment,6.0,0.0,6.0,1.0
2025,LAFAYETTE SQUARE TECHNOLOGIES LLC,Finance and Insurance,MIAMI,FL,Amended,1.0,0.0,1.0,1.0
2025,LATIN GOODNESS FOODS LLC,33 - Manufacturing,ROCKVILLE,MD,New Employment,1.0,0.0,1.0,1.0
2025,"LAURITS R. CHRISTENSEN ASSOCIATES, INC.","Professional, Scientific, and Technical Services",MADISON,WI,Continuation,1.0,0.0,1.0,1.0
2025,LEE MONTESSORI PUBLIC CHARTER SCHOOLS,Educational Services,WASHINGTON,DC,Change of Employer,1.0,0.0,1.0,1.0
2025,LEELA CONSULTANCY LLC,"Professional, Scientific, and Technical Services",CARY,NC,New Concurrent,1.0,0.0,1.0,1.0
2025,LIFE CHANGE RX LLC DBA LIFE CHANGE,45 - Retail Trade,MILWAUKEE,WI,Continuation,1.0,0.0,1.0,1.0
2025,LIFELONG MEDICAL CARE,Health Care and Social Assistance,BERKELEY,CA,New Employment,1.0,0.0,1.0,1.0
2025,LITTLE CAESAR ENTERPRISES INC,33 - Manufacturing,DETROIT,MI,Change with Same Employer,1.0,0.0,1.0,1.0
2025,LIVEREACH MEDIA INC,"Professional, Scientific, and Technical Services",SUNNYVALE,CA,Continuation,1.0,0.0,1.0,1.0
2025,LORVENK TECHNOLOGIES LLC D B A ARKA TECHNOLOGIES LLC,"Professional, Scientific, and Technical Services",GLEN ALLEN,VA,Amended,1.0,0.0,1.0,1.0
2025,LOYOLA ACADEMY,Educational Services,WILMETTE,IL,Continuation,1.0,0.0,1.0,1.0
2025,LS SOLUTIONS INC,"Professional, Scientific, and Technical Services",PRINCETON,NJ,Continuation,14.0,0.0,14.0,1.0
2025,LUMOS APP INC,Information,SAN FRANCISCO,CA,Continuation,1.0,0.0,1.0,1.0
2025,LUXOR TILE & STONE INC,Construction,ROSWELL,GA,New Employment,1.0,0.0,1.0,1.0
2025,LVMH WATCH AND JEWELRY USA INC,Wholesale Trade,SPRINGFIELD,NJ,New Employment,1.0,0.0,1.0,1.0
2025,LYNXTECH GROUP LLC,"Professional, Scientific, and Technical Services",HERNDON,VA,Continuation,3.0,0.0,3.0,1.0
2025,M AND J ENGINEERING D P C,"Professional, Scientific, and Technical Services",NEW HYDE PARK,NY,Continuation,3.0,0.0,3.0,1.0
2025,MAGNETAR CAPITAL LLC,Finance and Insurance,EVANSTON,IL,Continuation,2.0,0.0,2.0,1.0
2025,MAMBU AMERICAS INC,Finance and Insurance,MIAMI,FL,Change of Employer,4.0,0.0,4.0,1.0
2025,"MARCHETTO HIGGINS STIEVE, P.C, DBA MHS ARCHITECTURE","Professional, Scientific, and Technical Services",HOBOKEN,NJ,New Employment,1.0,0.0,1.0,1.0
2025,MARCUM LLP,"Professional, Scientific, and Technical Services",NEW YORK,NY,New Employment,1.0,0.0,1.0,1.0
2025,MARTHA SCHWARTZ PARTNERS LLC,"Professional, Scientific, and Technical Services",NEW YORK,NY,New Employment,1.0,0.0,1.0,1.0
2025,MASSACHUSETTS MEDICAL SOCIETY,Other Services (except Public Administration),WALTHAM,MA,Continuation,1.0,0.0,1.0,1.0
2025,MASTER DRILLING USA LLC,Construction,LEAGUE CITY,TX,New Employment,1.0,0.0,1.0,1.0
2025,MERCURY TECHNOLOGIES INC,"Professional, Scientific, and Technical Services",SAN FRANCISCO,CA,New Employment,5.0,0.0,5.0,1.0
2025,MERIDIAN COOPERATIVE INC F K A SOUTHEASTERN DATA COOPERATIVE,"Professional, Scientific, and Technical Services",ATLANTA,GA,Change with Same Employer,5.0,0.0,5.0,1.0
2025,MERRIMACK COLLEGE,Educational Services,NORTH ANDOVER,MA,Continuation,1.0,0.0,1.0,1.0
2025,"MERROW SEWING MACHINE COMPANY, INC.",Wholesale Trade,FALL RIVER,MA,New Employment,1.0,0.0,1.0,1.0
2025,METROPOLITAN UTILITIES DISTRICT,Utilities,OMAHA,NE,Continuation,5.0,0.0,5.0,1.0
2025,MICHAELS STORES INC,45 - Retail Trade,IRVING,TX,Change with Same Employer,18.0,0.0,18.0,1.0
2025,MINDSPACE INC,"Professional, Scientific, and Technical Services",PISCATAWAY,NJ,Continuation,1.0,0.0,1.0,1.0
2025,MIRANTIS INC,"Professional, Scientific, and Technical Services",CAMPBELL,CA,Continuation,1.0,0.0,1.0,1.0
2025,MLOGICA LLC,"Professional, Scientific, and Technical Services",LAS VEGAS,NV,New Employment,1.0,0.0,1.0,1.0
2025,MNK INFOTECH INC,"Professional, Scientific, and Technical Services",IRVING,TX,Continuation,1.0,0.0,1.0,1.0
2025,MONA CREATIVE LLC,"Professional, Scientific, and Technical Services",NEW YORK,NY,Change of Employer,1.0,0.0,1.0,1.0
2025,MONOLITH COMMERCIAL GROUP LLC,Construction,ALPHARETTA,GA,New Employment,1.0,0.0,1.0,1.0
2025,MONTLAKE PARTNER GROUP LLC DBA ADVANTAGE PARTNERS,"Professional, Scientific, and Technical Services",SEATTLE,WA,Change of Employer,1.0,0.0,1.0,1.0
2025,MVP CONSULTING PLUS INC,"Professional, Scientific, and Technical Services",ALBANY,NY,Change of Employer,3.0,0.0,3.0,1.0
2025,NAHEE WILLIAMS MCDONALD DDS PC DBA PRECIOUS SMILES OF VIRGINIA,Health Care and Social Assistance,SPRINGFIELD,VA,New Concurrent,1.0,0.0,1.0,1.0
2025,NASCENT TECHNOLOGIES INC,"Professional, Scientific, and Technical Services",AUSTIN,TX,Amended,2.0,0.0,2.0,1.0
2025,NATIONAL ALERT SECURITY AND PROTECTION SERVICES INC,Administrative and Support and Waste Management and Remediation Services,FORT LAUDERDALE,FL,Continuation,1.0,0.0,1.0,1.0
2025,NEO TECH SOLUTIONS INC,"Professional, Scientific, and Technical Services",EDISON,NJ,New Employment,24.0,0.0,24.0,1.0
2025,NESTOR TECHNOLOGIES INC,Administrative and Support and Waste Management and Remediation Services,PISCATAWAY,NJ,New Employment,4.0,0.0,4.0,1.0
2025,NEW ENGLAND CENTER FOR CHILDREN INC,Health Care and Social Assistance,SOUTHBOROUGH,MA,Continuation,1.0,0.0,1.0,1.0
2025,NEWPORT FAB LLC DBA TOWER SEMICONDUCTOR NEWPORT BEACH INC,33 - Manufacturing,NEWPORT BEACH,CA,New Employment,1.0,0.0,1.0,1.0
2025,NEXUS LABORATORIES INC,Information,SAN FRANCISCO,CA,New Employment,1.0,0.0,1.0,1.0
2025,NOUS INFOSYSTEMS INC,"Professional, Scientific, and Technical Services",EDISON,NJ,Change with Same Employer,3.0,0.0,3.0,1.0
2025,NOVIYA SYSTEMS LLC,"Professional, Scientific, and Technical Services",FOLSOM,CA,Change of Employer,2.0,0.0,2.0,1.0
2025,NOVOBI INC,Information,AUSTIN,TX,New Employment,1.0,0.0,1.0,1.0
2025,OLIVA CIGAR CO,33 - Manufacturing,MIAMI LAKES,FL,Amended,1.0,0.0,1.0,1.0
2025,OMNI HEALTH SERVICES INC DBA OMNI HEALTH SERVICES INC,Health Care and Social Assistance,COLMAR,PA,Amended,1.0,0.0,1.0,1.0
2025,OPEL SYSTEMS,"Professional, Scientific, and Technical Services",TROY,MI,Amended,1.0,0.0,1.0,1.0
2025,OPENEDGES SQUARE CORPORATION,Information,SAN JOSE,CA,Change of Employer,3.0,0.0,3.0,1.0
2025,OPTIKS SOLUTIONS INC D B A P360,"Professional, Scientific, and Technical Services",EDISON,NJ,Continuation,1.0,0.0,1.0,1.0
2025,OPTUM CARE INC,"Professional, Scientific, and Technical Services",EDEN PRAIRIE,MN,Continuation,1.0,0.0,1.0,1.0
2025,OTC MARKETS GROUP INC,Finance and Insurance,NEW YORK,NY,New Employment,1.0,0.0,1.0,1.0
2025,OVERHEAD DOOR CORPORATION,33 - Manufacturing,LEWISVILLE,TX,Continuation,16.0,0.0,16.0,1.0
2025,PACIFICSOURCE,Finance and Insurance,SPRINGFIELD,OR,Continuation,1.0,0.0,1.0,1.0
2025,PAGSTEK SOLUTIONS LLC,"Professional, Scientific, and Technical Services",ATLANTA,GA,New Employment,2.0,0.0,2.0,1.0
2025,PANHA SOLUTIONS INC,"Professional, Scientific, and Technical Services",ALBANY,NY,Amended,4.0,0.0,4.0,1.0
2025,PANHA SOLUTIONS INC,"Professional, Scientific, and Technical Services",ALBANY,NY,New Employment,4.0,1.0,5.0,0.8
2025,PARAM TECHNOLOGIES INC,"Professional, Scientific, and Technical Services",MINNEAPOLIS,MN,Amended,7.0,0.0,7.0,1.0
2025,"PARTNERTAP, INC","Professional, Scientific, and Technical Services",SEATTLE,WA,New Employment,1.0,0.0,1.0,1.0
2025,PASCO-PINELLAS HILLSBOROUGH COMMUNITY HEALTH SYSTEM INC D B A ADVENTH,Health Care and Social Assistance,ALTAMONTE SPRINGS,FL,Continuation,1.0,0.0,1.0,1.0
2025,PATEL HEALTHCARE LLC,Health Care and Social Assistance,COLONIA,NJ,Continuation,1.0,0.0,1.0,1.0
2025,PATIENTPOINT NETWORK SOLUTIONS LLC,"Professional, Scientific, and Technical Services",CHICAGO,IL,Change of Employer,1.0,0.0,1.0,1.0
2025,PEGASUS CAPITAL ADVISORS L P,Finance and Insurance,STAMFORD,CT,New Employment,1.0,0.0,1.0,1.0
2025,PEGASUS TECH VENTURES INC,Finance and Insurance,SAN JOSE,CA,Change of Employer,1.0,0.0,1.0,1.0
2025,PENTAGON FEDERAL CREDIT UNION,Finance and Insurance,MCLEAN,VA,Amended,1.0,0.0,1.0,1.0
2025,PERSPECTUS AI INC DBA OCTANE,Information,SAN FRANCISCO,CA,Change of Employer,1.0,0.0,1.0,1.0
2025,PINNPACK CAPITAL HOLDINGS LLC,33 - Manufacturing,OXNARD,CA,Change with Same Employer,1.0,0.0,1.0,1.0
2025,PIPER SANDLER & CO.,Finance and Insurance,MINNEAPOLIS,MN,Change with Same Employer,1.0,0.0,1.0,1.0
2025,POPLI ARCHITECTURE ENGINEERING AND LS DPC DBA POPLI DESIGN GROUP,"Professional, Scientific, and Technical Services",PENFIELD,NY,Amended,1.0,0.0,1.0,1.0
2025,POWERLATTICE TECHNOLOGIES INC.,33 - Manufacturing,CAMAS,WA,New Employment,1.0,0.0,1.0,1.0
2025,PPG INDUSTRIES INC,33 - Manufacturing,PITTSBURGH,PA,Amended,3.0,0.0,3.0,1.0
2025,PRECISION NEUROSCIENCE CORPORATION,"Professional, Scientific, and Technical Services",NEW YORK,NY,New Employment,1.0,0.0,1.0,1.0
2025,PREFERRED THERAPY SOLUTIONS,Health Care and Social Assistance,WETHERSFIELD,CT,Change of Employer,1.0,0.0,1.0,1.0
2025,PRIME HEALTHCARE SERVICES - MESQUITE LLC,Health Care and Social Assistance,ONTARIO,CA,Continuation,1.0,0.0,1.0,1.0
2025,"PROCOPIO, CORY, HARGREAVES & SAVITCH, LLP",Construction,SAN DIEGO,CA,Change of Employer,1.0,0.0,1.0,1.0
2025,PROEX PHYSICAL THERAPY LLC,Health Care and Social Assistance,STRATHAM,NH,New Employment,2.0,0.0,2.0,1.0
2025,PROPEL SOLUTIONS INC,"Professional, Scientific, and Technical Services",SUGAR LAND,TX,New Employment,5.0,0.0,5.0,1.0
2025,PROPHARMA GROUP HOLDINGS LLC,"Professional, Scientific, and Technical Services",RALEIGH,NC,Change with Same Employer,1.0,0.0,1.0,1.0
2025,PUBLIC HEALTH TRUST OF DADE COUNTY,Health Care and Social Assistance,MIAMI,FL,Continuation,1.0,0.0,1.0,1.0
2025,"PVR TECHNOLOGIES, INC.","Professional, Scientific, and Technical Services",KNG OF PRUSSA,PA,Change with Same Employer,3.0,0.0,3.0,1.0
2025,PWC US CONSULTING LLP,"Professional, Scientific, and Technical Services",TAMPA,FL,Change of Employer,14.0,0.0,14.0,1.0
2025,"QUADIENT, INC",Real Estate and Rental and Leasing,MILFORD,CT,Continuation,1.0,0.0,1.0,1.0
2025,"QUANTA TECHNOLOGY, LLC","Professional, Scientific, and Technical Services",RALEIGH,NC,Change with Same Employer,2.0,0.0,2.0,1.0
2025,QUESTA INDEPENDENT SCHOOL DISTRICT,Educational Services,QUESTA,NM,New Employment,2.0,0.0,2.0,1.0
2025,R AND D DYNAMICS CORPORATION,33 - Manufacturing,BLOOMFIELD,CT,New Employment,1.0,0.0,1.0,1.0
2025,RAILINC CORP,Information,CARY,NC,Change of Employer,2.0,0.0,2.0,1.0
2025,RAPIDIT INC,"Professional, Scientific, and Technical Services",ALPHARETA,GA,Continuation,1.0,0.0,1.0,1.0
2025,RCCG KING'S COURT PARISH,Other Services (except Public Administration),FAIRFIELD,OH,New Employment,1.0,0.0,1.0,1.0
2025,REACTION CO.,Construction,BARRIGADA,GU,New Employment,1.0,0.0,1.0,1.0
2025,REALCHAR INC,"Professional, Scientific, and Technical Services",SAN JOSE,CA,New Employment,1.0,0.0,1.0,1.0
2025,REAPS PHARMA LLC,33 - Manufacturing,CHINO,CA,New Employment,1.0,0.0,1.0,1.0
2025,"RED BARN GROUP, INC.","Professional, Scientific, and Technical Services",SEATTLE,WA,Continuation,1.0,0.0,1.0,1.0
2025,"RELEVANTZ TECHNOLOGY SERVICES, INC.","Professional, Scientific, and Technical Services",ALPHARETTA,GA,New Employment,1.0,0.0,1.0,1.0
2025,RENAISSANCE SURGERY GROUP,Health Care and Social Assistance,EDINBURG,TX,Continuation,1.0,0.0,1.0,1.0
2025,REPUTATION COM INC,"Professional, Scientific, and Technical Services",SAN RAMON,CA,Change with Same Employer,1.0,0.0,1.0,1.0
2025,RESOLUTION LIFE SERVICES US INC,Finance and Insurance,WEST CHESTER,PA,Continuation,2.0,0.0,2.0,1.0
2025,RIA ADVISORY LLC,"Professional, Scientific, and Technical Services",CORAL GABLES,FL,Amended,1.0,0.0,1.0,1.0
2025,RIMES TECHNOLOGIES CORPORATION,Information,NEW YORK,NY,Change of Employer,1.0,0.0,1.0,1.0
2025,RISK MANAGEMENT SOLUTIONS INC,"Professional, Scientific, and Technical Services",NEWARK,NY,Amended,1.0,0.0,1.0,1.0
2025,RIVULIS IRRIGATION INC,33 - Manufacturing,FRESNO,CA,Change with Same Employer,1.0,0.0,1.0,1.0
2025,ROBERTSON DENTAL,Health Care and Social Assistance,SILVER SPRING,MD,New Employment,0.0,1.0,1.0,0.0
2025,ROCKSTAR AUTOMATIONS LTD,"Professional, Scientific, and Technical Services",NEWARK,DE,Change of Employer,1.0,0.0,1.0,1.0
2025,ROCKWELL ARCHITECTURE PLANNING AND DESIGN P C,"Professional, Scientific, and Technical Services",NEW YORK,NY,Change of Employer,5.0,0.0,5.0,1.0
2025,S AND Z NORTH AMERICA INC,"Professional, Scientific, and Technical Services",NEW YORK,NY,Continuation,1.0,0.0,1.0,1.0
2025,S S WHITE TECHNOLOGIES INC,33 - Manufacturing,ST PETERSBURG,FL,Continuation,1.0,0.0,1.0,1.0
2025,SABRE GLBL INC,"Professional, Scientific, and Technical Services",SOUTHLAKE,TX,Amended,7.0,0.0,7.0,1.0
2025,SAFE SUPERINTELLIGENCE INC.,Information,PALO ALTO,CA,Change of Employer,1.0,0.0,1.0,1.0
2025,SAINSTORE INC.,45 - Retail Trade,LAS VEGAS,NV,Continuation,1.0,0.0,1.0,1.0
2025,SAINT FRANCIS HEALTH SYSTEM,Health Care and Social Assistance,TULSA,OK,Amended,2.0,0.0,2.0,1.0
2025,SAINT-GOBAIN PERFORMANCE PLASTICS CORPORATION,33 - Manufacturing,SOLON,OH,Amended,3.0,0.0,3.0,1.0
2025,SAMBANOVA SYSTEMS INC,"Professional, Scientific, and Technical Services",PALO ALTO,CA,New Employment,8.0,0.0,8.0,1.0
2025,SANTANDER BANK N A,Finance and Insurance,BOSTON,MA,Amended,2.0,0.0,2.0,1.0
2025,SAS FOODS LLC,Wholesale Trade,CLEVELAND ,OH,New Employment,0.0,1.0,1.0,0.0
2025,SCHEIDT AND BACHMANN USA INC,33 - Manufacturing,LOWELL,MA,Change with Same Employer,2.0,0.0,2.0,1.0
2025,SCHLUMBERGER TECHNOLOGY CORPORATION,"Mining, Quarrying, and Oil and Gas Extraction",KATY,TX,Continuation,12.0,0.0,12.0,1.0
2025,SCHRODER INVESTMENT MANAGEMENT NORTH AMERICA INC,Finance and Insurance,NEW YORK,NY,Continuation,1.0,0.0,1.0,1.0
2025,SDVS TECHNOLOGIES LLC,"Professional, Scientific, and Technical Services",FLOWER MOUND,TX,Change of Employer,7.0,0.0,7.0,1.0
2025,SEARCE INC.,"Professional, Scientific, and Technical Services",HOUSTON,TX,Continuation,1.0,0.0,1.0,1.0
2025,SEED LAB US INC,"Professional, Scientific, and Technical Services",WILMINGTON,DE,New Employment,1.0,0.0,1.0,1.0
2025,SEMLER SCIENTIFIC INC,33 - Manufacturing,SANTA CLARA,CA,Change with Same Employer,1.0,0.0,1.0,1.0
2025,SESCO PJM STRATEGY LLC,Finance and Insurance,MONROEVILLE,PA,Amended,1.0,0.0,1.0,1.0
2025,"SHOOK, HARDY, & BACON LLP","Professional, Scientific, and Technical Services",KANSAS CITY,MO,New Employment,1.0,0.0,1.0,1.0
2025,"SHRI BALAGANAPATI, LLC",Accommodation and Food Services,MERRILLVILLE,IN,Change of Employer,1.0,0.0,1.0,1.0
2025,SIDNEY HEALTH CENTER,Health Care and Social Assistance,SIDNEY,MT,Change of Employer,1.0,0.0,1.0,1.0
2025,SIEGFRIEDS BASEMENT LLC,"Arts, Entertainment, and Recreation",SECAUCUS,NJ,New Employment,1.0,0.0,1.0,1.0
2025,SIGMA SOFTWARE LLC,"Professional, Scientific, and Technical Services",DALLAS,TX,Amended,3.0,1.0,4.0,0.75
2025,SIGNITIVES TECHNOLOGIES LLC,"Professional, Scientific, and Technical Services",IRVING,TX,New Employment,15.0,0.0,15.0,1.0
2025,SIX CONTINENTS HOTELS INC INTERCON,Accommodation and Food Services,ATLANTA,GA,New Employment,0.0,1.0,1.0,0.0
2025,SKULICITY LLC,Information,NORTH AUGUSTA,GA,Change of Employer,1.0,0.0,1.0,1.0
2025,SKY SOLUTIONS LLC,"Professional, Scientific, and Technical Services",HERNDON,VA,New Employment,1.0,0.0,1.0,1.0
2025,SKY TECHNOLOGIES LLC,"Professional, Scientific, and Technical Services",ALEXANDRIA,VA,Amended,5.0,0.0,5.0,1.0
2025,SMART CONSTRUCTION AND MANAGEMENT INC,Construction,NAPLES,FL,Continuation,1.0,0.0,1.0,1.0
2025,SOFTNICE INC,"Professional, Scientific, and Technical Services",ALLENTOWN,PA,New Employment,2.0,0.0,2.0,1.0
2025,SOFTOVA INC,"Professional, Scientific, and Technical Services",PISCATAWAY,NJ,Change of Employer,1.0,0.0,1.0,1.0
2025,SOFTPATH SYSTEMS INC,"Professional, Scientific, and Technical Services",NEW YORK,NY,Change of Employer,1.0,0.0,1.0,1.0
2025,SOLTEC TRACKERS INC,Utilities,MIAMI,FL,Continuation,1.0,0.0,1.0,1.0
2025,SOLUTIONS RESOURCE LLC,"Professional, Scientific, and Technical Services",BELLEVUE,WA,Continuation,2.0,0.0,2.0,1.0
2025,SORTINS TECHNOLOGIES INC,"Professional, Scientific, and Technical Services",MALVERN,PA,Change of Employer,1.0,0.0,1.0,1.0
2025,SOUTHWEST MISSISSIPPI REGIONAL MEDICAL CENTER,Health Care and Social Assistance,MCCOMB,MS,New Employment,1.0,0.0,1.0,1.0
2025,SOVOS COMPLIANCE LLC,Information,WILMINGTON,MA,Change of Employer,1.0,0.0,1.0,1.0
2025,SPINO INC,"Professional, Scientific, and Technical Services",MONMOUTH JCT,NJ,Change of Employer,2.0,0.0,2.0,1.0
2025,SPIRE INC,Utilities,ST LOUIS,MO,Change with Same Employer,1.0,0.0,1.0,1.0
2025,SRI AI SOLUTIONS INC,"Professional, Scientific, and Technical Services",NAPERVILLE,IL,Amended,1.0,0.0,1.0,1.0
2025,ST JOSEPHS HEALTH SERVICES INC,Health Care and Social Assistance,HILLSBORO,WI,New Employment,1.0,0.0,1.0,1.0
2025,STATE STREET BANK AND TRUST COMPANY,Finance and Insurance,QUINCY,MA,Amended,3.0,0.0,3.0,1.0
2025,STATE UNIVERSITY OF NEW YORK AT BUFFALO,Educational Services,FREDONIA,NY,Continuation,2.0,0.0,2.0,1.0
2025,STELLAR ELEMENTS LLC,Information,ST LOUIS,MO,Amended,1.0,0.0,1.0,1.0
2025,STEPFUL INC,Educational Services,NEW YORK,NY,New Concurrent,1.0,0.0,1.0,1.0
2025,STEWARD HEALTH CARE SYSTEM LLC,Health Care and Social Assistance,WESTWOOD,MA,Continuation,1.0,0.0,1.0,1.0
2025,STONEGATE TECHNOLOGIES LLC,"Professional, Scientific, and Technical Services",FREEHOLD,NJ,Change of Employer,3.0,0.0,3.0,1.0
2025,STRATEGIC HEALTHCARE PROGRAMS LLC,"Professional, Scientific, and Technical Services",SANTA BARBARA,CA,Change of Employer,1.0,0.0,1.0,1.0
2025,STUDENTSLANDING INC.,Real Estate and Rental and Leasing,WOBURN,MA,New Employment,1.0,0.0,1.0,1.0
2025,SULZER TURBO SERVICES HOUSTON INC,33 - Manufacturing,LA PORTE,TX,Continuation,1.0,0.0,1.0,1.0
2025,SUMTER COUNTY SCHOOL SYSTEM,Educational Services,AMERICUS,GA,Continuation,1.0,0.0,1.0,1.0
2025,SUNBELT RENTALS INC,Real Estate and Rental and Leasing,FORT MILL,SC,New Employment,1.0,0.0,1.0,1.0
2025,SUNRAY IT INC,"Professional, Scientific, and Technical Services",PLAINSBORO,NJ,New Employment,1.0,0.0,1.0,1.0
2025,"SUTRO BIOPHARMA, INC.","Professional, Scientific, and Technical Services",SOUTH SAN FRANCISCO,CA,New Employment,1.0,0.0,1.0,1.0
2025,SWIFT TECHNOLOGIES INC,"Professional, Scientific, and Technical Services",HERNDON,VA,New Employment,1.0,0.0,1.0,1.0
2025,SYNTHETIXAI INC,"Professional, Scientific, and Technical Services",MONTCLAIR,NJ,New Employment,1.0,0.0,1.0,1.0
2025,"SYSTEM SOFT TECHNOLOGIES, LLC","Professional, Scientific, and Technical Services",TAMPA,FL,New Concurrent,1.0,0.0,1.0,1.0
2025,SYSTOMA CONSULTING LLC,"Professional, Scientific, and Technical Services",FRISCO,TX,New Concurrent,2.0,0.0,2.0,1.0
2025,TAITCONSULTINGGROUP LLC,"Professional, Scientific, and Technical Services",PLANO,TX,Amended,2.0,0.0,2.0,1.0
2025,TECH ORIGIN INC,"Professional, Scientific, and Technical Services",STOCKTON,CA,New Employment,2.0,0.0,2.0,1.0
2025,TECHLIGENT SYSTEMS INC,"Professional, Scientific, and Technical Services",VIENNA,VA,New Employment,1.0,0.0,1.0,1.0
2025,TEKCOMBINE INC,"Professional, Scientific, and Technical Services",IRVING,TX,Amended,1.0,0.0,1.0,1.0
2025,TEKNATIO INC,"Professional, Scientific, and Technical Services",PLAINSBORO,NJ,Continuation,5.0,0.0,5.0,1.0
2025,TEKNITI LLC,"Professional, Scientific, and Technical Services",ALPHARETTA,GA,New Employment,1.0,0.0,1.0,1.0
2025,TEKPLANT INC,"Professional, Scientific, and Technical Services",PRINCETON,NJ,Amended,1.0,0.0,1.0,1.0
2025,"TEKSHAPERS, INC.","Professional, Scientific, and Technical Services",TROY,MI,Amended,3.0,0.0,3.0,1.0
2025,TEKSOLVE IT SOLUTIONS LLC,"Professional, Scientific, and Technical Services",CHARLOTTE,NC,Amended,1.0,0.0,1.0,1.0
2025,TEKSYNTAX INC,"Professional, Scientific, and Technical Services",RESTON,VA,New Employment,1.0,0.0,1.0,1.0
2025,TEKXEL LLC,33 - Manufacturing,TEMPE,AZ,New Employment,1.0,0.0,1.0,1.0
2025,TEMENOS USA INC,"Professional, Scientific, and Technical Services",MALVERN,PA,Continuation,3.0,0.0,3.0,1.0
2025,TERAWE CORPORATION,"Professional, Scientific, and Technical Services",BELLEVUE,WA,Change of Employer,1.0,0.0,1.0,1.0
2025,THE ALLEN INSTITUTE FOR ARTIFICIAL INTELLIGENCE,"Professional, Scientific, and Technical Services",SEATTLE,WA,Change of Employer,1.0,0.0,1.0,1.0
2025,THE BALDWIN GROUP COLLEAGUE INC,"Professional, Scientific, and Technical Services",TAMPA,FL,Amended,1.0,0.0,1.0,1.0
2025,THE BLEEDING FINGERS CUSTOM MUSIC SHOP LLC,Information,SANTA MONICA,CA,Continuation,1.0,0.0,1.0,1.0
2025,THE CAPITAL MARKETS COMPANY,"Professional, Scientific, and Technical Services",NEW YORK,NY,New Employment,3.0,0.0,3.0,1.0
2025,THE CHEMOURS COMPANY FC LLC,33 - Manufacturing,WILMINGTON,DE,Continuation,2.0,0.0,2.0,1.0
2025,"THE CHOICE GROUP, INC.",Health Care and Social Assistance,RICHMOND,VA,Continuation,1.0,0.0,1.0,1.0
2025,THE CLOROX COMPANY,33 - Manufacturing,OAKLAND,CA,Amended,2.0,0.0,2.0,1.0
2025,THE DEPOSITORY TRUST AND CLEARING CORPORATION,Finance and Insurance,JERSEY CITY,NJ,Amended,3.0,0.0,3.0,1.0
2025,THE METHODIST HOSPITAL,Health Care and Social Assistance,HOUSTON,TX,New Employment,8.0,0.0,8.0,1.0
2025,THE RUTLAND HOSPITAL INC D B A RUT,Health Care and Social Assistance,RUTLAND,VT,New Employment,1.0,0.0,1.0,1.0
2025,THE UNIVERSITY OF CHICAGO,Educational Services,CHICAGO,IL,Amended,9.0,0.0,9.0,1.0
2025,THOMAS JEFFERSON UNIVERSITY HOSPIT,Health Care and Social Assistance,PHILADELPHIA,PA,New Employment,1.0,0.0,1.0,1.0
2025,THUMBTACK INC,"Professional, Scientific, and Technical Services",SAN FRANCISCO,CA,Amended,5.0,0.0,5.0,1.0
2025,TIKEHAU CAPITAL NORTH AMERICA LLC,Finance and Insurance,NEW YORK,NY,Continuation,1.0,0.0,1.0,1.0
2025,TILLOTSON DESIGN ASSOCIATES INC.,"Professional, Scientific, and Technical Services",NEW YORK,NY,Change of Employer,1.0,0.0,1.0,1.0
2025,TIMPERPARK CONSTRUCTION INC.,Construction,ARLINGTON,TX,Change of Employer,1.0,0.0,1.0,1.0
2025,"TIS INTERNATIONAL USA, INC. DBA INFINX HEALTHCARE","Professional, Scientific, and Technical Services",CUPERTINO,CA,New Employment,2.0,0.0,2.0,1.0
2025,TMG HEALTH INC,"Professional, Scientific, and Technical Services",COLLEGE STATION,TX,Continuation,1.0,0.0,1.0,1.0
2025,TOORS UNITED LTD DBA STONELAKE ANIMAL HOSPITAL,"Professional, Scientific, and Technical Services",ELK GROVE,CA,New Concurrent,1.0,0.0,1.0,1.0
2025,TOTAL QUALITY LOGISTICS LLC,49 - Transportation and Warehousing,CINCINNATI,OH,Change of Employer,3.0,0.0,3.0,1.0
2025,TOTAL SYSTEM SERVICES LLC,Finance and Insurance,COLUMBUS,GA,New Employment,9.0,0.0,9.0,1.0
2025,TRADE COLLECTIVE LLC DBA PALM CLUB LOGISTICS,Construction,JUPITER,FL,Change of Employer,1.0,0.0,1.0,1.0
2025,TRI-STATE LIGHT AND ENERGY INC,"Professional, Scientific, and Technical Services",NEW BRUNSWICK,NJ,Change of Employer,1.0,0.0,1.0,1.0
2025,TRISYNC TECHNOLOGIES INC,"Professional, Scientific, and Technical Services",SOUTH PLAINFIELD,NJ,Continuation,4.0,0.0,4.0,1.0
2025,TRUAMERICA MULTIFAMILY LLC,Real Estate and Rental and Leasing,LOS ANGELES,CA,New Employment,1.0,0.0,1.0,1.0
2025,TRUMPF PHOTONICS INC,33 - Manufacturing,CRANBURY,NJ,Continuation,1.0,0.0,1.0,1.0
2025,TRUSTMARK BANK NA,Finance and Insurance,JACKSON,MS,Continuation,1.0,0.0,1.0,1.0
2025,TUSCULUM UNIVERSITY,Educational Services,GREENEVILLE,TN,New Employment,1.0,0.0,1.0,1.0
2025,TVE INC.,"Professional, Scientific, and Technical Services",SAN FRANCISCO,CA,New Employment,1.0,0.0,1.0,1.0
2025,UFP TECHNOLOGIES INC,33 - Manufacturing,NEWBURYPORT,MA,New Employment,1.0,0.0,1.0,1.0
2025,ULTA INC,45 - Retail Trade,BOLINGBROOK,IL,Amended,12.0,0.0,12.0,1.0
2025,UMASS MEMORIAL MEDICAL CENTER INC,Health Care and Social Assistance,WORCESTER,MA,Change with Same Employer,2.0,0.0,2.0,1.0
2025,UNI-MARBLE & GRANITE INC,45 - Retail Trade,SAN JOSE,CA,Change of Employer,1.0,0.0,1.0,1.0
2025,UNIVERSITY OF HOUSTON,Educational Services,HOUSTON,TX,Change of Employer,13.0,0.0,13.0,1.0
2025,UNIVERSITY OF KANSAS MEDICAL CENTER,Educational Services,KANSAS CITY,KS,Change with Same Employer,3.0,0.0,3.0,1.0
2025,UNIVERSITY OF OKLAHOMA,Educational Services,NORMAN,OK,Continuation,31.0,3.0,34.0,0.9117647058823528
2025,UNIVERSITY OF UTAH,Educational Services,SALT LAKE CITY,UT,New Concurrent,1.0,0.0,1.0,1.0
2025,UT REGIONAL ONE PHYSICIANS INC,Health Care and Social Assistance,MEMPHIS,TN,New Employment,1.0,0.0,1.0,1.0
2025,VENSOFT INC,"Professional, Scientific, and Technical Services",GLENDALE,AZ,Change of Employer,2.0,0.0,2.0,1.0
2025,VERITIV OPERATING COMPANY,Wholesale Trade,ATLANTA,GA,Change of Employer,1.0,0.0,1.0,1.0
2025,VERIZON DATA SERVICES LLC,Information,BASKING RIDGE,TX,Continuation,3.0,0.0,3.0,1.0
2025,VEROTECH SOLUTIONS LLC,"Professional, Scientific, and Technical Services",TAMARAC,FL,Continuation,3.0,0.0,3.0,1.0
2025,VERSO AI LLC,45 - Retail Trade,LEHI,UT,Change of Employer,1.0,0.0,1.0,1.0
2025,VERTEX PHARMACEUTICALS INCORPORATED,"Professional, Scientific, and Technical Services",BOSTON,MA,New Employment,14.0,1.0,15.0,0.9333333333333332
2025,VIASAT INC,33 - Manufacturing,CARLSBAD,CA,Amended,1.0,0.0,1.0,1.0
2025,VICTORY LIVE INC,"Professional, Scientific, and Technical Services",ATLANTA,GA,Change with Same Employer,1.0,0.0,1.0,1.0
2025,VIRAJ CONSULTING INC,"Professional, Scientific, and Technical Services",MONTVILLE,NJ,Continuation,1.0,0.0,1.0,1.0
2025,VIVARAN IT SOLUTIONS INC,"Professional, Scientific, and Technical Services",FLEMINGTON,NJ,Change with Same Employer,1.0,0.0,1.0,1.0
2025,"VIVIAN HEALTH, INC.",Administrative and Support and Waste Management and Remediation Services,NEW YORK,NY,Amended,2.0,0.0,2.0,1.0
2025,VOLTAS CONSULTING INC,"Professional, Scientific, and Technical Services",AUSTIN,TX,New Employment,2.0,0.0,2.0,1.0
2025,VOYA RETIREMENT INSURANCE AND ANNUITY COMPANY,Finance and Insurance,WINDSOR,CT,Change of Employer,3.0,0.0,3.0,1.0
2025,VSLN INTERNATIONAL INC,"Professional, Scientific, and Technical Services",JERSEY CITY,NJ,Continuation,3.0,0.0,3.0,1.0
2025,VT SAN ANTONIO AEROSPACE INC,"Professional, Scientific, and Technical Services",SAN ANTONIO,TX,Continuation,0.0,1.0,1.0,0.0
2025,VUEGEN TECHNOLOGIES INC,"Professional, Scientific, and Technical Services",HOFFMAN ESTATES,IL,Change of Employer,1.0,0.0,1.0,1.0
2025,VWR INTERNATIONAL LLC,Wholesale Trade,RADNOR,PA,Continuation,3.0,0.0,3.0,1.0
2025,WAWA INC,45 - Retail Trade,MEDIA,PA,Continuation,1.0,0.0,1.0,1.0
2025,WAYFARER PATHWAYS,"Professional, Scientific, and Technical Services",HIGHLAND PARK,IL,New Employment,1.0,0.0,1.0,1.0
2025,WEBSCALE NETWORKS INC,Information,NEWARK,CA,Continuation,1.0,0.0,1.0,1.0
2025,WESTMINSTER THEOLOGICAL SEMINARY,Educational Services,GLENSIDE,PA,Change with Same Employer,1.0,0.0,1.0,1.0
2025,WILDCARD PROPERTIES LLC,Information,BELLEVUE,WA,Continuation,2.0,0.0,2.0,1.0
2025,WILLIS TOWERS WATSON US LLC,"Professional, Scientific, and Technical Services",NEW YORK,NY,Amended,7.0,0.0,7.0,1.0
2025,WINAR CONNECTION INC,33 - Manufacturing,RICHFIELD,OH,New Employment,1.0,0.0,1.0,1.0
2025,WIND VENTURES INC,Finance and Insurance,SAN FRANCISCO,CA,Change with Same Employer,1.0,0.0,1.0,1.0
2025,WITS AMERICA CORP,"Professional, Scientific, and Technical Services",IRVINE,CA,Change of Employer,1.0,0.0,1.0,1.0
2025,WIZARD TECH SOLUTIONS INC,"Professional, Scientific, and Technical Services",PISCATAWAY,NJ,Continuation,2.0,0.0,2.0,1.0
2025,WOOT COM LLC,45 - Retail Trade,ARLINGTON,VA,Change of Employer,1.0,0.0,1.0,1.0
2025,WORLD BOOK INC,Information,CHICAGO,IL,Amended,0.0,1.0,1.0,0.0
2025,XACTWARE SOLUTIONS INC D B A XACTWARE,Information,LEHI,UT,New Employment,1.0,0.0,1.0,1.0
2025,YIELDMO INC,Information,NEW YORK,NY,Change of Employer,1.0,0.0,1.0,1.0
2025,YOUTH VISION SOLUTIONS DBA COVENANT SCHOOLS DETROIT,Educational Services,DETROIT,MI,New Employment,4.0,0.0,4.0,1.0
2025,ZAG BIO INC,"Professional, Scientific, and Technical Services",CAMBRIDGE,MA,Continuation,1.0,0.0,1.0,1.0
2025,ZAYO GROUP LLC,Information,DENVER,CO,Change of Employer,1.0,0.0,1.0,1.0
2025,ZEOMEGA INC,"Professional, Scientific, and Technical Services",PLANO,TX,Change with Same Employer,4.0,0.0,4.0,1.0
2025,ZOETIS INC,33 - Manufacturing,PARSIPPANY,NJ,Change with Same Employer,1.0,0.0,1.0,1.0
2025,ZOOMINFO TECHNOLOGIES LLC DBA ZOOMINFO,Information,VANCOUVER,WA,Change with Same Employer,4.0,0.0,4.0,1.0
